type,id,addr:city,addr:housenumber,addr:postcode,addr:street,check_date,email,name,opening_hours,operator,phone,service:bicycle:ebike,service:bicycle:parts,service:bicycle:repair,shop,website,id_prop,created_by,service:bicycle:retail,service:bicycle:second_hand,addr:country,service:bicycle:bike,service:bicycle:cleaning,service:bicycle:clothing,service:bicycle:dealer,service:bicycle:mtb,service:bicycle:service,service:bicycle:tools,image,payment:credit_cards,payment:debit_cards,service:bicycle:pump,wheelchair,amenity,check_date:opening_hours,contact:email,fax,level,service:bicycle:rental,addr:housename,addr:housenumber:old,addr:street:old,designation,source,addr:place,service:bicycle:diy,contact:fax,contact:phone,addr:floor,payment:cash,check_date:currency:XBT,currency:XBT,description,payment:lightning,payment:lightning_contactless,payment:onchain,service:bicycle:Bicycle_Sales_and_Service,service:bicycle:bicycle,service:bicycle:chain_tool,service:bicycle:sales,contact:website,check_date:service:bicycle:retail,addr:suburb,commons,repair,atm,vending,vending_machine,payment:mastercard,alt_name,brand,brand:wikidata,brand:wikipedia,note,payment:american_express,payment:diners_club,payment:ep_geldkarte,payment:jcb,payment:maestro,payment:unionpay,payment:visa,bicycle,information,map_size,map_type,mtb,tourism,entrance,ele,at_bev:addr_date,mobile,start_date,compressed_air,contact:facebook,contact:instagram,contact:mobile,contact:name,payment:contactless,phone:mobile,check_date:service:bicycle:pump,service,payment:cards,payment:coins,payment:notes,identity,provides,source:date,toilets:wheelchair,fixme,service:bicycle:sportswear,advertising,cafe,old_name,poster,barrier,nobrand,payment:app,payment:apple_pay,addr:unit,payment:account_cards,opening_hours:signed,step_count,addr:door,payment:v_pay,service:bicycle:bicycle_sales_and_service,UID,opening_hours:url,service:bicycle:cargobike,not:brand:wikidata,ref:vatin,internet_access,second_hand,parts,official_name,service:bicycle:rental:electric_mtb,service:bicycle:rental:mtb,service:bicycle:rims,service:bicycle:wheels,service:bicycle:emtb,service:bicycle:screwdriver,currency:EUR,payment:girocard,payment:visa_debit,service:bicycle:chaintool,service:bicycle:service_case,service:bicycle:stand,service:bicycle:suspension,service:bicycle:suspension_service,service:bicycle:wash,stroller,operator:wikidata,service:bicycle:charging,bicycle:rental,alt_name:de,payment:credit_card,trade,bicycle:type,addr:hamlet,url,building:levels,addr:flats,air_conditioning,service:bicycle:spare_parts,toilets,rental,internet_access:fee,fee,contact:whatsapp,internet,payment:paypal,service:bicycle:tuning,sport,branch,check_date:service:bicycle:repair,toilets:access,toilets:fee,toilets:gender_segregated,access,opening_date,service:bicycle:accessories,instagram,capacity,operator:type,bicycle_rental,payment:qr_code,changing_table,dog,handwashing:soap,toilets:handwashing,toilets:paper_supplied,toilets:position,geometry
Feature,node/260990966,Wien,206,1140,Hütteldorfer Straße,2025-12-06,office@moodybiketech.at,Moody Bike Tech,"Mo-Fr 07:00-22:00; Sa, Su 07:00-18:00",Kian Aprin,+43 660 6850224,yes,yes,yes,bicycle,https://www.moodybiketech.at/,node/260990966,,,,,,,,,,,,,,,,,,,,,,,,,,,,,,,,,,,,,,,,,,,,,,,,,,,,,,,,,,,,,,,,,,,,,,,,,,,,,,,,,,,,,,,,,,,,,,,,,,,,,,,,,,,,,,,,,,,,,,,,,,,,,,,,,,,,,,,,,,,,,,,,,,,,,,,,,,,,,,,,,,,,,,,,,,,,,,,"{""type"":""Point"",""coordinates"":[16.2821148,48.1975489]}"
Feature,node/262695104,,,,,,werschitz@sport2000.at,Werschitz,,,+43 7562 5323,,,yes,bicycle,https://sport2000.at/de/sport-werschitz/ve-158,node/262695104,Potlatch 0.8c,yes,yes,,,,,,,,,,,,,,,,,,,,,,,,,,,,,,,,,,,,,,,,,,,,,,,,,,,,,,,,,,,,,,,,,,,,,,,,,,,,,,,,,,,,,,,,,,,,,,,,,,,,,,,,,,,,,,,,,,,,,,,,,,,,,,,,,,,,,,,,,,,,,,,,,,,,,,,,,,,,,,,,,,,,,,,,,,,,"{""type"":""Point"",""coordinates"":[14.3303493,47.7203648]}"
Feature,node/279141475,Krems an der Donau,103,3500,Steiner Landstraße,,info@rundumsrad.at,Rund um's Rad,Mo-Fr 09:00-18:00; Sa 09:00-12:00; PH off,Andreas Geyer,+43 2732 71071,yes,yes,yes,bicycle,https://www.rundumsrad.at/,node/279141475,,yes,,AT,yes,yes,yes,yes,yes,yes,yes,,,,,,,,,,,,,,,,,,,,,,,,,,,,,,,,,,,,,,,,,,,,,,,,,,,,,,,,,,,,,,,,,,,,,,,,,,,,,,,,,,,,,,,,,,,,,,,,,,,,,,,,,,,,,,,,,,,,,,,,,,,,,,,,,,,,,,,,,,,,,,,,,,,,,,,,,,,,,,,,,,,,"{""type"":""Point"",""coordinates"":[15.577758,48.4004543]}"
Feature,node/288172339,Graz,130-132,8020,Alte Poststraße,,,Neubauer Zweirad,Mo-Fr 08:00-18:00; Sa 08:00-12:00,Roman und Roman Neubauer Zweirad Handels GmbH,+43316581300,,,yes,bicycle,https://www.neubauer-zweirad.at/,node/288172339,,yes,no,AT,,,,,,,,https://commons.wikimedia.org/wiki/File:ZEG.jpg,yes,yes,no,yes,,,,,,,,,,,,,,,,,,,,,,,,,,,,,,,,,,,,,,,,,,,,,,,,,,,,,,,,,,,,,,,,,,,,,,,,,,,,,,,,,,,,,,,,,,,,,,,,,,,,,,,,,,,,,,,,,,,,,,,,,,,,,,,,,,,,,,,,,,,,,,,,,,,,,,,,,,,,,,,"{""type"":""Point"",""coordinates"":[15.4084111,47.0718514]}"
Feature,node/290422098,Graz,57,8010,Rechbauerstraße,2025-08-06,,,"Mo-Fr 09:00-13:00,14:00-18:00",bicyle.at,+43 316 823026,,,yes,bicycle,https://bicycle.at/,node/290422098,,,yes,AT,,,,,,,,,,,yes,no,bicycle_rental,2025-08-06,rech@bicycle.at,+43 316 823099,0,yes,,,,,,,,,,,,,,,,,,,,,,,,,,,,,,,,,,,,,,,,,,,,,,,,,,,,,,,,,,,,,,,,,,,,,,,,,,,,,,,,,,,,,,,,,,,,,,,,,,,,,,,,,,,,,,,,,,,,,,,,,,,,,,,,,,,,,,,,,,,,,,,,,,,,,,,,,"{""type"":""Point"",""coordinates"":[15.4551828,47.0674114]}"
Feature,node/298896303,Aigen-Schlägl,2,4160,Krenbrücke,,,Rad und Nabe,,,,,,,bicycle,,node/298896303,,,,AT,,,,,,,,,,,,yes,,,,,,,,,,,,,,,,,,,,,,,,,,,,,,,,,,,,,,,,,,,,,,,,,,,,,,,,,,,,,,,,,,,,,,,,,,,,,,,,,,,,,,,,,,,,,,,,,,,,,,,,,,,,,,,,,,,,,,,,,,,,,,,,,,,,,,,,,,,,,,,,,,,,,,,,,,,,,,,"{""type"":""Point"",""coordinates"":[13.9694677,48.6287592]}"
Feature,node/317000036,,50,,Halleiner Landesstraße,,buero@bergspezl.at,Bergspezl Handels GmbH,Mo-Fr 09:00-18:00; Sa 09:00-13:00,,+436245730000,,,yes,bicycle,https://www.bergspezl.at/,node/317000036,,yes,yes,,,yes,,,,,,,,,,,,,,,,yes,Funbike Center,116,Halleiner Landesstraße,Berg- und Radsportcenter,eingetragen von Bergspezl,,,,,,,,,,,,,,,,,,,,,,,,,,,,,,,,,,,,,,,,,,,,,,,,,,,,,,,,,,,,,,,,,,,,,,,,,,,,,,,,,,,,,,,,,,,,,,,,,,,,,,,,,,,,,,,,,,,,,,,,,,,,,,,,,,,,,,,,,,,,,,,,,,,,"{""type"":""Point"",""coordinates"":[13.0925592,47.7120964]}"
Feature,node/317839933,Wien,145-150,1090,,,wien9@mountainbiker.at,Mountainbiker.at,Mo-Fr 10:00-18:30; Sa 09:00-16:30,,,,,yes,bicycle,https://www.mountainbiker.at/,node/317839933,,,,AT,,,,,,,,,,,yes,,,2024-12-07,,,,,,,,,,Stadtbahnbogen,,,,,,,,,,,,,,,,,,,,,,,,,,,,,,,,,,,,,,,,,,,,,,,,,,,,,,,,,,,,,,,,,,,,,,,,,,,,,,,,,,,,,,,,,,,,,,,,,,,,,,,,,,,,,,,,,,,,,,,,,,,,,,,,,,,,,,,,,,,,,,,,,,,"{""type"":""Point"",""coordinates"":[16.3502576,48.2289599]}"
Feature,node/331418764,,,,,,2rad@autohaus-malin.at,2 Rad Malin Sulz,"Mo 08:00-12:00, 13:00-18:00; Tu 08:00-12:00; We-Fr 08:00-12:00, 13:00-18:00; Sa 09:00-12:00",,+43 5522 4431741,,,yes,bicycle,https://www.autohaus-malin.at/2rad,node/331418764,,yes,,,,no,,,,,,,,,,,,,,,,no,,,,,,,no,,,,,,,,,,,,,,,,,,,,,,,,,,,,,,,,,,,,,,,,,,,,,,,,,,,,,,,,,,,,,,,,,,,,,,,,,,,,,,,,,,,,,,,,,,,,,,,,,,,,,,,,,,,,,,,,,,,,,,,,,,,,,,,,,,,,,,,,,,,,,,,,,,"{""type"":""Point"",""coordinates"":[9.6546647,47.2897044]}"
Feature,node/333697323,Wien,75,1200,Leystraße,2025-08-20,office@fahrradtrappl.at,Fahrrad Trappl,"Mar-Jun: Mo 14:00-18:00; Mar-Jun: Tu-Fr 08:00-12:00,14:00-18:00; Mar-Jun: Sa 08:00-12:00; Jul-Sep: Mo 14:00-18:00; Jul-Sep: Tu-Fr 08:00-12:00,14:00-18:00; Oct 01-Dec 15: Tu-Fr 08:00-12:00,14:00-18:00; Feb: Tu-Fr 08:00-12:00,14:00-18:00; PH off",Christian Trappl,+43 1 3300696,,,yes,bicycle,http://www.fahrradtrappl.at,node/333697323,,,yes,AT,,,,,,,,,,,no,yes,,,,,,,,,,,,,,,,,,,,,,,,,,,,,,,,,,,,,,,,,,,,,,,,,,,,,,,,,,,,,,,,,,,,,,,,,,,,,,,,,,,,,,,,,,,,,,,,,,,,,,,,,,,,,,,,,,,,,,,,,,,,,,,,,,,,,,,,,,,,,,,,,,,,,,,,,,,,,,,"{""type"":""Point"",""coordinates"":[16.3839507,48.237681]}"
Feature,node/344228490,Graz,34,8045,Am Andritzbach,,,Bikestore Graz Nord,Mo-Fr 09:55-18:35; Sa 08:25-12:05,Kratzer&Eisner OG,,,,,bicycle,https://www.bikestore.cc/info_pages.php/pages_id/36,node/344228490,,,,AT,,,,,,,,,,,,,,,graznord@bikestore.cc,,,,,,,,survey,,,+43 316 69 27 21,+43 316 69 25 81,,,,,,,,,,,,,,,,,,,,,,,,,,,,,,,,,,,,,,,,,,,,,,,,,,,,,,,,,,,,,,,,,,,,,,,,,,,,,,,,,,,,,,,,,,,,,,,,,,,,,,,,,,,,,,,,,,,,,,,,,,,,,,,,,,,,,,,,,,,,,,,,"{""type"":""Point"",""coordinates"":[15.4149109,47.104514]}"
Feature,node/378302209,Wien,20,1060,Stiegengasse,2025-12-08,,Ciclopia,"Mo,Tu,Th,Fr 10:00-13:00, 14:00-18:30; Sa 10:00-13:00; We,Su,PH off",,+43 1 5867633,,,yes,bicycle,http://ciclopia.at/,node/378302209,,,,AT,,,,,,,,,yes,yes,yes,limited,,,,,-2,,,,,,,,,,,-2,yes,,,,,,,,,,,,,,,,,,,,,,,,,,,,,,,,,,,,,,,,,,,,,,,,,,,,,,,,,,,,,,,,,,,,,,,,,,,,,,,,,,,,,,,,,,,,,,,,,,,,,,,,,,,,,,,,,,,,,,,,,,,,,,,,,,,,,,,,,,,,,,"{""type"":""Point"",""coordinates"":[16.356728,48.1989251]}"
Feature,node/384846867,Weiden am See,4,7121,Sportplatzgasse,,,Enzo´s Radverleih,Tu-Su 09:00-23:00; Mo off,,+43 2167 70260,,,yes,bicycle,http://www.enzosbistro.at/radverleih/,node/384846867,,yes,,,,,,,,,,,,,,,bicycle_rental,,,,,yes,,,,,,,,,,,,,,,,,,,,,,,,,,,,,,,,,,,,,,,,,,,,,,,,,,,,,,,,,,,,,,,,,,,,,,,,,,,,,,,,,,,,,,,,,,,,,,,,,,,,,,,,,,,,,,,,,,,,,,,,,,,,,,,,,,,,,,,,,,,,,,,,,,,,,,,,,"{""type"":""Point"",""coordinates"":[16.8630342,47.9258037]}"
Feature,node/385376070,Bad Hall,23a,4540,Steyrer Straße,,,Radlmacher,,,,,,,bicycle,,node/385376070,,,,AT,,,,,,,,,,,,,,,,,,,,,,,,,,,,,,,,,,,,,,,,,,,,,,,,,,,,,,,,,,,,,,,,,,,,,,,,,,,,,,,,,,,,,,,,,,,,,,,,,,,,,,,,,,,,,,,,,,,,,,,,,,,,,,,,,,,,,,,,,,,,,,,,,,,,,,,,,,,,,,,,,,,,,,,,,,,"{""type"":""Point"",""coordinates"":[14.2151778,48.031374]}"
Feature,node/414189927,Alpbach,701,6236,Alpbach,,verleih@rent-a-bike.at,RENT A BIKE,,,+43 50 73 73,,,,bicycle,https://www.rent-a-bike.at/filialen/rab-701-bikerei-alpbach,node/414189927,,,,,,,,,,,,,,,,,,,,,,yes,,,,,,,,,,,,,,,,,,,,,,,,,,,,,,,,,,,,,,,,,,,,,,,,,,,,,,,,,,,,,,,,,,,,,,,,,,,,,,,,,,,,,,,,,,,,,,,,,,,,,,,,,,,,,,,,,,,,,,,,,,,,,,,,,,,,,,,,,,,,,,,,,,,,,,,,,"{""type"":""Point"",""coordinates"":[11.9415837,47.399295]}"
Feature,node/419518864,,,,,,info@alpbike.at,Alpbike Klieber,"Mo-Fr 08:30-12:00,14:00-18:00; Sa 08:00-12:00",Klieber Andreas,+43 664 3819900,,,,bicycle,https://www.alpbike.at/,node/419518864,,,,,,,,,,,,,,,,,bicycle_rental,,,,,,,,,,,,,,,,,,,,,,,,,,,,,,,,,,,,,,,,,,,,,,,,,,,,,,,,,,,,,,,,,,,,,,,,,,,,,,,,,,,,,,,,,,,,,,,,,,,,,,,,,,,,,,,,,,,,,,,,,,,,,,,,,,,,,,,,,,,,,,,,,,,,,,,,,,,,,,"{""type"":""Point"",""coordinates"":[11.8779696,47.417963]}"
Feature,node/444494196,,,,,,,SpielRadl,"Mo-Fr 09:00-12:00, 15:00-18:00; Sa 09:00-12:00",,+43 5244 638 39,,,yes,bicycle,https://www.spielradl.at,node/444494196,,,,,,,,,,,,,,,,,,,,,,,,,,,,,,,,,,,,,,,,,,,,,,,,,,,,,,,,,,,,,,,,,,,,,,,,,,,,,,,,,,,,,,,,,,,,,,,,,,,,,,,,,,,,,,,,,,,,,,,,,,,,,,,,,,,,,,,,,,,,,,,,,,,,,,,,,,,,,,,,,,,,,,,,,,,,,,,"{""type"":""Point"",""coordinates"":[11.7745418,47.3956195]}"
Feature,node/452461938,Wien,13,1070,Lerchenfelder Straße,,wien7@citybiker.at,Citybiker,Tu-Fr 11:00-19:00; Sa 11:00-17:00,Citybiker OG,+43 1 5221902,yes,yes,yes,bicycle,https://citybiker.at/,node/452461938,,yes,,AT,yes,yes,yes,yes,,yes,yes,,,,yes,,,2024-10-29,,,,,,,,,,,yes,,,,,2023-01-31,yes,"Stadt-, Sport- & Tourenräder, Fahrradtaschen, Helme, Rucksäcke, Schlösser, Werkstatt",no,no,yes,yes,yes,yes,yes,,,,,,,,,,,,,,,,,,,,,,,,,,,,,,,,,,,,,,,,,,,,,,,,,,,,,,,,,,,,,,,,,,,,,,,,,,,,,,,,,,,,,,,,,,,,,,,,,,,,,,,,,,,,,,,,,,,,,,,,,,,,,,,,,,,,"{""type"":""Point"",""coordinates"":[16.3530613,48.2059194]}"
Feature,node/465228471,Wien,29,1020,Praterstraße,,wien2@roadbiker.at,Roadbiker,"Tu-Fr 10:00-18:30; Sa 09:00-16:30; Su,Mo off",,+43 1 2645381,,,yes,bicycle,https://www.roadbiker.at/,node/465228471,,yes,,AT,,,,,,,,,,,,no,,,,,,,,,,,,,,,,,,,,,,,,,,,,,,,,,,,,,,,,,,,,,,,,,,,,,,,,,,,,,,,,,,,,,,,,,,,,,,,,,,,,,,,,,,,,,,,,,,,,,,,,,,,,,,,,,,,,,,,,,,,,,,,,,,,,,,,,,,,,,,,,,,,,,,,,,,,,,,,"{""type"":""Point"",""coordinates"":[16.3837188,48.2146305]}"
Feature,node/465246681,Fußach,12,6972,Dorfstraße,,,Velo Novo,"Mo,We 08:00-12:00,14:00-18:00; Tu off; Th 13:00-19:00; Fr 10:00-18:00",Jürgen Giselbrecht,,,,yes,bicycle,,node/465246681,,yes,,,,,,,,,,,,,,,,,hallo@velo-novo.at,,,yes,,,,,,,,,+43 699 150 46 373,,,,,,,,,,,,,https://www.velo-novo.at,,,,,,,,,,,,,,,,,,,,,,,,,,,,,,,,,,,,,,,,,,,,,,,,,,,,,,,,,,,,,,,,,,,,,,,,,,,,,,,,,,,,,,,,,,,,,,,,,,,,,,,,,,,,,,,,,,,,,,,,,,,,,,,,,,,"{""type"":""Point"",""coordinates"":[9.6638053,47.478185]}"
Feature,node/473467104,Langenzersdorf,4,2103,Meisengasse,,wien@bikestore.cc,BikeStore Wien Nord,Mo-Fr 10:00-19:00; Sa 09:00-17:00,,+43 2244 33726,,,yes,bicycle,https://bikestore.cc/,node/473467104,,,,,,,,,,,,,,,,,,,,,,,,,,,,,,,,,,,,,,,,,,,,,,,,,,,,,,,,,,,,,,,,,,,,,,,,,,,,,,,,,,,,,,,,,,,,,,,,,,,,,,,,,,,,,,,,,,,,,,,,,,,,,,,,,,,,,,,,,,,,,,,,,,,,,,,,,,,,,,,,,,,,,,,,,,,,,,,"{""type"":""Point"",""coordinates"":[16.3711974,48.3001645]}"
Feature,node/485562251,Gablitz,64,3003,Linzer Straße,,,Bike Franz,Th 15:00-19:00; Fr 10:00-18:00; Sa 09:00-13:00,,,,,yes,bicycle,http://www.bikefranz.at,node/485562251,,,,AT,,,,,,,,,,,no,,,2025-06-16,,,,,,,,,,,,,,,,,,,,,,,,,,,,,,,,,,,,,,,,,,,,,,,,,,,,,,,,,,,,,,,,,,,,,,,,,,,,,,,,,,,,,,,,,,,,,,,,,,,,,,,,,,,,,,,,,,,,,,,,,,,,,,,,,,,,,,,,,,,,,,,,,,,,,,,,,,,,,"{""type"":""Point"",""coordinates"":[16.1562405,48.2279847]}"
Feature,node/506266150,,,,,,,Bikeshop Huber und Schiendorfer,,,,,,,bicycle,,node/506266150,,,,,,,,,,,,,,,,,bicycle_rental,,office@rad-gartentechnik.at,,,,,,,,,,,,+43 6137 72 45,,,,,,,,,,,,,http://www.rad-gartentechnik.at,,,,,,,,,,,,,,,,,,,,,,,,,,,,,,,,,,,,,,,,,,,,,,,,,,,,,,,,,,,,,,,,,,,,,,,,,,,,,,,,,,,,,,,,,,,,,,,,,,,,,,,,,,,,,,,,,,,,,,,,,,,,,,,,,,,"{""type"":""Point"",""coordinates"":[13.4765393,47.7142903]}"
Feature,node/560305171,Wien,12,1090,Spittelauer Lände,,,Bikers,Mo-Fr 10:00-19:00; Sa 10:00-14:00; PH off,,+43 1 276 49 60,,,yes,bicycle,https://www.bikers.wien/,node/560305171,,yes,no,AT,,,,,,,,,,,,yes,,,,,,,,,,,,,,,,,,,,,,,,,,,,,2022-06-03,,,,,,,,,,,,,,,,,,,,,,,,,,,,,,,,,,,,,,,,,,,,,,,,,,,,,,,,,,,,,,,,,,,,,,,,,,,,,,,,,,,,,,,,,,,,,,,,,,,,,,,,,,,,,,,,,,,,,,,,,,,,,,,,,,"{""type"":""Point"",""coordinates"":[16.361003,48.234908]}"
Feature,node/581302104,Schönkirchen-Reyersdorf,48,2241,Hauptstraße,,,MAXYOU - Fahrrad I Outdoor I Sport,"Mo-We 10:00-13:00,14:00-18:00; Fr 10:00-13:00,14:00-18:00, Sa 10:00-13:00",,+43 2282 62582,,,,bicycle,,node/581302104,,,,,,,,,,,,,,,,yes,,,,,,,,,,,,,,,,,,,,,,,,,,,,,,,,,,,,,,,,,,,,,,,,,,,,,,,,,,,,,,,,,,,,,,,,,,,,,,,,,,,,,,,,,,,,,,,,,,,,,,,,,,,,,,,,,,,,,,,,,,,,,,,,,,,,,,,,,,,,,,,,,,,,,,,,,,,,,,,"{""type"":""Point"",""coordinates"":[16.6855907,48.3723121]}"
Feature,node/586929134,,,,,,,Radverleih Mürner,Apr-Oct: 06:30-20:00,,+43 650 60 227 09,,,yes,bicycle,https://www.radverleih.at/,node/586929134,,yes,,,,,,,,,,,,,,,bicycle_rental,,,,,yes,,,,,,,,,,,,,,,,,,,,,,,,,,,,,,,,,,,,,,,,,,,,,,,,,,,,,,,,,,,,,,,,,,,,,,,,,,,,,,,,,,,,,,,,,,,,,,,,,,,,,,,,,,,,,,,,,,,,,,,,,,,,,,,,,,,,,,,,,,,,,,,,,,,,,,,,,"{""type"":""Point"",""coordinates"":[16.8030063,47.76113]}"
Feature,node/587098458,Innsbruck,20,6020,Gumppstraße,,,BikePoint,"Mo-Fr 08:30-12:30, 14:30-18:30; Sa 08:30-12:00; PH off",Roland Gamsjäger,+43 512 361275,,,yes,bicycle,https://bike-point.at/,node/587098458,,,,AT,,,,,,,,,,,,,,,,,,,,,,,,,,,,,,,,,,,,,,,,,,Pradl,,,,,,,,,,,,,,,,,,,,,,,,,,,,,,,,,,,,,,,,,,,,,,,,,,,,,,,,,,,,,,,,,,,,,,,,,,,,,,,,,,,,,,,,,,,,,,,,,,,,,,,,,,,,,,,,,,,,,,,,,,,,,,,,,"{""type"":""Point"",""coordinates"":[11.4108965,47.2641981]}"
Feature,node/600938819,Wien,6,1220,Bergengasse,,admin@oktosport.at,Oktosport,"Mar-Oct Mo-Fr 09:00-13:00, 14:00-18:00; Mar-Oct Sa 09:00-13:00; Nov-Feb Mo-Fr 09:00-12:00, 14:00-18:00; Nov-Feb Sa 09:00-12:00; PH off",,,,,yes,bicycle,https://www.oktosport.at/,node/600938819,,yes,,AT,,,,,,,,,,,,,,,,,,,,,,,,,,,,,,,,,,,,,,,,,,,,,,,,,,,,,,,,,,,,,,,,,,,,,,,,,,,,,,,,,,,,,,,,,,,,,,,,,,,,,,,,,,,,,,,,,,,,,,,,,,,,,,,,,,,,,,,,,,,,,,,,,,,,,,,,,,,,,,,,,,,,,,,,,,,"{""type"":""Point"",""coordinates"":[16.4736585,48.2147925]}"
Feature,node/639222740,Wien,8,1150,Goldschlagstraße,,,The Vienna Bikekitchen,Th 17:00-20:00,,,,,no,bicycle,http://bikekitchen.net/,node/639222740,,no,,AT,,,,,,,,,,,,no,,,,,,,,,,,,,yes,,,,,,,Fahrrad-Selbsthilfewerkstatt,,,,,,,,,,,workshop,assisted_self_service,,,,,,,,,,,,,,,,,,,,,,,,,,,,,,,,,,,,,,,,,,,,,,,,,,,,,,,,,,,,,,,,,,,,,,,,,,,,,,,,,,,,,,,,,,,,,,,,,,,,,,,,,,,,,,,,,,,,,,,,,,,,,,,"{""type"":""Point"",""coordinates"":[16.3363648,48.1992427]}"
Feature,node/687985471,,,,,,,Fahrrad Pur,"Mo-Fr 09:00-12:00, 15:00-19:00; Sa 9:00-12:00",,,,,,bicycle,https://www.fahrradpur.com,node/687985471,,,,,,,,,,,,,,,,yes,,,,,,,,,,,,,,,,,,,,,,,,,,,,,,,,,,,,,,,,,,,,,,,,,,,,,,,,,,,,,,,,,,,,,,,,,,,,,,,,,,,,,,,,,,,,,,,,,,,,,,,,,,,,,,,,,,,,,,,,,,,,,,,,,,,,,,,,,,,,,,,,,,,,,,,,,,,,,,,"{""type"":""Point"",""coordinates"":[9.7367383,47.4179862]}"
Feature,node/701320864,Wien,26,1070,Westbahnstraße,,office@elektrobiker.com,Elektrobiker,"Tu-Fr 10:00-12:30,14:00-18:30",,,,,,bicycle,https://www.elektrobiker.com/,node/701320864,,,,AT,,,,,,,,,,,yes,yes,,2025-06-20,,,,,,,,,,,,,,,,,,"Lastenräder, Anhänger",,,,,,,,,,,,,,,,,,,,,,,,,,,,,,,,,,,,,,,,,,,,,,,,,,,,,,,,,,,,,,,,,,,,,,,,,,,,,,,,,,,,,,,,,,,,,,,,,,,,,,,,,,,,,,,,,,,,,,,,,,,,,,,,,,,,,,,,,,,"{""type"":""Point"",""coordinates"":[16.3445693,48.2019155]}"
Feature,node/716956689,Wien,37,1040,Weyringergasse,,,Fadu Bike Shop Wien,Mo-Fr 10:00-18:00; Sa 10:00-14:00,,,,,yes,bicycle,https://www.fadu-bike.at,node/716956689,,,,AT,,,,,,,,,,,,limited,,,,,,,,,,,,,,,,,,,,,,,,,,,,,,,,,,,,,,,,,,,,,,,,,,,,,,,,,,,,,,,,,,,,,,,,,,,,,,,,,,,,,,,,,,,,,,,,,,,,,,,,,,,,,,,,,,,,,,,,,,,,,,,,,,,,,,,,,,,,,,,,,,,,,,,,,,,,,,,"{""type"":""Point"",""coordinates"":[16.3740641,48.1880956]}"
Feature,node/759647673,,,,,,,Radwerkstatt Helmut Mayr,"We,Th 17:00-19:00",,,,,,bicycle,,node/759647673,,,,,,,,,,,,,,,,,,2025-11-13,,,,,,,,,,,,,,,,,,,,,,,,,,,,,,,,,,,,,,,,,,,,,,,,,,,,,,,,,,,,,,,,,,,,,,,,,,,,,,,,,,,,,,,,,,,,,,,,,,,,,,,,,,,,,,,,,,,,,,,,,,,,,,,,,,,,,,,,,,,,,,,,,,,,,,,,,,,,,"{""type"":""Point"",""coordinates"":[11.3917464,47.2712409]}"
Feature,node/759730735,Innsbruck,7,6020,Zollerstraße,,,Radstudio Innsbruck,"Tu-Th 08:30-12:30,15:00-18:30; Fr 08:30-12:30,15:00-20:00; PH off",,+43 512 570480,,,yes,bicycle,https://www.radstudio-innsbruck.at/,node/759730735,,,,AT,,,,,,,,,,,,yes,,2025-02-08,,,,,,,,,,,,,,,,,,,,,,,,,,,,Wilten,,,,,,,,,,,,,,,,,,,,,,,,,,,,,,,,,,,,,,,,,,,,,,,,,,,,,,,,,,,,,,,,,,,,,,,,,,,,,,,,,,,,,,,,,,,,,,,,,,,,,,,,,,,,,,,,,,,,,,,,,,,,,,,,,"{""type"":""Point"",""coordinates"":[11.388441,47.2575626]}"
Feature,node/760183713,Grein,1,4360,Kreuznerstraße,,,Grell KFZ-Tech,"Mo-Fr 8:00-12:00, 13:00-18:00; Sa 08:30-12:00",,,,,,bicycle,http://www.grein.co.at/betriebe-in-grein/kfz-rad-zubehoer/grell-kfz-tech.html,node/760183713,,,,,,,,,,,,,,,,limited,,,,,,,,,,,,,,,,,,,,,,,,,,,,,,,,,,,,,,,,,,,,,,,,,,,,,,,,,,,,,,,,,,,,,,,,,,,,,,,,,,,,,,,,,,,,,,,,,,,,,,,,,,,,,,,,,,,,,,,,,,,,,,,,,,,,,,,,,,,,,,,,,,,,,,,,,,,,,,,"{""type"":""Point"",""coordinates"":[14.8546212,48.2267989]}"
Feature,node/762823324,,,,,,,CIC Sport GmbH & Co. KG,"Mo,We,Fr 09:00-12:00,14:00-18:00; Tu,Th,Sa ""nach Vereinbarung""; Su,PH off",,,,,,bicycle,https://www.cic-sport.com/,node/762823324,,yes,,,,,,,,,,,,,,,,,lustenau@cic-sport.com,,,,,,,,,,,,+43 650 7877015,,,,,,,,,,,,,,,,,,,,,,,,,,,,,,,,,,,,,,,,,,,,,,,,,,,,,,,,,,,,,,,,,,,,,,,,,,,,,,,,,,,,,,,,,,,,,,,,,,,,,,,,,,,,,,,,,,,,,,,,,,,,,,,,,,,,,,,,,,,,,,,,"{""type"":""Point"",""coordinates"":[9.658081,47.4280352]}"
Feature,node/763990754,,,,,,,Fahrradbox,,,,,,,bicycle,,node/763990754,,,,,,,,,,,,,,,,,,,,,,,,,,,,,,,,,,,,,,,,,,,,,,,,,,,,,,,,,,,,,,,,,,,,,,,,,,,,,,,,,,,,,,,,,,,,,,,,,,,,,,,,,,,,,,,,,,,,,,,,,,,,,,,,,,,,,,,,,,,,,,,,,,,,,,,,,,,,,,,,,,,,,,,,,,,,,,,"{""type"":""Point"",""coordinates"":[13.4281346,48.4557218]}"
Feature,node/767116984,Klagenfurt am Wörthersee,17,9020,Bahnhofstraße,,,Mountainbiker,Mo-Fr 10:00-18:00; Sa 09:00-16:00,Johann Riedl GmbH,,,,,bicycle,,node/767116984,,,,AT,,,,,,,,,,,,yes,,,,,,,,,,,,,,,,,,,,,,,,,,,,,,,,,,,,,,,,,,,,,,,,,,,,,,,,,,,,,,,,,,,,,,,,,,,,,,,,,,,,,,,,,,,,,,,,,,,,,,,,,,,,,,,,,,,,,,,,,,,,,,,,,,,,,,,,,,,,,,,,,,,,,,,,,,,,,,,"{""type"":""Point"",""coordinates"":[14.3108452,46.6235623]}"
Feature,node/776411157,Hard,9,6971,Landstraße,,office@radwelt-hard.at,RadWelt Hard,"Mo-We,Fr 09:00-12:00,14:00-18:00; Th,Sa 09:00-12:00",Daniel Malang,+43 5574 89 89 6,,,yes,bicycle,https://www.radwelt-hard.at,node/776411157,,,yes,AT,,,,,,,,,,,,,,2025-07-17,,,,yes,,,,,,,,,,,,,,,,,,,,,,,,,,,yes,,,,,,,,,,,,,,,,,,,,,,,,,,,,,,,,,,,,,,,,,,,,,,,,,,,,,,,,,,,,,,,,,,,,,,,,,,,,,,,,,,,,,,,,,,,,,,,,,,,,,,,,,,,,,,,,,,,,,,,,,,,,,,"{""type"":""Point"",""coordinates"":[9.6892582,47.4887033]}"
Feature,node/828132497,Wien,,1190,Donaupromenade am Radweg,,,Donau Fritzi,"Mar-Nov Tu,Fr 08:00-18:00; Mar-Nov We 10:00-20:00; Dec-Feb Tu,We,Fr off",Alexander Boris Göttling,,,,yes,bicycle,,node/828132497,,yes,,AT,,,,,,,,,,,,,,,radsport.nussdorf@gmail.com,,,yes,,,,,,,,,+43 1 3704598,,,,,"Gebrauchträder,Neuware: Stadträder, Vorjahresmode, Einzelstücke, transportbeschädigte Räder",,,,,,,,https://www.donau-fritzi.at/,,,,,,bicycle_tube,yes,,,,,,,,,,,,,,,,,,,,,,,,,,,,,,,,,,,,,,,,,,,,,,,,,,,,,,,,,,,,,,,,,,,,,,,,,,,,,,,,,,,,,,,,,,,,,,,,,,,,,,,,,,,,,,,,,,,,,,,,,,,,"{""type"":""Point"",""coordinates"":[16.3669066,48.2636504]}"
Feature,node/833271879,,20,8430,Bahnhofstraße,,,Linhardt,,,,,,,bicycle,,node/833271879,,,,,,,,,,,,,,,,,,,,,,,Linhardt,,,Zweiradbedarf,,,,,,,,,,,,,,,,,,,,,,,,,,,,,,,,,,,,,,,,,,,,,,,,,,,,,,,,,,,,,,,,,,,,,,,,,,,,,,,,,,,,,,,,,,,,,,,,,,,,,,,,,,,,,,,,,,,,,,,,,,,,,,,,,,,,,,,,,,,,,,,,,,,,,"{""type"":""Point"",""coordinates"":[15.5436587,46.7822279]}"
Feature,node/876812051,,,,,,,Fahrradservice Walcher,"Mo,Tu,Th 09:00-18:30; Fr 09:00-20:00",,,,,,bicycle,,node/876812051,,,,,,,,,,,,,,,,no,,,,,,,,,,,survey,,,,,,,,,,,,,,,,,,,,,,,,,,,,,,,,,,,,,,,,,,,,,,,,,,,,,,,,,,,,,,,,,,,,,,,,,,,,,,,,,,,,,,,,,,,,,,,,,,,,,,,,,,,,,,,,,,,,,,,,,,,,,,,,,,,,,,,,,,,,,,,,,,,,"{""type"":""Point"",""coordinates"":[14.2685156,46.5909575]}"
Feature,node/891776505,Frauenkirchen,45,7132,Hauptstraße,,,Geheimrad von Hafner,,,,,,yes,bicycle,http://www.geheimrad-von-hafner.at,node/891776505,,,,,,,,,,,,,,,no,,,,guenther@geheimrad-von-hafner.at,,,,,,,,,,,,+43 2172 2424,,yes,,,,,,,,,,,,,,,,,,,yes,,,,,,,,,,,,,,,,,,,,,,,,,,,,,,,,,,,,,,,,,,,,,,,,,,,,,,,,,,,,,,,,,,,,,,,,,,,,,,,,,,,,,,,,,,,,,,,,,,,,,,,,,,,,,,,,,,,,,,,,,,,"{""type"":""Point"",""coordinates"":[16.9238939,47.8386145]}"
Feature,node/891875447,Wien,19,1010,Hegelgasse,,office@trekbicycle-vienna.at,Trek,Mo-Fr 10:00-18:00; Sa 10:00-17:00,,+4315130514,,,yes,bicycle,https://www.bikevienna.at/,node/891875447,,yes,,AT,,yes,,,,,,,,,yes,yes,,,,,,,,,,,,,,,,,,,,,,,,,,,,,,,,,,,,,Trek Bicycle Store,Trek,Q1067617,en:Trek Bicycle Corporation,air pump during opening hours,,,,,,,,,,,,,,,,,,,,,,,,,,,,,,,,,,,,,,,,,,,,,,,,,,,,,,,,,,,,,,,,,,,,,,,,,,,,,,,,,,,,,,,,,,,,,,,,,,,,,,,,,,,,,,,,,,,,,,"{""type"":""Point"",""coordinates"":[16.3743383,48.2023793]}"
Feature,node/901461837,Neusiedl am See,30,7100,Bahnstraße,,,Fahrräder Bucsis,,Bucsis,+43 2167 20790,,,,bicycle,https://www.fahrraeder-bucsis.at/,node/901461837,,,,,,,,,,,,,,,,,bicycle_rental,,,,,,,,,,,,,,,,,,,,,,,,,,,,,,,,,,,,,,,,,,,,,,,,,,,,,,,,,,,,,,,,,,,,,,,,,,,,,,,,,,,,,,,,,,,,,,,,,,,,,,,,,,,,,,,,,,,,,,,,,,,,,,,,,,,,,,,,,,,,,,,,,,,,,,,,,,,,,,"{""type"":""Point"",""coordinates"":[16.8225135,47.955205]}"
Feature,node/905829720,Wien,114;R3,1100,Troststraße,,office@velo.wien,velo.wien Services e.U.,Mo-Fr 10:00-18:30,velo.wien Services e.U.,+43 677 63058540,,,yes,bicycle,https://velo.wien,node/905829720,,,yes,AT,,,,,,yes,,,,,yes,,,,,,,yes,,,,,,,,,,,yes,,,Eingang Knöllgasse,,,,yes,,,,,,,,,,,,,,,,,,,,,,,,,,,,,,,,,,,,,,,,,,,,,,,,,,,,,,,,,,,,,,,,,,,,,,,,,,,,,,,,,,,,,,,,,,,,,,,,,,,,,,,,,,,,,,,,,,,,,,,,,,,,,,,,,,,,,,,"{""type"":""Point"",""coordinates"":[16.3538337,48.1730101]}"
Feature,node/906985518,Graz,5,8010,Körösistraße,,,Bicycle,"Mo-Fr 09:00-13:00,14:00-18:00",Entwicklungprojekt Fahrrad,,,,yes,bicycle,https://bicycle.at/,node/906985518,,yes,yes,AT,,,,,,,,,,,yes,yes,,2024-10-27,rep@bicycle.at,,0,yes,,,,,survey,,,+43 316 68 86 49,+43 316 68 86 45,,,,,,,,,,,,,,,,,,,,,yes,,,,,,yes,yes,yes,yes,yes,yes,yes,,,,,,,,,,,,,,,,,,,,,,,,,,,,,,,,,,,,,,,,,,,,,,,,,,,,,,,,,,,,,,,,,,,,,,,,,,,,,,,,,,,,,,,,,,,,,,,,,,,,,,,,,,,,,,,"{""type"":""Point"",""coordinates"":[15.4338687,47.078075]}"
Feature,node/933006706,,,,,,,Fahrrad-Tankstelle,,,,,,,bicycle,,node/933006706,,,,,,,,,,,,,,,,,,,,,,,,,,,,,,,,,,,,Luftpumpe verfügbar!,,,,,,,,,,,,,,,,,,,,,,,,,,,,,yes,map,region,street,yes,information,,,,,,,,,,,,,,,,,,,,,,,,,,,,,,,,,,,,,,,,,,,,,,,,,,,,,,,,,,,,,,,,,,,,,,,,,,,,,,,,,,,,,,,,,,,,,,,,,,,,,,,,,"{""type"":""Point"",""coordinates"":[10.6802017,47.5407719]}"
Feature,node/941308917,Lechaschau,23,6600,Lechtaler Straße,,,Radhaus Presslauer & Schneider,"Apr-Sep: Mo-Fr 12:00-18:00, Sa 09:00-12:00; Oct-Mar: Mo-Fr 14:00-18:00, Sa 09:00-12:00",,+43 5672 65245,,,,bicycle,https://www.rad-haus.at/,node/941308917,,,,AT,,,,,,,,,,,,,,,,,,,,,,,,,,,,,,,,,,,,,,,,,,,,,,,,,,,,,,,,,,,,,,,,,,,,,,,,,,,,,,,,,,,,,,,,,,,,,,,,,,,,,,,,,,,,,,,,,,,,,,,,,,,,,,,,,,,,,,,,,,,,,,,,,,,,,,,,,,,,,,,,,,,,,,,,,,,"{""type"":""Point"",""coordinates"":[10.70601,47.4861664]}"
Feature,node/959322533,Linz,25,4020,Kaisergasse,,,constantin bike,"Mo-Fr 08:30-12:00,14:00-18:00; Sa 09:00-12:00",,,,,,bicycle,,node/959322533,,,,AT,,,,,,,,,,,,,,,,,,,,,,,,,,,,,,,,,,,,,,,,,,,,,,,,,,,,,,,,,,,,,,,,,,,yes,,,,,,,,,,,,,,,,,,,,,,,,,,,,,,,,,,,,,,,,,,,,,,,,,,,,,,,,,,,,,,,,,,,,,,,,,,,,,,,,,,,,,,,,,,,,,,,,,,,,,,,,"{""type"":""Point"",""coordinates"":[14.2952386,48.3082514]}"
Feature,node/1013687216,,,,,,,Der Fahrradprofi,,,,,,,bicycle,,node/1013687216,,,,,,,,,,,,,,,,limited,,,,,,,,,,,,,,,,,,,,,,,,,,,,,,,,,,,,,,,,,,,,,,,,,,,,,,,,488.0,,,,,,,,,,,,,,,,,,,,,,,,,,,,,,,,,,,,,,,,,,,,,,,,,,,,,,,,,,,,,,,,,,,,,,,,,,,,,,,,,,,,,,,,,,,,,,,,,,,,,,,"{""type"":""Point"",""coordinates"":[14.2773609,46.592389]}"
Feature,node/1013900007,Linz,5,4020,Dametzstraße,,,Radsport Brückl,Mo-Fr 09:00-18:00; Sa 09:00-12:00,,,,,,bicycle,,node/1013900007,,,,,,,,,,,,,,,,,,,alfred@brueckl.cc,,,,,,,,,,,+43 732 795511,+43 732 777276,,,,,,,,,,,,,http://www.brueckl.cc,,,,,,,,,,,,,,,,,,,,,,,,,,,,,,,,,,,,,,,,,,,,,,,,,,,,,,,,,,,,,,,,,,,,,,,,,,,,,,,,,,,,,,,,,,,,,,,,,,,,,,,,,,,,,,,,,,,,,,,,,,,,,,,,,,,"{""type"":""Point"",""coordinates"":[14.2906596,48.3049728]}"
Feature,node/1021144280,,,,,,,Radsport Ginner,"Mo-Fr 09:00-12:00, 13:00-18:00; Sa 09:00-12:00",,,,,,bicycle,https://www.ginnersport.com/,node/1021144280,,,,,,,,,,,,,,,,,,,,,,,,,,,,,,,+43 7472 68555,,,,,,,,,,,,,,,,,,,,,,,,,,,,,,,,,,,,,,,,,,,,,,,,,,,,,,,,,,,,,,,,,,,,,,,,,,,,,,,,,,,,,,,,,,,,,,,,,,,,,,,,,,,,,,,,,,,,,,,,,,,,,,,,,,,,,,,,,,,,,,,,"{""type"":""Point"",""coordinates"":[14.8938038,48.1200647]}"
Feature,node/1035420056,Wien,270,1230,Breitenfurter Straße,,office@2radtreff.at,2radtreff.at,"Mo,Tu 10:00-12:30,14:00-18:00; We 14:00-18:00; Th,Fr 10:00-12:30,14:00-19:00",,,,,,bicycle,https://www.2radtreff.at/,node/1035420056,,,,AT,,,,,,,,,,,,,,,,,,,,,,,,,,,,,,,,,,,,,,,,,,,,,,,,,,,,,,,,,,,,,,,,,,,,,,,,,,,,,,,,,,,,,,,,,,,,,,,,,,,,,,,,,,,,,,,,,,,,,,,,,,,,,,,,,,,,,,,,,,,,,,,,,,,,,,,,,,,,,,,,,,,,,,,,,,,"{""type"":""Point"",""coordinates"":[16.2932213,48.1444544]}"
Feature,node/1037711885,Rankweil,4,6830,Untere Bahnhofstraße,2026-05-05,,Zweirad Rohrer,"Mo-Fr 08:30-12:00, 14:00-18:00",,,,,,bicycle,,node/1037711885,,,,AT,,,,,,,,,,,,,,,bernd.rohrer@vol.at,,,,,,,,,,,,+43 5522 44267,,,,,,,,,,,,,,,,,,,,,,,,,,,,,,,,,,,,,,,,,,,,,,,,,,,,,,,,,,,,,,,,,,,,,,,,,,,,,,,,,,,,,,,,,,,,,,,,,,,,,,,,,,,,,,,,,,,,,,,,,,,,,,,,,,,,,,,,,,,,,,,,"{""type"":""Point"",""coordinates"":[9.6384224,47.2699014]}"
Feature,node/1044801646,Schladming,547,8970,Ramsauerstraße,,,Radsport Werner,"Mo-Fr 08:30-12:00,14:00-18:00; Sa 08:30-12:00",,+43 3687 23124,,,,bicycle,http://www.2rad-knauss.at,node/1044801646,,,,,,,,,,,,,,,,,,,,,,,,,,,,,,,,,,,,,,,,,,,,,,,,,,,,,,,,,,,,,,,,,,,,,,,,,,,,,,,,,,,,,,,,,,,,,,,,,,,,,,,,,,,,,,,,,,,,,,,,,,,,,,,,,,,,,,,,,,,,,,,,,,,,,,,,,,,,,,,,,,,,,,,,,,,,,,,"{""type"":""Point"",""coordinates"":[13.6853796,47.3913149]}"
Feature,node/1078628490,Podersdorf am See,42,,Hauptstraße,,info@radsport-waldherr.at,Radsport Waldherr,"Mo-Sa 08:30-12:00, 15:00-18:00; PH off",,+43 2177 2297,,,yes,bicycle,https://radsport-waldherr.at/index.html,node/1078628490,,yes,,,,,,,,,,,,,,,,,,,,yes,,,,,,,,,,,,,,,,,,,,,,,,,,,,,,,,,,,,,,,,,,,,,,,,,,,,,,,,,,,,,,,,,,,,,,,,,,,,,,,,,,,,,,,,,,,,,,,,,,,,,,,,,,,,,,,,,,,,,,,,,,,,,,,,,,,,,,,,,,,,,,,,,,,,,,,,,"{""type"":""Point"",""coordinates"":[16.8386681,47.852832]}"
Feature,node/1112907280,,,,,,,AMoore Bikestore,,Adam Moore,+43 6272 21155,,,yes,bicycle,https://www.amoore-bikestore.at/,node/1112907280,,yes,no,,,,,,,,,,,,,limited,,,,,,yes,,,,,,,,,,,,,,,,,,,,,,,,,,,,,,,,,,,,,,,,,,,,,,,,,,,,,,,,,,,,,,,,,,,,,,,,,,,,,,,,,,,,,,,,,,,,,,,,,,,,,,,,,,,,,,,,,,,,,,,,,,,,,,,,,,,,,,,,,,,,,,,,,,,,,,,,,"{""type"":""Point"",""coordinates"":[12.9415895,47.9400998]}"
Feature,node/1149088650,Wien,11,1090,Spittelauer Lände,2023-06-05,,Enzovelo,Mo-Fr 10:00-18:00; Sa 10:00-15:00,,,,,yes,bicycle,https://www.enzovelo.at/,node/1149088650,,,,AT,,,,,,,,,,,,no,,,,,,,,,,,,,,,,,,,,,,,,,,,,,,,,,,,,yes,,,,,,,,,,,,yes,,,,,,,,,,,,,,,,,,,,,,,,,,,,,,,,,,,,,,,,,,,,,,,,,,,,,,,,,,,,,,,,,,,,,,,,,,,,,,,,,,,,,,,,,,,,,,,,,,,,,,,,,,,,,,,"{""type"":""Point"",""coordinates"":[16.3632318,48.2279426]}"
Feature,node/1149116885,Wien,26-32/5/R1,1210,Brünner Straße,,rafael@rad21.at,Rad21,"Mo-Fr 10:00-13:00,15:00-18:00; Sa 10:00-13:00; We off; PH off",,+43 699 17054021,,,yes,bicycle,http://www.rad21.at,node/1149116885,,yes,,AT,,,,,,,,,,,no,limited,,2025-10-15,,,,,,,,,,,,,,,,,,,,,,,,,,,,,,,,,,,,,,,,,,,,,,,,,,,,,,,,,,,,,,,,,,,,,,,,,,,,,,,,,,,,,,,,,,,,,,,,,,,,,,,,,,,,,,,,,,,,,,,,,,,,,,,,,,,,,,,,,,,,,,,,,,,,,,,,,,,,,"{""type"":""Point"",""coordinates"":[16.4002981,48.2610478]}"
Feature,node/1184345862,Leoben,13,8700,Donawitzer Straße,,,Otto,"Mo, Th 9:00-12:00, 14:30-18:00",,,,,,bicycle,,node/1184345862,,,,AT,,,,,,,,,,,,,,,,,,,,,,,survey,,,,,,,,,,,,,,,,,,,,,yes,,,,,,,,,,,,,,,,,,,,,,,,,2016-10-02,,,,,,,,,,,,,,,,,,,,,,,,,,,,,,,,,,,,,,,,,,,,,,,,,,,,,,,,,,,,,,,,,,,,,,,,,,,,,,,,,,,,,,,,,,,,,,,,,,,,,,"{""type"":""Point"",""coordinates"":[15.0900444,47.3759384]}"
Feature,node/1186085549,Wien,128,1060,Linke Wienzeile,,fahrrad-ski@chello.at,Fahrrad + Ski,"Mo-Fr 10:00-13:00,14:00-18:00; Sa 09:00-12:30",Dipl. Sportlehrer Heinz Csarmann,+4315978288,,,yes,bicycle,https://www.fahrrad-ski.at/,node/1186085549,,yes,yes,AT,,,,,,,,,,,yes,,,2026-05-01,,,,,,,,,,,,,,,,,,,,,,,,,,,,,,,,,,,,,,,,,,,,,,,,,,,,,,,,+436641004659,1985,,,,,,,,,,,,,,,,,,,,,,,,,,,,,,,,,,,,,,,,,,,,,,,,,,,,,,,,,,,,,,,,,,,,,,,,,,,,,,,,,,,,,,,,,,,,,,,,,,,,"{""type"":""Point"",""coordinates"":[16.3526813,48.1910069]}"
Feature,node/1211592356,Wien,31,1150,Neubaugürtel,2024-10-03,,radshop.at,Mo-Fr 10:00-19:00,radshop.at Gabor Magyar e.U.,,,,yes,bicycle,https://www.radshop.at/,node/1211592356,,,,AT,,,,,,,,,,,,,,,info@radshop.at,,,,,,,,,,,,+43 1 98 222 39,,,,,,,,,,,,,https://www.radshop.at/,,,,,,,,,,,,,,,,,,,,,,,,,,,,,,,,yes,https://www.facebook.com/radshop.at/?fref=ts,https://www.instagram.com/radshop.at/,,,,,,,,,,,,,,,,,,,,,,,,,,,,,,,,,,,,,,,,,,,,,,,,,,,,,,,,,,,,,,,,,,,,,,,,,,,,,,,,,,,,,,,,,,,,,,,,,"{""type"":""Point"",""coordinates"":[16.3367905,48.2022385]}"
Feature,node/1223960164,Gratwein,,8112,Kirchengasse,,,Janger,,Zweirad Janger GmbH,,,,,bicycle,,node/1223960164,,,,AT,,,,,,,,,,,,,,,,,,,,,,,,,,,+43 3124 51 238,,,,,,,,,,,,,www.zweiradjanger.at,,,,,,,,,,,,,,,,,,,,,,,,,,,,,,,,,,,,,,,,,,,,,,,,,,,,,,,,,,,,,,,,,,,,,,,,,,,,,,,,,,,,,,,,,,,,,,,,,,,,,,,,,,,,,,,,,,,,,,,,,,,,,,,,,,,"{""type"":""Point"",""coordinates"":[15.3181358,47.1297282]}"
Feature,node/1225138472,Innsbruck,19,6020,Defreggerstraße,,,Rad & Tat,"Mo-Fr 09:00-13:00,14:00-18:00; PH off; Sa 09:00-12:00",Rad & Tat / Bikebow,+43 512 360101,,,yes,bicycle,https://www.radundtat.at,node/1225138472,,,,AT,,,,,,,,,,,no,,,,,,,,,,,,website,,,,,,,,,,,,,,,,,,,Pradl,,,,,,,,,,,,,,,,,,,,,,,,,,,,,,,,,,,,,,,,,,,,,,,,,,,,,,,,,,,,,,,,,,,,,,,,,,,,,,,,,,,,,,,,,,,,,,,,,,,,,,,,,,,,,,,,,,,,,,,,,,,,,,,,,"{""type"":""Point"",""coordinates"":[11.4088941,47.2650738]}"
Feature,node/1239912848,Graz,62,8010,Pestalozzistraße,,,Alles Rund ums Radl,Mo-Fr 09:00-17:00,Robert Ledinek,,,,,bicycle,,node/1239912848,,,,AT,,,,,,,,,,,no,no,,2025-06-24,service@rundumsfahrradl.net,,,,,,,,survey,,,,+43 316 228 438,,,,,Express-Fahrradservice,,,,,,,,,,,,,,,,,,,,,,,,,,,,,,,,,,,,,,,,,,,+43 664 4225532,http://www.rundumsfahrradl.net,,,,,,,,,,,,,,,,,,,,,,,,,,,,,,,,,,,,,,,,,,,,,,,,,,,,,,,,,,,,,,,,,,,,,,,,,,,,,,,,,,,,,,,,,,,,,,,"{""type"":""Point"",""coordinates"":[15.4381626,47.0598108]}"
Feature,node/1240513789,Villach,80,9580,Egger Seeuferstraße,,,Fahrradcenter Faaker See,,,,,,,bicycle,https://www.fahrradcenterfaakersee.at/,node/1240513789,,,,,,,,,,,,,,,,,,,,,,,Fahrradcenter Faaker See,,,,,,,,,,,,,,,,,,,,,,,,,,,,,,,,,,,,,,,,,,,,,,,,,,,,,,,,,,,,,,,,,,,,,,,,,,,,,,,,,,,,,,,,,,,,,,,,,,,,,,,,,,,,,,,,,,,,,,,,,,,,,,,,,,,,,,,,,,,,,,,,,,,,,,,,"{""type"":""Point"",""coordinates"":[13.9353875,46.5802694]}"
Feature,node/1240514342,,68,9500,Ossiacher Zeile,,,Radsport Käfer,,,,,,,bicycle,,node/1240514342,,,,,,,,,,,,,,,,,,,,,,,,,,,,,,,,,,,,,,,,,,,,,,,,,,,,,,,,,,,,,,,,,,,,,,,,,,,,,,,,,,,,,,,,,,,,,,,,,,,,,,,,,,,,,,,,,,,,,,,,,,,,,,,,,,,,,,,,,,,,,,,,,,,,,,,,,,,,,,,,,,,,,,,,,,,,,,,"{""type"":""Point"",""coordinates"":[13.8602281,46.6168878]}"
Feature,node/1244540869,Innsbruck,30,6020,Ampfererstraße,2026-01-16,,ConRad,"Mo,Tu 09:30-13:00,14:00-18:00; We 09:30-13:00; Th,Fr 09:30-15:00",,,,,yes,bicycle,https://www.fahrrad-innsbruck.at/fahrradgeschafte-fahrrad-shops/conrad-fahrradreperatur-ampfererstrase/,node/1244540869,,yes,yes,AT,,,,,,,,,,,,,,2026-01-16,,,,,,,,,,,,,,,,,,,,,,,,,,,,Hötting,,,,,,,,,,,,,,,,,,,,,,,,,,,,,,,,,,,,,,,,,,,,,,,,,,,,,,,,,,,,,,,,,,,,,,,,,,,,,,,,,,,,,,,,,,,,,,,,,,,,,,,,,,,,,,,,,,,,,,,,,,,,,,,,,"{""type"":""Point"",""coordinates"":[11.378832,47.2628042]}"
Feature,node/1245463335,,,,,2023-08-22,,A Velo,"Mo-Fr 08:30-12:30,14:00-17:30; Sa 09:00-12:30",,,,,,bicycle,,node/1245463335,,,,,,,,,,,,,,,,no,,,,,,,,,,,,,,,,,,,,,,,,,,,,,,,,,,,,,,,,,,,,,,,,,,,,,,,,,,,,,,,,,,,,,,,,,,,,,,,,,,,,,,,,,,,,,,,,,,,,,,,,,,,,,,,,,,,,,,,,,,,,,,,,,,,,,,,,,,,,,,,,,,,,,,,,,,,,,,,"{""type"":""Point"",""coordinates"":[13.0296863,47.803005]}"
Feature,node/1253965641,Wien,64-66,1020,Böcklinstraße,,2rad-pv@gmx.at,2Rad-Vesecky,"Mo-Fr 10:00-13:00,14:00-18:00, Sa 10:00-12:00",Peter Vesecky,+4317289311,yes,,yes,bicycle,https://www.2rad-pv.at/,node/1253965641,,,,AT,,,,,,yes,yes,,yes,yes,,,,,,,,,,,,,,,,,,,yes,,,,,,,,yes,,,,,,,,,,,,,,,,,,,,,,,,,,,,,,,,,,,,,,,,yes,,,,,,,,,,,,,,,,,,,,,,,,,,,,,,,,,,,,,,,,,,,,,,,,,,,,,,,,,,,,,,,,,,,,,,,,,,,,,,,,,,,,,,,,,,,,,,"{""type"":""Point"",""coordinates"":[16.398922,48.2057283]}"
Feature,node/1253965642,Wien,11,1030,Hintere Zollamtsstraße,2025-10-31,leonid@galaxy-fahrraeder.at,Galaxy,Mo-Fr 12:00-18:00,,+4369911398484,,,yes,bicycle,http://galaxy-fahrraeder.at/,node/1253965642,,yes,yes,AT,,,,,,,,,,,yes,no,,2023-11-28,,,,yes,,,,,,,,,,,,,,,,,,,,,,,,,,,,,,,,,,,"Reparatur, Service, Ersatzteile, Gebrauchträder",,,,,,,,,,,,,,,,,,,,,,,,,,,,,,,,,,,,,,,,,,,,,,,,,,,,,,,,,,,,,,,,,,,,,,,,,,,,,,,,,,,,,,,,,,,,,,,,,,,,,,,,,,,,,,,,,,,,,,"{""type"":""Point"",""coordinates"":[16.3871036,48.2100983]}"
Feature,node/1253965643,Wien,19,1120,Schlöglgasse,,info@waffenrad.at,Waffenradspezialist,"Mo-Fr 10:00-18:00; Oct-Mar Tu 14:00-18:00, We 10:00-18:00, Fr 10:00-14:00",,+43 1 8025222,,,yes,bicycle,https://www.waffenrad.at/,node/1253965643,,yes,,AT,,,,,,,,,,,,,,,,,,,,,,,,,,,,,,,,,,,,,,,,,,,,,,,,,,,,,,,,,,,,,,,,,,,,,,,,,,,,,,+43 699 12169864,,,,,,,,,,,,,,,,,,,,,,,,,,,,,,,,,,,,,,,,,,,,,,,,,,,,,,,,,,,,,,,,,,,,,,,,,,,,,,,,,,,,,,,,,,,,,"{""type"":""Point"",""coordinates"":[16.3129626,48.1679196]}"
Feature,node/1256839759,Wien,111,1060,Gumpendorfer Straße,2023-10-16,coop@fahrrad.co.at,Cooperative Fahrrad,"Tu 10:00-13:00,14:00-18:00; We 14:00-18:00; Th 10:00-13:00,14:00-18:00; Fr 10:00-13:00,14:00-19:00; Sa 10:00-16:00; Sep-Feb: Th-Fr 10:00-13:00,14:00-18:00; Sep-Feb: Sa 10:00-14:00; Su, PH off",,+43 1 596 52 56,,,yes,bicycle,https://www.fahrrad.co.at/,node/1256839759,,,,AT,,,,,,,,,,,yes,no,,,,,,,,,,,,,,,,,yes,,,,,,,,,,,,,,,,,,,yes,,,,,,,,,,,,yes,,,,,,,,,,,,,,,,,,,,,,,,,,,,,,,,,,,,,,,,,,,,,,,,,,,,,,,,,,,,,,,,,,,,,,,,,,,,,,,,,,,,,,,,,,,,,,,,,,,,,,,,,,,,,,,"{""type"":""Point"",""coordinates"":[16.3469517,48.1909686]}"
Feature,node/1256839760,Wien,13,1010,Reichsratsstraße,2024-11-06,radhaus.singer@utanet.at,Radhaus Singer,Mo-Fr 10:00-18:30; Sa 10:00-15:00,,+43 1 4062143,,,yes,bicycle,https://radhaussinger.com,node/1256839760,,yes,,AT,,,,,,,,,yes,yes,yes,limited,,,,+43 1 4062143,,,Radhaus Singer,,,,,,,,,,,,,,,,,,,,,,,,,,,,,,,,,,,,,,,,,,,,,,,,,,,,,,,,,,,,2024-11-06,,,,,,,,,,,,,,,,,,,,,,,,,,,,,,,,,,,,,,,,,,,,,,,,,,,,,,,,,,,,,,,,,,,,,,,,,,,,,,,,,,,,,,,,,,,,"{""type"":""Point"",""coordinates"":[16.3587268,48.2131567]}"
Feature,node/1263402941,,,,,,,Sport News,"Mo-Fr 09:00-12:00, 15:00-18:00; Sa 09:00-12:00",,+43 5234 68891,,,,bicycle,https://www.facebook.com/SportNewsAxams/,node/1263402941,,,,,,,,,,,,,,,,,,,,,,,,,,,,,,,,,,,,,,,,,,,,,,,,,,,,,,,,,,,,,,,,,,,,,,,,,,,,,,,,,,,,,,,,,,,,,,,,,,,,,,,,,,,,,,,,,,,,,,,,,,,,,,,,,,,,,,,,,,,,,,,,,,,,,,,,,,,,,,,,,,,,,,,,,,,,,,,"{""type"":""Point"",""coordinates"":[11.287912,47.2318714]}"
Feature,node/1275684863,Leoben,22,8700,Waasenstraße,,,Illmaier Radsport,"Mo-Fr 08:00-12:00,14:00-18:00; Sa 08:00-12:00",,+43 3842 27148,,,yes,bicycle,https://www.radsport-illmaier.com/,node/1275684863,,,,AT,,,,,,,,,,,,,,,,,,yes,,,,,local_knowledge,,,,,,,,,,,,,,,,,,,Waasen,,,,,,,,,,,,,,,,,,,,,,,,,,,,,,,,,,,,,,,,,,,,,,,,,,,,,,,,,,,,,,,,,,,,,,,,,,,,,,,,,,,,,,,,,,,,,,,,,,,,,,,,,,,,,,,,,,,,,,,,,,,,,,,,,"{""type"":""Point"",""coordinates"":[15.0914266,47.3777891]}"
Feature,node/1277297499,Wilhelmsburg,37,3150,Lilienfelder Straße,,,denk bewegt,,,,,,yes,bicycle,https://www.denkbewegt.at/,node/1277297499,,yes,,AT,,,,,,,,,,,,,,,,,,yes,,,,,,,,,,,,,,,,,,,,,,,,,,,,,,,,,,,,,,,,,,,,,,,,,,,,,,,,,,,,,,repair,,,,,,,,,,,,,,,,,,,,,,,,,,,,,,,,,,,,,,,,,,,,,,,,,,,,,,,,,,,,,,,,,,,,,,,,,,,,,,,,,,,,,,,,,,,"{""type"":""Point"",""coordinates"":[15.6005766,48.1003105]}"
Feature,node/1298407955,Wien,5-11/7/R1,1210,Fultonstraße,,technik@radundtat.co.at,Rad & Tat,"Tu-Fr 10:00-13:00,15:00-18:00; Sa 09:00-13:00; Mo off; PH off",,+43 699 10692861,,,yes,bicycle,https://radundtatwien.at,node/1298407955,,yes,,AT,,,,,,,,,,,yes,limited,,,,,,,,,,,,,,,,,,,,,,,,,,,,,,,,,,,,,,,,,,,,,,,,,,,,,,,,,,,,,,,,,,,,,,,,,,,,,,,,,,,,,,,,,,,,,,,,,,,,,,,,,,,,,,,,,,,,,,,,,,,,,,,,,,,,,,,,,,,,,,,,,,,,,,,,,,,,,,,"{""type"":""Point"",""coordinates"":[16.4117445,48.2506588]}"
Feature,node/1309949809,Rankweil,12,6830,Ringstraße,2026-05-04,,Siegle Bike,Mo-Fr 14:00-18:00; Sa 09:00-12:00,,+43 5522 41013,,,yes,bicycle,,node/1309949809,,yes,,AT,,,,,,,yes,,no,no,,,,,office@siegle-bike.com,,,,,,,,,,,,,,,,,,,,,,,,,http://www.siegle-bike.com,,,,,,,,,,,,,,,,,,,,,,,,,,,,,,,,,,,,,,,,,no,yes,yes,,,,,,,,,,,,,,,,,,,,,,,,,,,,,,,,,,,,,,,,,,,,,,,,,,,,,,,,,,,,,,,,,,,,,,,,,,,,,,,,,,,,,,,,"{""type"":""Point"",""coordinates"":[9.6435928,47.2706344]}"
Feature,node/1315497739,,,,,,,Bike Profi 31,,,,,,,bicycle,https://www.bikeprofi31.at,node/1315497739,,,,,,,,,,,,,,,,,,,,,,,,,,,,,,,,,,,,,,,,,,,,,,,,,,,,,,,,,,,,,,,,,,,,,,,,,,,,,,,,,,,,,,,,,,,,,,,,,,,,,,,,,,,,,,,,,,,,,,,,,,,,,,,,,,,,,,,,,,,,,,,,,,,,,,,,,,,,,,,,,,,,,,,,,,,,,,,"{""type"":""Point"",""coordinates"":[11.8838495,47.4467601]}"
Feature,node/1327626688,Fuschl am See,20,5330,Oberdorfstraße,,,Bikeshop Angerer,,,,,,,bicycle,,node/1327626688,,,,AT,,,,,,,,,,,,,,,,,,,,,,,,,,,,,,,,,,,,,,,,,,,,,,,,,,,,,,,,,,,,,,,,,,,,,2017-10-01,,,,,,,,,,,,,,,,,,,,,,,,,,,,,,,,,,,,,,,,,,,,,,,,,,,,,,,,,,,,,,,,,,,,,,,,,,,,,,,,,,,,,,,,,,,,,,,,,,,,,,"{""type"":""Point"",""coordinates"":[13.3069865,47.7968765]}"
Feature,node/1332130958,St. Johann in Tirol,10,6380,Speckbacherstraße,2024-11-05,,Hervis,"Mo-Fr 08:30-18:00; Sa 08:30-17:00; Su,PH off",,,,,,bicycle,,node/1332130958,,,,AT,,,,,,,,,,,,,,2021-08-02,,,,,,,,,Lokalerhebung 2012-2019,,,,,,,,,,,,,,,,,,,,,,,,,,,,,,,,,,,,,,,,,,,,,,,,,,,,,,,,,,,,,,,,,,,,,,,,,,,,,,,,,,,,,,,,,,,,,,,,,,,,,,,,,,,,,,,,,,,,,,,,,,,,,,,,,,,,,,,,,,,,,,,,,,,,"{""type"":""Point"",""coordinates"":[12.4265502,47.5211337]}"
Feature,node/1344333020,Eisenerz,6,8790,Flutergasse,,,Sport Zauner,,,,,,,bicycle,,node/1344333020,,,,AT,,,,,,,,,,,,,,,,,,,,,,,,,,,,,,,,,,,,,,,,,,,,,,,,,,,,,,,,,,,,,,,,,,,,,2018-10-01,,,,,,,,,,,,,,,,,,,,,,,,,,,,,,,,,,,,,,,,,,,,,,,,,,,,,,,,,,,,,,,,,,,,,,,,,,,,,,,,,,,,,,,,,,,,,,,,,,,,,,"{""type"":""Point"",""coordinates"":[14.8871073,47.5406993]}"
Feature,node/1351083507,,,,,,,Velomann,,,,,,yes,bicycle,,node/1351083507,,yes,yes,,,,,,,,,,,,,yes,,,,,,,,,,,,,,,,,,,,,,,,,,,,,,,,,,,,,,,,,,,,,,,,,,,,,,,,,,,,,,,,,,,,,,,,,,,,,,,,,,,,,,,,,,,,,,,,,,,,,,,,,,,,,,,,,,,,,,,,,,,,,,,,,,,,,,,,,,,,,,,,,,,,,,,,,,,,,,,"{""type"":""Point"",""coordinates"":[14.0283882,48.3738941]}"
Feature,node/1361213450,,,,,,,Thomas Mang,,,,,,yes,bicycle,,node/1361213450,,,,,,,,,,,,,,,yes,,,,,,,,,,,,,,,,,,,,,,,,,,,,,,,,,,,,,,,,,,,,,,,,,,,,,,,,,,,,,,,,,,,,,,,,,,,,,,,,,,,,,,,,,,,,,,,,,,,,,,,,,,,,,,,,,,,,,,,,,,,,,,,,,,,,,,,,,,,,,,,,,,,,,,,,,,,,,,,,"{""type"":""Point"",""coordinates"":[11.253265,47.2707714]}"
Feature,node/1373592781,Graz,40,8010,Schießstattgasse,,kvssg40@gmx.at,Fahrradküche Graz,Th 17:00-21:00,,,,,,bicycle,http://www.fahrradkueche.com/,node/1373592781,,,,AT,,,,,,,,,,,,no,,2025-07-06,,,,,,,,,survey,,yes,,,,yes,2022-12-20,yes,,yes,no,no,,,,,,,,workshop,assisted_self_service,,,,,,,,,,,,,,,,,,,,,,,,,,,,,,,,,,,,,,,,commons,objects_of_utility;learning_opportunities,,,,,,,,,,,,,,,,,,,,,,,,,,,,,,,,,,,,,,,,,,,,,,,,,,,,,,,,,,,,,,,,,,,,,,,,,,,,,,,,,,,,,,"{""type"":""Point"",""coordinates"":[15.4422514,47.0638351]}"
Feature,node/1374224635,,,,,,,Moldaschl Leopold,,,,,,,bicycle,,node/1374224635,,,,,,,,,,,,,,,,,,,,,,,,,,,,,,,,,,,,,,,,,,,,,,,,,,,,,,,,,,,,,,,,,,,,,,,,,,,,,,,,,,,,,,,,,,,,,,,,,,,,,,,,,,,,,,,,,,,,,,,,,,,,,,,,,,,,,,,,,,,,,,,,,,,,,,,,,,,,,,,,,,,,,,,,,,,,,,,"{""type"":""Point"",""coordinates"":[15.1206756,48.8623576]}"
Feature,node/1378456740,,,,,,,Walter Aichlseder,"Mo-Fr 08:00-12:00, 14:00-18:00; Sa 08:00-12:00",,,,,,bicycle,,node/1378456740,,,,,,,,,,,,,,,,,,,,,,,,,,,,,,,+43 732 318800,,,,,,,,,,,,,,,,,,,,,,,,,,,,,,,,,,,,,,,,,,,,,,,,,,,,,,,,,,,,,,,,,,,,,,,,,,,,,,,,,,,,,,,,,,,,,,,,,,,,,,,,,,,,,,,,,,,,,,,,,,,,,,,,,,,,,,,,,,,,,,,,"{""type"":""Point"",""coordinates"":[14.2802194,48.2544224]}"
Feature,node/1402601516,Wien,28,1020,Leopoldsgasse,,hans.poellhuber@chello.at,Das Taschenfahrrad,Mo-Fr 13:00-18:00; Sa 09:00-15:00,,+43 699 10431886,,,yes,bicycle,https://www.dastaschenfahrrad.com/,node/1402601516,,yes,,AT,,,,,,,,,,,yes,,,,,,,,,,,,,,,,,,,,,,,,,,,,,,,,,,,,,,,,,,,,,,,,,,,,,,,,,,,,,,,,,,,,,,,,,,,,,,,,,,,,,,,,,,,,,,,,,,,,,,,,,,,,,,,,,,,,,,,,,,,,,,,,,,,,,,,,,,,,,,,,,,,,,,,,,,,,,,,,"{""type"":""Point"",""coordinates"":[16.3770975,48.2181876]}"
Feature,node/1418987828,,,,,,,BKD,Mo-Fr 09:00-18:00; Sa 09:00-12:00,,,,,yes,bicycle,https://bkd.at/,node/1418987828,,,,,,,,,,,,,,,,,,,,,,,,,,,,,,,,,,,,,,,,,,,,,,,,,,,,,,,,,,,,,,,,,,,,,,,,,,,,,,,,,,,,,,,,,,,,,,,,,,,,,,,,,,,,,,,,,,,,,,,,,,,,,,,,,,,,,,,,,,,,,,,,,,,,,,,,,,,,,,,,,,,,,,,,,,,,,,,"{""type"":""Point"",""coordinates"":[11.4153807,47.2593686]}"
Feature,node/1425417236,Kufstein,21,6330,Kinkstraße,,,,,,,,,,bicycle,,node/1425417236,,,,AT,,,,,,,,,,,,,,,,,,,,,,,http://www.billa.at/,,,,,,,,,,,,,,,,,,,,,,,,,,,,,,,,,,,,,,,,,,,,,,,,,,,,,,,,,,,,,,,2017-07-05,,,,,,,,,,,,,,,,,,,,,,,,,,,,,,,,,,,,,,,,,,,,,,,,,,,,,,,,,,,,,,,,,,,,,,,,,,,,,,,,,,,,,"{""type"":""Point"",""coordinates"":[12.1696024,47.5796692]}"
Feature,node/1427842883,Wien,282-284,1230,Triester Straße,,,Bernhard Kohl Fahrrad & Fitness,Tu-Fr 10:00-18:00; Sa 10:00-16:00,,,,,,bicycle,https://bernhardkohl.at/,node/1427842883,,,,AT,,,,,,,,,,,,,,,support@bernhardkohl.at,,,,,,,,,,,,,,,,,,,,,,,,,http://www.bernhardkohl.at,,,,,,,,,,,,,,,,,,,,,,,,,,,,,,,,,,,,,,,,,,,,,,,,,,,,,,,,,,,,,,,,,,,,,,,,,,,,,,,,,,,,,,,,,,,,,,,,,,,,,,,,,,,,,,,,,,,,,,,,,,,,,,,,,,,"{""type"":""Point"",""coordinates"":[16.3221675,48.1324392]}"
Feature,node/1436582071,,,,,,,Grill,,,,,,,bicycle,,node/1436582071,,,,,,,,,,,,,,,,,,,,,,,,,,,survey,,,,,,,,,,,,,,,,,,,,,,,,,,,,,,also shop=car_parts...,,,,,,,,,,,,,,,,,,,,,,,,,,,,,,,,,,,,,,,,,,,,,,,,,,,,,,,,,,,,,,,,,,,,,,,,,,,,,,,,,,,,,,,,,,,,,,,,,,,,,,,,,,,,,,,,,,,,,,"{""type"":""Point"",""coordinates"":[15.0993418,47.3781056]}"
Feature,node/1438081112,,,,,,,Rad & Tat,"Tu-Fr 09:30-12:30, 14:00-18:00; Sa 09:30-12:30",,,,,,bicycle,,node/1438081112,,,,,,,,,,,,,,,,,,,office@rad-und-tat.at,,,,,,,,knowledge,,,+43 5372 62041,+43 664 2726022,,,,,,,,,,,,,http://www.rad-und-tat.at/,,,,,,,,,,,,,,,,,,,,,,,,,,,,,,,,,,,,,,,,,,,,,,,,,,,,,,,,,,,,,,,,,,,,,,,,,,,,,,,,,,,,,,,,,,,,,,,,,,,,,,,,,,,,,,,,,,,,,,,,,,,,,,,,,,,"{""type"":""Point"",""coordinates"":[12.1534082,47.572737]}"
Feature,node/1446234771,Attnang-Puchheim,38a,4800,Römerstraße,,office@intersport-bauer.at,InterSport Bauer,"Mo-Fr 08:30-12:00, 14:00-18:00; Sa 08:30-18:00",,+43 7674 62817,,,,bicycle,https://www.intersport-bauer.at/,node/1446234771,,,,AT,,,,,,,,,,,,yes,,,,,,,,,,,,,,,,,,,,,,,,,,,,,,,,,,,,,,,,,,,,,,,,,,,,,,,,,,,,,,,,,,,,,,,,,,,,,,,,,,,,,,,,,,,,,,,,,,,,,,,,,,,,,,,,,,,,,,,,,,,,,,,,,,,,,,,,,,,,,,,,,,,,,,,,,,,,,,,"{""type"":""Point"",""coordinates"":[13.7227914,48.0107092]}"
Feature,node/1446972380,Schwoich,6,6334,Egerbach,,,Radsport Schuler,"Mo,Tu,Th,Fr 09:00-12:00, 14:00-18:00; Sa 09:00-12:00",,,,,,bicycle,,node/1446972380,,,,,,,,,,,,,,,,,,,firma@radsport-schuler.at,,,,,,,,,,,+43 5372 58002,+43 5372 58339,,,,,,,,,,,,,www.radsport-schuler.at,,,,,,,,,,,,,,,,,,,,,,,,,,,,,,,,,,,,,,,,,,,,,,,,,,,,,,,,,,,,,,,,,,,,,,,,,,,,,,,,,,,,,,,,,,,,,,,,,,,,,,,,,,,,,,,,,,,,,,,,,,,,,,,,,,,"{""type"":""Point"",""coordinates"":[12.1547846,47.5557773]}"
Feature,node/1448091709,Salzburg,20a,5020,Bayerhamerstraße,2023-11-18,office@gt2.at,Gran Tourismo Bike,"Tu-We 9:00-18:00; Th-Fr 9:00-19:00; Sa 9:00-13:00 || ""nach Vereinbarung""",Gran Tourismo Bike GmbH,+43 660 8390600;+43 660 2301074,yes,yes,yes,bicycle,https://www.gt2.bike/,node/1448091709,,yes,,,,,,,,,,,,,,,,,,,,,,,,,,,,,,,,,,,,,,,,,,,,,,,,,,,,,,,,,,,,,,,,,,,,,,,,,,,,,,,,,,,,,,,,,,,,,,,,,,,,,,,,,,,,,,,,,,,,,,,,,,,,,,,,,,,,,,,,,,,,,,,,,,,,,,,,,,,,,,,,,,,,,,,,,,,,,"{""type"":""Point"",""coordinates"":[13.0506779,47.8133299]}"
Feature,node/1458853734,Niederwaldkirchen,41,4174,,,,Popaflo GmbH,,,,,,,bicycle,https://www.popaflo.at,node/1458853734,,,,AT,,,,,,,,,,,,,,,,,,,,,,,,Baumgartsau,,,,,,,,,,,,,,,,,,,,,,,,,,,,,,,,,,,,,,,,,,,,,,,,,,,,,,,,,,,,,,,,,,,,,,,,,,,,,,,,,,,,,,,,,,,,,,,,,,,,,,,,,,,,,,,,,,,,,,,,,,,,,,,,,,,,,,,,,,,,,,,,,,,"{""type"":""Point"",""coordinates"":[14.090588,48.4631041]}"
Feature,node/1461626973,Wien,48,1020,Praterstraße,,sporthausrih@gmx.at,Radsport RIH,"Mo-Fr 08:30-13:00,14:00-18:00; Sa 08:30-12:00",,+43 1 2145180,,,yes,bicycle,https://radsport-rih.webnode.at,node/1461626973,,yes,,AT,,,,,,,,,,,no,yes,,2025-05-05,,,,,,,,,,,,,,,,,,,,,,,,,,,,,,,,,,,,,,,,,,,,,,,,,,,,,,,,,,,,,,,,,,,,,,,,,,,,,,,,,,,,,,,,,,,,,,,,,,,,,,,,,,,,,,,,,,,,,,,,,,,,,,,,,,,,,,,,,,,,,,,,,,,,,,,,,,,,,"{""type"":""Point"",""coordinates"":[16.3863845,48.2155277]}"
Feature,node/1467238436,Wien,33,1070,Neubaugasse,2025-09-16,,Vello Bike,Tu-Fr 10:30-18:30; Sa 10:30-17:00,,,,,,bicycle,https://vello.bike,node/1467238436,,,,AT,,,,,,,,,,,no,no,,2025-02-24,,,,,,,,,,,,,,,,,,,,,,,,,,,,,,,,,,,,,,,,,,,,,,,,,,,,,,,,,,,,,,,,,2025-09-16,,,,,,,,,,,,,,,,,,,,,,,,,,,,,,,,,,,,,,,,,,,,,,,,,,,,,,,,,,,,,,,,,,,,,,,,,,,,,,,,,,,,,,,,,,,,"{""type"":""Point"",""coordinates"":[16.3489357,48.2015269]}"
Feature,node/1468342897,,30,5203,Spanswag,,,Top-in-Form,,,,,,,bicycle,https://www.top-in-form.at/,node/1468342897,,,,,,,,,,,,,,,,,,,,,,,,,,,,,,,,,,,,,,,,,,,,,,,,,,,,,,,,,,,,,,,,,,,,,,,,,,,,,,,,,,,,,,,,,,,,,,,,,,,,,,,,,,,,,,,,,,,,,,,,,,,,,,,,,,,,,,,,,,,,,,,,,,,,,,,,,,,,,,,,,,,,,,,,,,,,,,,"{""type"":""Point"",""coordinates"":[13.1739672,47.9646574]}"
Feature,node/1469249660,Wolkersdorf im Weinviertel,12,2120,Hauptstraße,,,Hrebenda,"Mo-Fr 08:00-12:00, Mo-We 15:00-18:00; Fr 15:00-18:00; Sa 09:00-12:00; PH off",,,,,,bicycle,https://zweirad-hrebenda.at/kontakt/,node/1469249660,,,,AT,,,,,,,,,,,,,,,,,,,,,,,,,,,+43 2245 2343,,,,,,,,,,,,,,,,,,,,,,,,,,,,,,,,,,,,,,,,,,,,,,,,,,,,,,,,,,,,,,,,,,,,,,,,,,,,,,,,,,,,,,,,,,,,,,,,,,,,,,,,,,,,,,,,,,,,,,,,,,,,,,,,,,,,,,,,,,,,,,,,"{""type"":""Point"",""coordinates"":[16.5165531,48.3842126]}"
Feature,node/1474026700,,,,,,,Innfeld,"Mo-We,Fr 08:00-12:00,14:00-18:00; Th,Sa off",,,,,,bicycle,,node/1474026700,,,,,,,,,,,,,,,,yes,,,,,,,,,,,,,,,,,,,,,,,,,,,,,,,,,,,,,,,,,,,,,,,,,,,,,,,,,,,,,,,,,,,,,,,,,,,,,,,,,,,,,,,,,,,,,,,,,,,,,,,,,,,,,,,,,,,,,,,,,,,,,,,,,,,,,,,,,,,,,,,,,,,,,,,,,,,,,,,"{""type"":""Point"",""coordinates"":[9.5979984,47.2576736]}"
Feature,node/1487926922,Klagenfurt am Wörthersee,,,,2022-10-07,,Beinl Ihr Zweiradfachmann,"Mo-Fr 08:30-12:00,14:30-18:00",,,,,yes,bicycle,,node/1487926922,,,,AT,,,,,,,,,,,,yes,,,,,,,,,,,,,yes,,,,,,,,,,,,,,,,,,,,,,,,,,,,,,,,,,,,,,,,,,,,,,,,,,,,,,,,,,,,,,,,,,,,,,,,,,,,,,,,,,,,,,,,,,,,,,,,,,,,,,,,,,,,,,,,,,,,,,,,,,,,,,,,,,,,,,,,,,,,,,,,,,"{""type"":""Point"",""coordinates"":[14.2867451,46.6127431]}"
Feature,node/1488953956,,,,,,shop@radsport-ploeckinger.at,Radsport Plöckinger,,,,,,yes,bicycle,,node/1488953956,,,,,,,,,,,,,,,,,,,,,,,,,,,,,,,,,,,,,,,,,,,,,,,,,,,,,,,,,,,,,,,,,,,,,yes,,,,,,,,,,,,,,,,,,,,,,,,,,,,,,,,,,,,,,,,,,,,,,,,,,,,,,,,,,,,,,,,,,,,,,,,,,,,,,,,,,,,,,,,,,,,,,,,,,,,,,,,,,"{""type"":""Point"",""coordinates"":[13.9179678,48.4081022]}"
Feature,node/1534663023,Waidhofen an der Ybbs,5,3340,Ybbstorgasse,,,Radsport Ginner,"Tu-Fr 08:00-12:00, 14:30-18:00; Sa 08:30-12:00",,,,,yes,bicycle,https://ginnersport.com/pages/waidhofen,node/1534663023,,yes,,AT,,,,,,,,,,,,yes,,,,,,,,,,,,,,,+43 7442 553 43,,,,,,,,,,,,,,,,,,,,,,,,,,,,,,,,,,,,,,,,,,,,,,,,,,,,,,,,,,,,,,,,,,,,,,,,,,,,,,,,,,,,,,,,,,,,,,,,,,,,,,,,,,,,,,,,,,,,,,,,,,,,,,,,,,,,,,,,,,,,,,,,"{""type"":""Point"",""coordinates"":[14.7760583,47.9606164]}"
Feature,node/1559378334,Radenthein,6,9545,Holunderweg,,,Armin's Radlwerkstatt,,,,,,yes,bicycle,https://www.arminsradlwerkstatt.at/,node/1559378334,,yes,no,AT,,,,,,,,,,,yes,no,,,,,-1,no,,,,,,,,,,,,,,,,,,,,,,,,,,,,,,,,,,,,,,,,,,,,,,,,,,,,,,,,,,,,,,,,,,,,,,,,,,,,,,,,,,,,,,,,,,,,,,,,,,,,,,,,,,,,,,,,,,,,,,,,,,,,,,,,,,,,,,,,,,,,,,,,,,,,,,,,,"{""type"":""Point"",""coordinates"":[13.7198633,46.7949473]}"
Feature,node/1560353447,,,,,,,Zweiradcenter Mörtenbäck,,,,,,yes,bicycle,,node/1560353447,,yes,,,,,,,,,,,,,,yes,,,,,,,,,,,,,,,,,,,,,,,,,,,,,,,,,,,,,,,,,,,,,,,,,,,,,,,,,,,,,,,,,,,,,,,,,,,no,,,,,,,,,,,,,,,,,,,,,,,,,,,,,,,,,,,,,,,,,,,,,,,,,,,,,,,,,,,,,,,,,,,,,,,,,,,,,,,,,,,,"{""type"":""Point"",""coordinates"":[14.0232453,48.3093921]}"
Feature,node/1614008622,Zeltweg,14,8740,Bundesstraße,,office@sportundservice4you.at,Sport und Service 4 you,"Mo-Fr 09:00-12:00,14:30-18:00",,+43 3577 20934,,,,bicycle,http://www.sportundservice4you.at,node/1614008622,,yes,,AT,,,,,,,,,,,,,,,,,,,,,,"Fahrräder, Langlauf, Tennis",,,,,,,,,,,,,,,,,,,,,,,,,,,,,,,,,,,,,,,,,,,,,,,,,,,,,,,,,,,,,,,,,,,,,,,,,,,,,,,,,,,,,,,,,,,,,,,,,,,,,,,,,,,,,,,,,,,,,,,,,,,,,,,,,,,,,,,,,,,,,,,,,,,,,"{""type"":""Point"",""coordinates"":[14.7464601,47.1952709]}"
Feature,node/1637028174,,,,,,,2radholly,"Mo off; Tu-Fr 08:00-12:00; Sa 08:00-13:00; Su,PH off",Marc Bösch,,,,yes,bicycle,,node/1637028174,,yes,yes,,,,,,,,,,,,,,,,info@2radholly.at,,,,,,,,,,,,+43 5577 82471,,,,,,,,,,,,,http://www.2radholly.at/,,,,,,,,,2rad Holly,,,,,,,,,,,,,,,,,,,,,,,,https://www.facebook.com/2RadHollyMarcBoesch/,,,,,,,,,,,,,,,,,,,,,,,,,,,,,,,,,,,,,,,,,,,,,,,,,,,,,,,,,,,,,,,,,,,,,,,,,,,,,,,,,,,,,,,,,,,,,,,,,,"{""type"":""Point"",""coordinates"":[9.6598608,47.4307073]}"
Feature,node/1672769692,St. Pölten,33,3100,Mariazeller Straße,,,Red plates,,,+43 2742 41 911,,,,bicycle,https://redplates.at/,node/1672769692,,,,AT,,,,,,,,,,,,,,,,,,,,,,,,,,,,,,,,,,,,,,,,,,,,,,,,,,,,,,,,,,,,,yes,,,,,,,,,,,,,,,,,,,,,,,,,,,position,,,,,,,,,,,,,,,,,,,,,,,,,,,,,,,,,,,,,,,,,,,,,,,,,,,,,,,,,,,,,,,,,,,,,,,,,,,,,,,,,,,"{""type"":""Point"",""coordinates"":[15.621467,48.1967696]}"
Feature,node/1693933200,Sankt Johann im Pongau,19,5600,Färbergasse,,shop@radsportgarage.at,Moser Radsport -Die Radsportgarage,"Mo-Tu 09:30-12:00,14:00-19:00; We 15:00-19:00; Th-Fr 09:30-12:00,14:00-19:00; Sa 09:00-12:00",Alexander Moser,+43 660 1424746,yes,,yes,bicycle,https://www.radsportgarage.at/,node/1693933200,,yes,,AT,,yes,,,,yes,,,yes,,,,,,,,,,,,,,,,,,,,yes,,,,,,,,,,,,,,,,,,,,,,,,,,,,,,,,,,,,,,,,,,,,,,,,,,,,,,,,,,,,yes,,,,,,,,,,,,,,,,,,,,,,,,,,,,,,,,,,,,,,,,,,,,,,,,,,,,,,,,,,,,,,,,,,,,,,,,,,,,,,,,,,"{""type"":""Point"",""coordinates"":[13.2054624,47.3432389]}"
Feature,node/1699971801,Knittelfeld,19,8720,Frauengasse,,,Radhaus Murtal,,Inh. Gregor Wöhry,,,,,bicycle,http://www.haimlinger.at/,node/1699971801,,,,AT,,,,,,,,,,,,,,,,,,,,,,,,,,,,,,,,,,,,,,,,,,,,,,,,,,,,,,,,,,,,,,,,,,,,,,,,,,,,,,,,,,,,,,,,,,,,,,,,,,,,,,,,,,,,,,,,,,,,,,,,,,,,,,,,,,,,,,,,,,,,,,,,,,,,,,,,,,,,,,,,,,,,,,,,,,,"{""type"":""Point"",""coordinates"":[14.8276858,47.2152129]}"
Feature,node/1704169756,Wolfsberg,7,9400,Roßmarkt,,,Zweirad Scharf,,,+43 4352 3312,,,,bicycle,https://www.zweirad-scharf.at,node/1704169756,,,,,,,,,,,,,,,,yes,,,,,,,,,,,,,,,,,,,,,,,,,,,,,,,,,,,,,,,,,,,,,,,,,,,,,,,,,,,,,,,,,,,,,,,,,,,,,,,,,,,,,,,,,,,,,,,,,,,,,,,,,,,,,,,,,,,,,,,,,,,,,,,,,,,,,,,,,,,,,,,,,,,,,,,,,,,,,,,"{""type"":""Point"",""coordinates"":[14.8410561,46.8393617]}"
Feature,node/1714539953,Mattersburg,1,7210,Hauptstraße,,,RADWELT Michi Knopf,,,+43 2626 63224,,,,bicycle,,node/1714539953,,,,AT,,,,,,,,,,,,,,,,,,,,,,,,,,,,,,,,,,,,,,,,,,,,,,,,,,,,,,,,,,,,,,,,,,,,,,,,,,,,,,,,,,,,,,,,,,,,,,,,,,,,,,,,,,,,,,,,,,,,,,,,,,,,,,,,,,,,,,,,,,,,,,,,,,,,,,,,,,,,,,,,,,,,,,,,,,,"{""type"":""Point"",""coordinates"":[16.3979137,47.7364178]}"
Feature,node/1717617411,,,,,,,Radhaus,,,,,,,bicycle,,node/1717617411,,,,,,,,,,,,,,,,,,,,,,,,,,,,,,,,,,,,,,,,,,,,,,,,,,,,,,,,,,,,,,,,,,,,,,,,,,,,,,,,,,,,,,,,,,,,,,,,,,,,,,,,,,,,,,,,,,,,,,,,,,,,,,,,,,,,,,,,,,,,,,,,,,,,,,,,,,,,,,,,,,,,,,,,,,,,,,,"{""type"":""Point"",""coordinates"":[13.517403,48.4071403]}"
Feature,node/1726625794,Wien,4,1050,Mittersteig,,kontakt@dasradhaus.at,Das Radhaus,Mo-Fr 11:00-19:00,,+43 1 3537234,,,yes,bicycle,http://dasradhaus.at/,node/1726625794,,no,yes,AT,,,,,,,,,,,yes,yes,,2026-01-03,,,,,,,,,,,,,,,,,,,,,,,,,,,,,,,,,,,,,,,,,,,,,,,,,,,,,,,,,,,,,,,,,,,,,,,,,,,,,,,,,,,,,,,,,,,,,,,,,,,,,,,,,,,,,,,,,,,,,,,,,,,,,,,,,,,,,,,,,,,,,,,,,,,,,,,,,,,,,"{""type"":""Point"",""coordinates"":[16.3636715,48.1918909]}"
Feature,node/1727002927,Dornbirn,27,6850,Hatlerstraße,,,Fahrradhaus Winder,"Mo-Fr 08:00-12:00,14:00-18:00; Sa 09:00-12:00",Winder Gerhard GmbH,,,,yes,bicycle,,node/1727002927,,,,AT,,,,,,,,,,,no,,,,,,,,,,,,,,,,,,,,,,,,,yes,,,,,,,,,,,,,,,,,,,,,,,,,,,,,,,,,,,,,,,,,,,,,,,,,,,,,,,,,,,,,,,,,,,,,,,,,,,,,,,,,,,,,,,,,,,,,,,,,,,,,,,,,,,,,,,,,,,,,,,,,,,,,,,,,,,,,,,"{""type"":""Point"",""coordinates"":[9.7376622,47.4017044]}"
Feature,node/1729252913,Wien,9,1020,Tandelmarktgasse,,,Radort,"Mo,Fr 09:00-17:00",,+4318906437,,,yes,bicycle,http://radort.at,node/1729252913,,,yes,AT,,,,,,,,,,,,,,2026-03-04,,,,,,,,,,,,,,,,,,,,,,,,,,,,,,,,,,,,,,,,,,,,,,,,,,,,,,,,,,,,,,,,,,,,,,,,,,,,,,,,,,,,,,,,,,,,,,,,,,,,,,,,,,,,,,,,,,,,,,,,,,,,,,,,,,,,,,,,,,,,,,,,,,,,,,,,,,,,,"{""type"":""Point"",""coordinates"":[16.3792381,48.2172643]}"
Feature,node/1729252918,Wien,19,1210,Galvanigasse,,wolfgang.dorfinger@chello.at,Dorfinger,"Mo-Fr 08:00-12:00, 14:00-18:00; Sa 09:00-12:00",,,,,,bicycle,https://www.2rad-dorfinger.at/,node/1729252918,,,,AT,,,,,,,,,,,no,,,,,,,,,,,,,,,,,,,,,,,,,,,,,,,,,,,,,,,,,,,,,,,,,,,,,,,,,,,,,,,,,,,,,,,,,,,,,,,,,,,,,,,,,,,,,,,,,,,,,,,,,,,,,,,,,,,,,,,,,,,,,,,,,,,,,,,,,,,,,,,,,,,,,,,,,,,,,,,,"{""type"":""Point"",""coordinates"":[16.3936586,48.2638194]}"
Feature,node/1731066461,Wien,13,1020,Praterstraße,,,VELETAGE - Salon für Radkultur,Tu-Fr 11:00-18:00; Sa 10:00-17:00,veletage GmbH,+43 1 2124911,,,,bicycle,https://veletage.com/,node/1731066461,,,,AT,,,,,,,,,,,no,,,2025-05-05,,,,,,,,,,,,,,,,,,,,,,,,,,,,,,,,,,,,,,,,,,,,,,,,,,,,,,,,,,,,,,,,,,,,,,,,,,,,,,,,,,,,,,,,,,,,,,,,,,,,,,,,,,,,,,,,,,,,,,,,,,,,,,,,,,,,,,,,,,,,,,,,,,,,,,,,,,,,,"{""type"":""Point"",""coordinates"":[16.3814861,48.2133232]}"
Feature,node/1731066483,Wien,2,1020,Gredlerstraße,,office@radmechaniker.at,Radmechaniker,Mar-Nov Mo-Fr 10:00-17:00; Dec Mo-Fr 10:00-14:00; Feb Mo-Fr 10:00-14:00; Dec 21-Jan 29 off; PH off,Horst May,+43 664 4415515,,,yes,bicycle,https://www.radmechaniker.at/,node/1731066483,,yes,,AT,,,,,,,,,,,no,,,,,,,,,,,,,,,,,,,,,,,,,,,,,,,,,,,,,,,,,,,,,,,,,,,,,,,,,,,,,,,,,,,,,,,,,,,,,,,,,,,,,,,,,,,,,,,,,,,,,,,,,,,,,,,,,,,,,,,,,,,,,,,,,,,,,,,,,,,,,,,,,,,,,,,,,,,,,,,,"{""type"":""Point"",""coordinates"":[16.3780968,48.2134856]}"
Feature,node/1753666825,Salzburg,39,5020,Fürstenallee,,,Radlfürst,"Mo-Fr 09:00-12:00,14:00-18:00; Sa 09:00-12:00",Radlfürst GmbH,+43 662 823723,,,,bicycle,https://www.radlfuerst.at/,node/1753666825,,,,AT,,,,,,,,,,,,,,,,,,,,,,,,,,,,,,,,"Der Radlfürst ist ein familiengeführtes Fahrradgeschäft mit Werkstätte in der Fürstenalle 39 im Stadtteil Nonntal, welches seit 1975 ein Traditionsstandort für das Thema „Fahrrad“ ist. Dein Ansprechpartner in der Umgebung für Familien und Alltagsradfahre",,,,,,,,,,,,,,,,,,,,,,,,,,,,,,,,,,,,,,,,,,,,,,,,,,,,,,,,,,,,,,,,,,,,,,,,,,,,,,,,,,,,,,,,,,,,,,,,,,,,,,,,,,,,,,,,,,,,,,,,,,,,,,,,,,,,,,,,,,,"{""type"":""Point"",""coordinates"":[13.0513348,47.785482]}"
Feature,node/1760084154,Innsbruck,97,6020,Fürstenweg,,,Bike Stadl,"Mo 10:00-15:00,16:00-19:00; Tu,Th,Fr 10:00-15:00",,,,,yes,bicycle,https://www.bike-stadl.at/,node/1760084154,,,,AT,,,,,,,,,,,,,,,,,,,,,,,,,,,,,,,,,,,,,,,,,,Hötting,,,,,,,,,,,,,,,,,,,,,,,,,,,,,1998,,,,,,,,,,,,,,,,,,,,,,,,,,,,,,,,,,,,,,,,,,,,,,,,,,,,,,,,,,,,,,,,,,,,,,,,,,,,,,,,,,,,,,,,,,,,,,,,,,,,"{""type"":""Point"",""coordinates"":[11.3722065,47.2615521]}"
Feature,node/1760393379,Feldkirch,77,6800,Austraße,,,Fahrrad Nachbaur,"Mo-We,Fr,Sa 09:00-12:00, Mo-We,Fr 16:00-19:00",,+43 5522 76407,,,yes,bicycle,,node/1760393379,,,,AT,,,,,,,,,,,,limited,,,,,,,,,,,,,,,,,,,,,,,,,,,,,,,,,,,,,,,,,,,,,,,,,,,,,,,,,,,,,,,,,,,,,,,,,,,,,,,,,,,,,,,,,,,,,,,,,,,,,,,,,,,,,,,,,,,,,,,,,,,,,,,,,,,,,,,,,,,,,,,,,,,,,,,,,,,,,,,"{""type"":""Point"",""coordinates"":[9.5907915,47.263703]}"
Feature,node/1764558479,Wien,35,1070,Westbahnstraße,,info@reanimated-bikes.eu,Reanimated Bikes,"Mo-Fr 09:30-12:30,13:00-18:30",,,,,yes,bicycle,https://www.reanimated-bikes.eu/,node/1764558479,,,,AT,,,,,,,,,,,yes,no,,,,,,yes,,,,,,,,,,,,,,,,,,,,,,,,,,,,,,,,,,,,,,,,,,,,,,,,,,,,,,,,,,,,,,,,,,,,,,,,,,,,,,,,,,,,,,,,,,,,,,,,,,,,,,,,,,,,,,,,,,,,,,,,,,,,,,,,,,,,,,,,,,,,,,,,,,,,,,,,,"{""type"":""Point"",""coordinates"":[16.3411008,48.2017211]}"
Feature,node/1774359945,Wiener Neudorf,10,2351,Nestroyweg,,,BIKEFLOH,,,,,,yes,bicycle,,node/1774359945,,,,AT,,,,,,,,,,,,,,,service@bikefloh.at,,,,,,,,,,,,,,,,,,,,,,,,,http://www.bikefloh.at,,,,,,,,,,,,,,,,,,,,,,,,,,,,,,,,,,,,,,,,,,,,,,,,,,,,,,,,,,,,,,,,,,,,,,,,,,,,,,,,,,,,,,,,,,,,,,,,,,,,,,,,,,,,,,,,,,,,,,,,,,,,,,,,,,,"{""type"":""Point"",""coordinates"":[16.3242913,48.0910149]}"
Feature,node/1774439001,,,,,,,Lietz - Radshop Ybbsitz,Mo-Fr 09:00-18:00,,,,,,bicycle,https://www.lietz.at/fahrrad/,node/1774439001,,,,,,,,,,,,,,,,,,,,,,,,,,,,,,,+43 7443 86512,,,,,,,,,,,,,,,,,,,,,,,,,,,,,,,,,,,,,,,,,,,,,,,,,,,,,,,,,,,,,,,,,,,,,,,,,,,,,,,,,,,,,,,,,,,,,,,,,,,,,,,,,,,,,,,,,,,,,,,,,,,,,,,,,,,,,,,,,,,,,,,,"{""type"":""Point"",""coordinates"":[14.8960099,47.9485804]}"
Feature,node/1782556414,Graz,50,8020,Annenstraße,,,RadAktiv,"Mo-Fr 09:00-12:30, Sa 09:00-13:00, Mo-Fr 14:00-18:00; Su,PH off",,,,,yes,bicycle,,node/1782556414,,,,AT,,,,,,,,,,,no,no,,2025-06-06,,,0,,,,,,,,,,+43 316 23 21 01,,,,,,,,,,,,,https://www.radaktiv.at,,,,,,,,,,,,,,,,,,,,,,,,,,,,,,,,,,,,,,,,,,,,,,,,,,poster,yes,EP:Grohs,limited,,,,,,,,,,,,,,,,,,,,,,,,,,,,,,,,,,,,,,,,,,,,,,,,,,,,,,,,,,,,,,,,,,,,,,,,,,,,,,"{""type"":""Point"",""coordinates"":[15.4235824,47.0713965]}"
Feature,node/1801463093,,,,,,,Intersport,Mo-Fr 08:30-18:00; Sa 08:30-17:00,,+43 2952 2148,,,,bicycle,,node/1801463093,,,,,,,,,,,,,,,no,yes,,,,,,,,,,,,,,,,,,,,,,,,,,,,,,,,,,,,,,,,,,,,,,,,,,,,,,,,,,,,,,,,,,,,,,,,,,,,,,,,,,,,,,,,,,,,,,,,,,,,,,,,,,,,,,,,,,,,,,,,,,,,,,,,,,,,,,,,,,,,,,,,,,,,,,,,,,,,,,,"{""type"":""Point"",""coordinates"":[16.0796732,48.5682639]}"
Feature,node/1802826463,,,,,,,Alpensports,Mo-Fr 09:00-17:30; Sa 09:00-13:00,,,,,,bicycle,,node/1802826463,,,,,,,,,,,,,,,no,,bicycle_rental,,,,,,,,,,,,,,,,,,,,,,,,,,,,,,,,,,,,,,,,,,,,,,,,,,,,,,,,,,,,,,,,,,,,,,,,,,,,,,,,,bus_trap,,,,,,,,,,,,,,,,,,,,,,,,,,,,,,,,,,,,,,,,,,,,,,,,,,,,,,,,,,,,,,,,,,,,,,,,,,,,,"{""type"":""Point"",""coordinates"":[13.2948539,46.7166711]}"
Feature,node/1815083800,Gaspoltshofen,12,4673,,,,Vormair,,Josef Vormaier,,,,,bicycle,,node/1815083800,,,,AT,,,,,,,,,,,,,,,,,,,,,,,,Jeding,,,,,,,,,,,,,,,,,,,,,,,,,,,,,,,,,,,,,,,,,,,,,,,,,,,,,,,,,,,,,,,,,,,,,,,,,,,,,,,,,,,,,,,,,,,,,,,,,,,,,,,,,,,,,,,,,,,,,,,,,,,,,,,,,,,,,,,,,,,,,,,,,,,"{""type"":""Point"",""coordinates"":[13.7325048,48.1393727]}"
Feature,node/1845802485,Wien,2/6,1150,Toldgasse,,info@radstube.at,Radstube,"Mo 15:00-20:00, Mo-Fr *nach telefonischer Vereinbarung*",Radstubenkollektiv OG,+43 677 64339976,,,yes,bicycle,https://radstube.at/,node/1845802485,,,,AT,,,,,,yes,,,,,,,,,,,,,,,,,,,,,,,,,,,,,,,,,,,,,,,,,,,,,,,,,,,,,,,,,,,,,,,,,,,,,,,,,,,,,,,,,,,,,,,,,,,,,,,,,,,,,,,,,,,,,,,,,,,,,,,,,,,,,,,,,,,,,,,,,,,,,,,,,,,,,,,,,,,,,,,,,,,,,"{""type"":""Point"",""coordinates"":[16.316342,48.2011789]}"
Feature,node/1852081106,Graz,27,8010,Kopernikusgasse,,,Die Radlerei,"Mo,Tu,Th 09:00-12:00,13:30-18:00; We,Fr 09:00-13:00",David Bernkopf,,,,yes,bicycle,https://www.dieradlerei.at/,node/1852081106,,,yes,AT,,,,,,,,,yes,yes,no,no,,2026-02-11,david@dieradlerei.at,,,,,,,,survey,,no,,+43 660 160 4029,,,,,,,,,,,,,,,,,,,,,,,,,,,,,,,,,,,,,,,,,,,,,,,,,,,,,,,,,,,,,,,,,,,,,,,,,,,,,,,,,,,,,,,,,,,,,,,,,,,,,,,,,,,,,,,,,,,,,,,,,,,,,,,,,,,,,,,,,,,,,,,,"{""type"":""Point"",""coordinates"":[15.4516758,47.0652748]}"
Feature,node/1865461723,Graz,5,8010,Reiterweg,,,Steirerbike,"Mo-Fr 09:00-13:00, 14:00-18:00",,,,,yes,bicycle,https://www.steirerbike.at,node/1865461723,,yes,,AT,,,,,,,,,,,,,,,,,,,,,,,,,,,,,,,,,,,,,,,,,,,,,,,,,,,,,,,,,,,,,,,,,,,,,,,,,,,,,,,,,,,,,,,,,,,,,,,,,,,,,,,,,,,,,,,,,,,,,,,,,,,,,,,,,,,,,,,,,,,,,,,,,,,,,,,,,,,,,,,,,,,,,,,,,,,"{""type"":""Point"",""coordinates"":[15.4599728,47.0751127]}"
Feature,node/1870114147,,,,,,,Wollinger Sports,,,,,,,bicycle,,node/1870114147,,,,,,,,,,,,,,,,,,,,,,yes,,,,,,,,,,,,,,,,,,,,,,,,,,,,,,,,,,,,,,,,,,,,,,,,,,,,,,,,,,,,,,,,,,,,,,Fahrrad- und Segwayvermietung,,,,,,,,,,,,,,,,,,,,,,,,,,,,,,,,,,,,,,,,,,,,,,,,,,,,,,,,,,,,,,,,,,,,,,,,,,,,,,,,,,,"{""type"":""Point"",""coordinates"":[13.1689504,46.989042]}"
Feature,node/1871815124,Graz,390,8054,Kärntner Straße,,,Geero E-Bike Store,,,,,,,bicycle,https://www.geero.at/,node/1871815124,,,,AT,,,,,,,,,,,,,,,,,,,,,,,"„Woche, 8.4.15“",,,,,,,,,,,,,,,,,,,,,,,,,,,,,,,,,,,,,,,,,,,,,,,,,,,,,,,,,,,,,,,,,,,,,,,,,,,,,,,,,,,,,,,,,,,,,,,,,,,,,,,,,,,,,,,,,,,,,,,,,,,,,,,,,,,,,,,,,,,,,,,,,,,,"{""type"":""Point"",""coordinates"":[15.3999058,47.0252247]}"
Feature,node/1884382002,,24,8082,,,,Peter Grasmugg,,,,,,,bicycle,https://www.grasmugg.at/,node/1884382002,,,,AT,,,,,,,,,,,,,,,,,,,,,,,,Kirchbach in Steiermark,,,,,,,,,,,,,,,,,,,,,,,,,,,,,,,,,,,,,,,,,,,,,,,,,,,,,,,,,,,,,,,,,,,,,,,,,,,,,,,,,,,,,,,,,,,,,,,,,,,,,,,,,,,,,,,,,,,,,,,,,,,,,,,,,,,,,,,,,,,,,,,,,,,"{""type"":""Point"",""coordinates"":[15.6616217,46.932312]}"
Feature,node/1891142956,Kindberg,18,8650,Hauptstraße,,,Zweirad Windbacher,"Mo-Fr 08:30-12:00, 14:30-18:00; Sa 08:30-12:00",Trippl GmbH,,,,,bicycle,https://www.zweirad-windbacher.bike/,node/1891142956,,,,AT,,,,,,,,,,,,,,,,,,,,,,,,,,,+43 3865 2101,,,,,,,,,,,,,,,,,,,,,,,,,,,,,,,,,,,,,,,,,,,,,,,,,,,,,,,,,,,,,,,,,,,,,,,,,,,,,,,,,,,,,,,,,,,,,,,,,,,,,,,,,,,,,,,,,,,,,,,,,,,,,,,,,,,,,,,,,,,,,,,,"{""type"":""Point"",""coordinates"":[15.4490076,47.5067239]}"
Feature,node/1896970765,,,,,,,Radsport Eckschlager,,,,,,,bicycle,https://www.bike-gastein.at/,node/1896970765,,,,,,,,,,,,,,,,,,,,,,,,,,,,,,,,,,,,,,,,,,,,,,,,,,,,,,,,,,,,,,,,,,,,,,,,,,,,,,,,,,,,,,,,,,,,,,,,,,,,,,,,,,,,,,,,,,,,,,,,,,,,,,,,,,,,,,,,,,,,,,,,,,,,,,,,,,,,,,,,,,,,,,,,,,,,,,,"{""type"":""Point"",""coordinates"":[13.1042796,47.1766601]}"
Feature,node/1912688494,Wien,6,1160,Yppenplatz,2025-07-03,thomas@fahrradwerk.at,Die kleine Fahrradwerkstatt,"Tu 07:30-10:00,17:00-19:30; We 14:00-18:00; Th 07:30-10:00,14:00-18:00; Fr 15:00-19:00; Mo,Sa,Su,PH off || ""nach Vereinbarung""",,+43 664 5426065,,,yes,bicycle,http://www.fahrradwerk.at,node/1912688494,,,,AT,,,,,,,,,,,yes,no,,,,,,,,,,,,,,,,,,,,,,,,,,,,,,,,,,,,,,,,,"Verleih u Verkauf Elektroräder, Fachreparatur alle Fahrräder, Diebstahlschutz",,,,,,,,,,,,,,,,,,,,,,,,,,,,,,,,,,,,,,,,,,,,,,,,,,,,,,,,,,,,,,,,,,,,,,,,,,,,,,,,,,,,,,,,,,,,,,,,,,,,,,,,,,,,,,,,,,,,,,"{""type"":""Point"",""coordinates"":[16.33588,48.2130541]}"
Feature,node/1912698016,Wien,6,1160,Hasnerstraße,,,Radwerkstatt,"We, Fr 09:00-14:00; Mo, Tu,Th 14:00-18:30; Sa, Su, PH off",,+43 1 236 34 88,,,yes,bicycle,https://www.radwerkstatt.at/,node/1912698016,,,,AT,,,,,,,,,,,yes,,,,,,,,,,,,,,,,,,,,,,,,,,,,,,,,,,,,,,,,,,Öffnungszeiten können saisonal unterschiedlich sein.,,,,,,,,,,,,,,,,,,,,,,,,,,,,,,,,,,,,,,,,,,yes,,,,,,,,,,,,,,,,,,,,,,,,,,,,,,,,,,,,,,,,,,,,,,,,,,,,,,,,,,,,,,,,,,,,,,,,,,,,"{""type"":""Point"",""coordinates"":[16.3364959,48.2076477]}"
Feature,node/1936479866,Wien,12,1090,Severingasse,,fahrrad@wuk.at,fahrrad.selbsthilfe.werkstatt im WUK,Mo-We 15:00-19:00,,,,,no,bicycle,https://fahrrad.wuk.at/,node/1936479866,,no,,AT,,,,,,,,,,,yes,,,,,,,,,,,,,,yes,,,,,,,Fahrrad-Selbsthilfewerkstatt,,,,,,,,,,,,assisted_self_service,,,,,,,,,,,,,,,,,,,,,,,,,,,,,,,,,,,,,,,,,,,,,,,,,,,,,,,,,,,,,,,,,,,,,,,,,,,,,,,,,,,,,,,,,,,,,,,,,,,,,,,,,,,,,,,,,,,,,,,,,,,,,,,"{""type"":""Point"",""coordinates"":[16.3507275,48.2227763]}"
Feature,node/1944144346,Bichlbach,61,6621,Kirchhof,,sportnagele@info.at,NAGELE bike.snow.mountain sports,"2025 Mar 30-2025 Dec 14 Mo-Fr 09:00-12:00,14:00-18:00; 2025 Mar 30-2025 Dec 14 Sa 09:00-12:00; PH closed",,,yes,,yes,bicycle,,node/1944144346,,yes,,AT,,,yes,,yes,,,,,,,,,,,,,yes,,,,,,,,,,,yes,,,,,,,,,,yes,,,,,,,,,yes,,,,,,,,,,yes,,yes,,,,,,,,,,,,,,,,,,,,,,,,,,,,,,,,,,,,,,,,,,,,,,,,,,,,,,,,,,,,,,,,,,,,,,,,,,,,,,,,,,,,,,,,,,,,,,,,,,,,,,,,,,,,,,,"{""type"":""Point"",""coordinates"":[10.7897148,47.4205721]}"
Feature,node/1950773040,,,,,2024-01-06,,Rad Fuchs,,,,,,,bicycle,,node/1950773040,,,,,,,,,,,,,,,,no,,,,,,,,,,,,,,,,,,,,,,,,,,,,,,,,,,,,,,,,,,,,,,,,,,,,,,,,,,,,,,,,,,,,,,,,,,,,,,,,,,,,,,,,,,,,,,,,,,,,,,,,,,,,,,,,,,,,,,,,,,,,,,,,,,,,,,,,,,,,,,,,,,,,,,,,,,,,,,,"{""type"":""Point"",""coordinates"":[14.985382,48.7684873]}"
Feature,node/1955749984,,,,,,,,,,,,,,bicycle,,node/1955749984,,,,,,,,,,,,,,,,,,,,,,,,,,,,,,,,,,,,,,,,,,,,,,,,,,,,,,,,,,,,,,,,,,,,,,,,,,,,,,,,,,,,,,,,,,,,,,,,,,,,,,,,,,,,,,,,,,,,,,,,,,,,,,,,,,,,,,,,,,,,,,,,,,,,,,,,,,,,,,,,,,,,,,,,,,,,,,,"{""type"":""Point"",""coordinates"":[16.6967891,48.2287989]}"
Feature,node/1970223102,,,,,,,Sport Resch,,,,,,,bicycle,http://www.sport-resch.com/,node/1970223102,,,,,,,,,,,,,,,,,,,,,,,,,,,,,,,,,,,,,,,,,,,,,,,,,,,,,,,,,,,,,,,,,,,,,,,,,,,,,,,,,,,,,,,,,,,,,,,,,,,,,,,,,,,,,,,,,,,,,,,,,,,,,,,,,,,,,,,,,,,,,,,,,,,,,,,,,,,,,,,,,,,,,,,,,,,,,,,"{""type"":""Point"",""coordinates"":[11.4660667,47.0909764]}"
Feature,node/1977153743,,,,,,,I-Bike Rental,,,,,,,bicycle,http://www.i-bike.at/,node/1977153743,,yes,,,,,,,,,,,,,,,,,,,,yes,,,,,,,,,,,,,,,,,,,,,,,,,,,,,,,,,,,,,,,,,,,,,,,,,,,,,,,,,,,,,,,,,,,,,,,,,,,,,,,,,,,,,,,,,,,,,,,,,,,,,,,,,,,,,,,,,,,,,,,,,,,,,,,,,,,,,,,,,,,,,,,,,,,,,,,,,"{""type"":""Point"",""coordinates"":[11.3942512,47.2620688]}"
Feature,node/1978233037,Graz,15,8020,Annenstraße,2025-09-03,,Fahrrad-Geschäft,,,,,,yes,bicycle,,node/1978233037,,yes,yes,AT,,,,,,,,,,,no,no,,,,,,,,,,,survey,,,,,,,,,,,,,,,,,,,,,,,,,,,,,,,,,,,,,,,,,,,,,,,,,,,,+43 676 9031816,,,,,,,,,,,,,,,,,,,,,,,,,,,,,,,,,,,,,,,,,,,,,,,,,,,,,,,,,,,,,,,,,,,,,,,,,,,,,,,,,,,,,,,,,,,,,,,,"{""type"":""Point"",""coordinates"":[15.4296495,47.0709209]}"
Feature,node/1982602550,,,,,,,Rad Service Station (bike2train),"Mo 15:00-18:00; Tu-Fr 09:30-12:00, 15:00-18:00",,,,,yes,bicycle,http://www.bike2train.at,node/1982602550,,yes,,,,,,,,,,,,,,,,,,,,yes,,,,,,,,,,,,,,,,,,,,,,,,,,,,,,,,,,,,,,,,,,,,,,,,,,,,,,,,,,,,,,,,,,,,,,,,,,,,,,,,,,,,,,,,,,,,,,,,,,,,,,,,,,,,,,,,,,,,,,,,,,,,,,,,,,,,,,,,,,,,,,,,,,,,,,,,,"{""type"":""Point"",""coordinates"":[16.2429852,48.0044006]}"
Feature,node/1989744739,,,,,,,Zweirad Rainer,"Mo-Sa 09:00-12:00, Mo-Fr 13:00-17:00",,,,,yes,bicycle,,node/1989744739,,yes,no,,,,,,,,,,,,yes,,,,,,,,,,,,,,,,,,,,,,,,,,,,,,,,,,,,,,,,,,,,,,,,,,,,,,,,,,,,,,,,,,,,,,,,,,,,,,,,,,,,,,,,,,,,,,,,,,,,,,,,,,,,,,,,,,,,,,,,,,,,,,,,,,,,,,,,,,,,,,,,,,,,,,,,,,,,,,,,"{""type"":""Point"",""coordinates"":[16.5105867,47.4948421]}"
Feature,node/1991271922,Wien,104,1020,Böcklinstraße,,office@sator-bike.at,Sator Bike Shop,"Mo-Fr 09:00-13:00,14:00-18:00; Sa 09:00-12:00",,,,,yes,bicycle,http://www.sator-bike.at/,node/1991271922,,yes,,AT,,,,,,,,,,,,no,,,,,,,,,,,,,,,,,,,,,,,,,,,,,,,,,,,,,,,,,,,,,,,,,,,,,,,,,,,,,,,,,,,,,,,,,,,,,,,,,,,,,,,,,,,,,,,,,,,,,,,,,,,,,,,,,,,,,,,,,,,,,,,,,,,,,,,,,,,,,,,,,,,,,,,,,,,,,,,"{""type"":""Point"",""coordinates"":[16.4038935,48.2031922]}"
Feature,node/1995362264,Wien,28,1070,Westbahnstraße,,shop@ig-fahrrad.at,ig-fahrrad,Tu-Fr 11:00-18:00; PH off,,,,,yes,bicycle,https://www.ig-fahrrad.at/,node/1995362264,,,,AT,,,,,,,,,,,,yes,,2025-06-26,,,,,,,,,,,,,,,,,,"Rennräder, Klappräder, Accessoirs",,,,,,,,,,,,,,,,,,,,,,,,,,,,,,,,,,,,,,,,yes,,,,,,,,,,,,,,,,,,,,,,,,,,,,,,,,,,,,,,,,,,,,,,,,,,,,,,,,,,,,,,,,,,,,,,,,,,,,,,,,,,,,,,,,,,,,,,,,,,,"{""type"":""Point"",""coordinates"":[16.3443173,48.2019391]}"
Feature,node/1997948798,Innsbruck,131,6020,,,,VELOFLOTT Kids & Cargo,"Tu-Fr 09:30-12:30,14:00-18:00; Sa 10:00-13:00",Veloflott GmbH,+43 512 585 111,,,,bicycle,,node/1997948798,,,,AT,,,,,,,,,yes,,,,,,,,,,,,,,,Viaduktbogen,,,,,yes,,,,,,,,yes,,,,,,,,,,,,,Woom;brompton,,,,,,,,,,,,,,,,,,,,,,,,,,,,,,,,,,,,,,,,,,,,,,yes,yes,,,,,,,,,,,,,,,,,,,,,,,,,,,,,,,,,,,,,,,,,,,,,,,,,,,,,,,,,,,,,,,,,,,,,,,,,,"{""type"":""Point"",""coordinates"":[11.4113279,47.2757752]}"
Feature,node/2008401610,Weiz,2,8160,Klammstraße,,,Fahrradwerkstatt re.use bike,,Pro Mente,,,,,bicycle,,node/2008401610,,,,AT,,,,,,,,,,,,,,,,,,,,,,,,,,,,,,,,,,,,,,,,,,,,,,,,,,,,,,,,,,,,,,,,,,,,,,,,,,,,,,,,,,,,,,,,,,,,,,,,,,,,,,,,,,,,,,,,,,,,,,,,,,,,,,,,,,,,,,,,,,,,,,,,,,,,,,,,,,,,,,,,,,,,,,,,,,,"{""type"":""Point"",""coordinates"":[15.6227661,47.2177314]}"
Feature,node/2024502741,,44,9813,Hauptstraße,,,Amenitsch Gerd,,,,,,,bicycle,,node/2024502741,,,,,,,,,,,,,,,,,,,,,0,,,,,,,,,,,,,,,,,,,,,,,,,,,,,,,,,,,,,,,,,,,,,,,,,,,,,,,,,,,,,,,,,,,,,,,,,,,,,,,,,,,,,,,,,,,,,,,,,,,,,,,,,,,,,,,,,,,,,,,,,,,,,,,,,,,,,,,,,,,,,,,,,,,,,,,,,,"{""type"":""Point"",""coordinates"":[13.3691113,46.8323701]}"
Feature,node/2027150625,,,,,,,Bike Sport Pichler,"Mo-Fr 09:00-12:00,15:00-18:00; Sa 09:00-12:00",,,,,,bicycle,,node/2027150625,,,,,,,,,,,,,,,,,,,,,,,,,,,,,,,,,,,,,,,,,,,,,,,,,,,,,,,,,,,,,,,,,,,,,,,,,,,,,,,,,,,,,,,,,,,,,,,,,,,,,,,,,,,,,,,,,,,,,,,,,,,,,,,,,,,,,,,,,,,,,,,,,,,,,,,,,,,,,,,,,,,,,,,,,,,,,,,"{""type"":""Point"",""coordinates"":[11.0721316,47.305034]}"
Feature,node/2027162257,Rietz,4,6421,Bundesstraße,,,bergwärts,"Mo off; Tu-Fr 09:00-12:00,14:00-18:00; Sa 09:00-12:00; Su off",,+43 5262 68676,,,,bicycle,https://www.bergwaerts.at,node/2027162257,,,,,,,,,,,,,,,,,,2023-06-10,,,,,,,,,,,,,,,,,,,,,,,,,,,,,,,,,,,,,,,,,,,,,,,,,,,,,,,,,,,,,,,,,,,,,,,,,,,,,,,,,,,,,,,,,,,,,,,,,,,,,,,,,,,,,,,,,,,,,,,,,,,,,,,,,,,,,,,,,,,,,,,,,,,,,,,,,,,,,"{""type"":""Point"",""coordinates"":[11.0225671,47.2912724]}"
Feature,node/2036227704,Klosterneuburg,5,3400,Martinstraße,,,Radsport Swoboda,"Tu-Sa 09:00-12:00, Tu,We,Fr 15:00-18:00; Su,Mo,PH off",Franz Swoboda,,,,,bicycle,,node/2036227704,,,,AT,,,,,,,,,,,no,no,,,,,,,,,,,http://www.radsport-swoboda.at/,,,,,,,,,,,,,,,,,,,,,,,,,,,,,,,,,,,,,,,,,,,,,,,,,,,,,,,,,,,,,,,,,,,,,,,,,,,,,,,,,,,,,,,,,,,,,,,,,,,,,,,,,,,,,,,,,,,,,,,,,,,,,,,,,,,,,,,,,,,,,,,,,,,,"{""type"":""Point"",""coordinates"":[16.3239023,48.3104421]}"
Feature,node/2096596151,Schwarzach im Pongau,43,5620,Salzburgerstraße,,,Cube Store Pointner KG,"Mo-Fr 08:30-12:00,13:00-17:00",,,,,,bicycle,,node/2096596151,,,,AT,,,,,,,,,,,,,,2025-04-06,info@pointner.bike,,,,,,,,geoimage.at;Schwarzach--St. Veit-Goldegg Wirtschaftsführer,,,,+43 6415 20010 13,,,,,,,,,,,,,https://www.pointner.bike,,,,,,,,,,,,,,,,,,,,,,,,,,,,,2017-10-01,,,,,,,,,,,,,,,,,,,,,,,,,,,,,,,,,,,,,,,,,,,,,,,,,,,,,,,,,,,,,,,,,,,,,,,,,,,,,,,,,,,,,,,,,,,,,,,,,,,,,,"{""type"":""Point"",""coordinates"":[13.1496842,47.3202012]}"
Feature,node/2109440387,Horn,13,3580,Florianigasse,,,Mandys Fahrradwerkstatt,"Mo,Tu,Th,Fr 09:00-11:45,14:00-17:00; Sa 09:00-12:00",,,,,,bicycle,,node/2109440387,,,,,,,,,,,,,,,,,,,,,,,,,,,,,,,,,,,,,,,,,,,,,,,,,,,,,,,,,,,,,,,,,,,,,,,,,,,,,,,,,,,,,,,,,,,,,,,,,,,,,,,,,,,,,,,,,,,,,,,,,,,,,,,,,,,,,,,,,,,,,,,,,,,,,,,,,,,,,,,,,,,,,,,,,,,,,,,"{""type"":""Point"",""coordinates"":[15.6559982,48.6650365]}"
Feature,node/2136945221,Wien,35,1180,Semperstraße,,,Thomas De Meza Fahrradmechaniker,Mo-Th 10:00-18:00; Fr 13:00-18:00; PH off,,+43 680 2321298,,,yes,bicycle,https://demeza.bike,node/2136945221,,,,,,,,,,,,,,,,,,2020-11-24,demeza-bikes@gmx.at,,,,,,,,,,,,,,,,,,,,,,,,,,,,,,,,,,,,,,,,,,,,,,,,,,,,,,,,,,,,,,,,,,,,,,,,,,,,,,,,,,,,,,,,,,,,,,,,,,,,,,,,,,,,,,,,,,,,,,,,,,,,,,,,,,,,,,,,,,,,,,,,,,,,,,,,,,,,"{""type"":""Point"",""coordinates"":[16.3484718,48.2273613]}"
Feature,node/2139391714,,,,,,,,,,,,,,bicycle,,node/2139391714,,,,,,,,,,,,,,,,,,,,,,,,,,,,,,,,,,,,,,,,,,,,,,,,,,,,,,,,,,,,,,,,,,,,,,,,,,,,,,,,,,,,,,,,,,,,,,,,,,,,,,,,,,,,,,,,,,,,,,,,,,,,,,,,,,,,,,,,,,,,,,,,,,,,,,,,,,,,,,,,,,,,,,,,,,,,,,,"{""type"":""Point"",""coordinates"":[14.3099289,48.0451054]}"
Feature,node/2139391715,,,,,,,,,,,,,,bicycle,,node/2139391715,,,,,,,,,,,,,,,,,,,,,,,,,,,,,,,,,,,,,,,,,,,,,,,,,,,,,,,,,,,,,,,,,,,,,,,,,,,,,,,,,,,,,,,,,,,,,,,,,,,,,,,,,,,,,,,,,,,,,,,,,,,,,,,,,,,,,,,,,,,,,,,,,,,,,,,,,,,,,,,,,,,,,,,,,,,,,,,"{""type"":""Point"",""coordinates"":[14.3105196,48.0436128]}"
Feature,node/2143733882,Graz,29,8054,Weblinger Gürtel,,,fahrradfinden.at outlet,,,,,,,bicycle,http://www.fahrradfinden.at,node/2143733882,,,,AT,,,,,,,,,,,,,,,,,,,,,,,survey,,,,,,,,,,,,,,,,,,,,,,,,,,,Puch,,,,,,,,,,,,,,,,,,,,,Q2/2015,,,,,,,,,,,,,,,,,,,,,,,,,,,,,,,,,,,,,,,,,,,,,,,,,,,,,,,,,,,,,,,,,,,,,,,,,,,,,,,,,,,,,,,,,,,,,,,,,,,,"{""type"":""Point"",""coordinates"":[15.4194857,47.0332771]}"
Feature,node/2150891027,Salzburg,14,5020,Zillnerstraße,,,Radsport Wagner - Specialized,"Mo,Tu,Th,Fr 09:00-12:00,14:00-18:00; We,Sa 09:00-12:00",,+43 662 42009810,,,,bicycle,https://www.radsport-wagner.at,node/2150891027,,,,,,,,,,,,,,,yes,,,,,,,,,,,,,,,,,,,,,,,,,,,,,,,,,,,,,,,Specialized;BMC;Bianchi,,,,,,,,,,,,,,,,,,,,,,,,,,,,,,,,,,,,,,,,,,,,,,,,,,,,,,,,,,,,,,,,,,,,,,,,,,,,,,,,,,,,,,,,,,,,,,,,,,,,,,,,,,,,,,,,,,,,,,,,,"{""type"":""Point"",""coordinates"":[13.0309937,47.8034571]}"
Feature,node/2155679376,Wien,2-4,1040,Frankenberggasse,2025-07-13,,Stadtradler,Tu-Fr 11:00-19:00; Sa 09:00-17:00,,,,,yes,bicycle,https://www.stadtradler.at/,node/2155679376,,yes,,AT,,,,,,,,,,,yes,limited,,2025-07-13,mikko.stout@stadtradler.at,,,,,,,,,,,,+43 664 3401568,,,,,,,,,,,,,https://www.stadtradler.at/,,,,,,,,,,,,,,,,,,,,,,,,,,,,,,,,,,,,,,,,,,,,,,,,,,,,,,,,,,,,,,,,,,,,,,,,,,,,,,,,,,,,,,,,,,,,,,,,,,,,,,,,,,,,,,,,,,,,,,,,,,,,,,,,,,,"{""type"":""Point"",""coordinates"":[16.3698333,48.1973044]}"
Feature,node/2158186811,Wien,37,1160,Degengasse,,,Klemens Schachinger (Wolfgang Brunner),"Di-Fr 09:00-13:00, 15:00-18:00; Sa 10:00-13:00; PH off",,+43 1 4855732,,,,bicycle,https://www.reparaturnetzwerk.at/start.asp?ID=2780,node/2158186811,,,,AT,,,,,,,,,,,,no,,,,,,,,,,,,,,,,,,,,,,,,,,,,,,,,,,,,,,,,,Rad Vollsortiment,,,,,,,,,,,,,,,,,,,,,,,,,,,,,,,,,,,,,,,,,,,,,,,,,,,,,,,,,,,,,,,,,,,,,,,,,,,,,,,,,,,,,,,,,,,,,,,,,,,,,,,,,,,,,,,,,,,,,,"{""type"":""Point"",""coordinates"":[16.3153783,48.2151919]}"
Feature,node/2158237691,Wien,54,1080,Florianigasse,,office@mistelbiker.at,Mistelbiker,Mo-Fr 09:00-18:00; Nov-Feb Mo-Fr 09:00-17:00,,+43 680 1276183,,,yes,bicycle,https://www.mistelbiker.at/,node/2158237691,,yes,yes,AT,,,,,,,,,,,,,,,,,,,,,,,,,,,,,,,,"KTM, Simplon, Staiger, Hai, Zubehör, Reperatur",,,,,,,,,,,,,,,,,,,,,,,,,,,,,,,,,,,,,,,,,,,,,,,,,,,,,,,,,,,,,,,,,,7,,,,,,,,,,,,,,,,,,,,,,,,,,,,,,,,,,,,,,,,,,,,,,,,,,,,,,,,,,,,,,,,,,,,,,,,,"{""type"":""Point"",""coordinates"":[16.3443353,48.2121553]}"
Feature,node/2158257896,Wien,19,1220,Langobardenstraße,,office@2rad-shop.at,2rad-shop Gerhardt,"Mo-Fr 08:30-12:00, 13:00-18:00; Sa 08:30-12:30; PH off",,,,,,bicycle,https://2rad-shop.at/,node/2158257896,,,,AT,,,,,,,,,,,,,,,,,,,,,,,,,,,,,,,,,,,,,,,,,,,,,,,,,,,,,,,,,,,,,,,,,,,,,,,,,,,,,,,,,,,,,,,,,,,,,,,,,,,,,,,,,,,,,,,,,,,,,,,,,,,,,,,,,,,,,,,,,,,,,,,,,,,,,,,,,,,,,,,,,,,,,,,,,,,"{""type"":""Point"",""coordinates"":[16.4542392,48.2249613]}"
Feature,node/2170800354,Wien,34,1030,Neulinggasse,,123@raederei.at,Räderei,"Tu-Fr 11:00-14:00,15:00-18:00",,+43 680 5052297,,,,bicycle,http://www.raederei.at,node/2170800354,,,,AT,,,,,,,,,,,no,no,,,,,,,,,,,,,,,,,,,,,,,,,,,,http://www.raederei.at,,,,,,,,,,,,,,,,,,,,,,,,,,,,,,,,,,,,,,,,,,,,,,,,,,,,,,,,,,,,,,,,,,,,,,,,,,,,,,,,,,,,,,,,,,,,,,,,,,,,,,,,,,,,,,,,,,,,,,,,,,,,,,,,,,,"{""type"":""Point"",""coordinates"":[16.3865065,48.1991626]}"
Feature,node/2184078838,Wien,5,1090,Widerhofergasse,,,Re.bicycle,Tu-Th 14:00-19:00,,,,,,bicycle,,node/2184078838,,,,AT,,,,,,,,,,,,no,,,,,,,,,,,,,,,,,,,,,,,,,,,,,,,,,,,,,,,,,,,,,,,,,,,,,,,,,,,,,https://www.facebook.com/rebicyclewien,,,,,,,,,,,,,,,,,,,,,,,,,,,,,,,,,,,,,,,,,,,,,,,,,,,,,,,,,,,,,,,,,,,,,,,,,,,,,,,,,,,,,,,,,,,,,,,,,,"{""type"":""Point"",""coordinates"":[16.3548123,48.2232378]}"
Feature,node/2192772920,Wien,32,1040,Margaretenstraße,,info@fahrradmeister.at,Fahrradmeister,Mo-Fr 10:00-19:00; PH off,Fahrrad Marek OG - Fahrradmeister marek & Sohn,+43 1 5870482,,,yes,bicycle,https://www.fahrradmeister.at/,node/2192772920,,yes,,AT,,,,,,,,,,,no,,,,,,,,,,,,,,,,,,,,,,,,,,,,,,,,,,,,,,,,,,,,,,,,,,,,,,,,,,,,,,,,,,,,,,,,,,,,,,,,,,,,,,,,,,,,,,,,,,,,,,,,,,,,,,,,,,,,,,,,,,,,,,,,,,,,,,,,,,,,,,,,,,,,,,,,,,,,,,,,"{""type"":""Point"",""coordinates"":[16.3643482,48.1960481]}"
Feature,node/2270794093,,,,,,,Sports and More,"Mo-Fr 09:00-12:00,14:00-18:00; Th,Sa 09:00-12:00",,+43 676 6205735,,,yes,bicycle,https://www.sportsandmore.at/,node/2270794093,,yes,,,,,,,,,,,,,,,,,,,,,,,,,,,,,,,,,,,,,,,,,,,,,,,,,,,,,,,,,,,,,,,,,,,,,,,,,,,,,,,,,,,,,,,,,,,,,,,,,,,,,,,,,,,,,,,,,,,,,,,,,,,,,,,,,,,,,,,,,,,,,,,,,,,,,,,,,,,,,,,,,,,,,,,,,,,,,"{""type"":""Point"",""coordinates"":[15.3215784,48.0608875]}"
Feature,node/2271392965,Klagenfurt am Wörthersee,3,9020,Ausstellungsstraße,,office@pedalpower.at,Pedal Power Vienna,,,,,,,bicycle,https://www.pedalpower.at/,node/2271392965,,,,AT,,,,,,,,,,,,,,,,,,,Pedal Power Vienna,,,,,,,,,,,,,,,,,,,,,,,,,,,,,,,,,,,,,,,,,,,,,,,,,,,,,,,,,,,,,,,,,,,,,,,,,,,,,,,,,,,,,,,,,,,,,,,,,,,,,,,,,,,,,,,,,,,,,,,,,,,,,,,,,,,,,,,,,,,,,,,,,,,,,,,,"{""type"":""Point"",""coordinates"":[14.3041182,46.6196061]}"
Feature,node/2271426924,Wien,32,1020,Untere Augartenstraße,,,Zweirad Ortner bike & more,"Mo-Fr 10:00-13:00, 14:00-18:00",,+43 1 216 36 73,,,,bicycle,www.zweiradortner.com,node/2271426924,,,,AT,,,,,,,,,,,,no,,,,,,,Zweirad Ortner bike & more,,,,,,,,,,,,,,,,,,,,,,,,,,,,,,,,,,,,,,,,,,,,,,,,,,,,,,,,,,,,,,,,,,,,,,,,,,,,,,,,,,,,,,,,,,,,,,,,,,,,,,,,,,,,,,,,,,,,,,,,,,,,,,,,,,,,,,,,,,,,,,,,,,,,,,,,"{""type"":""Point"",""coordinates"":[16.3737206,48.2213198]}"
Feature,node/2271484951,Wien,11,1040,Frankenberggasse,2024-04-12,shop@argus.or.at,Argus Shop,Mo 14:00-19:00; Tu 14:00-16:30; We-Th 14:00-19:00; Fr 14:00-16:30; Sa 10:00-14:00,,+4315050907,,,yes,bicycle,https://argusshop.org,node/2271484951,,yes,no,AT,,,,,,,,,,,yes,no,,,,,,,Argus Shop,,,,,,,,,,yes,,,,,,,,,yes,,,,,,,,,,,,,,,,,,,,,,,,,,,,,,,,,,,,,,,,,,,yes,,,,,,,,,,,,,,,,,,yes,,,,,,,,,,,,,,,,,,,,,,,,,,,,,,,,,,,,,,,,,,,,,,,,,,,,,,,,,,,,,,,,,,,,,,,,"{""type"":""Point"",""coordinates"":[16.3681676,48.1973655]}"
Feature,node/2272386947,Wien,20,1060,Mollardgasse,2025-12-19,info@willinger.com,Willinger Peugeot Fahrräder,"Mo-Th 08:00-12:00,12:45-17:00; Fr 08:00-12:00,12:45-15:00",,,,,,bicycle,,node/2272386947,,,,AT,,,,,,,,,,,no,,,,,,,,Willinger Peugeot Fahrräder,,,,,,,,,,,,,,,,,,,,,,,,,,,,,,,,,,,,,,,,,,,,,,,,,,,,,,,,,,,,,,,,,,,,,duplicate??,,,,,,,,,,,,,,,,,,,,,,,,,,,,,,,,,,,,,,,,,,,,,,,,,,,,,,,,,,,,,,,,,,,,,,,,,,,,,,,,,,,"{""type"":""Point"",""coordinates"":[16.3517412,48.1919097]}"
Feature,node/2272389671,Wien,10,1060,Schmalzhofgasse,,office@radpunkt.at,Radpunkt,Mo-Fr 10:00-18:30; Sa 10:00-14:00,,+43 660 1593399,,,yes,bicycle,https://www.radpunkt.at/,node/2272389671,,yes,yes,AT,,,,,,,,,,,yes,,,,,,,,,,,,,,,,,,,,,,,,,,,,,,,,,,,,,,,,,,,,,,,,,,,,,,,,,,,,,,,,,,,,,,,,,,,,,,,,,,,,,,,,,,,,,,,,,,,,,,,,,,,,,,,,,,,,,,,,,,,,,,,,,,,,,,,,,,,,,,,,,,,,,,,,,,,,,,,,"{""type"":""Point"",""coordinates"":[16.3470712,48.1957239]}"
Feature,node/2272417747,Wien,11,1160,Grundsteingasse,,info@maderna.at,Maderna Cycle Systems - Werkstatt,,,,,,,bicycle,https://www.mcsbike.com/,node/2272417747,,,,AT,,,,,,,,,,,,,,,,,,,Maderna Cycle Systems,,,,,,,,,,,,,,,,,,,,,,,,,,,,,,,,,,"Fahrräder, Radzubehör, Radservice",,,,,,,,,,,,,,,,,,,,,,,,,,,,,,,,,,,,,,,,,,,,,,,,,,,,,,,,,,,,,,,,,,,,,,,,,,,,,,,,,,,,,,,,,,,,,,,,,,,,,,,,,,,,,,,,,,,,,,"{""type"":""Point"",""coordinates"":[16.3372861,48.2095087]}"
Feature,node/2278072024,Wien,105,1100,Oberlaaer Straße,,office@radsport-hoffmann.at,Rad&Service Oberlaa,Mo-Fr 10:00-18:00; Sa 09:00-12:00,Peter Hoffmann,,,,,bicycle,https://www.radsport-hoffmann.at/,node/2278072024,,,,AT,,,,,,,,,,,,,,,,,,,,,,,,,,,,,,,,,,,,,,,,,,,,,,,,,,,,,,,,,,,,,,,,,,,,,,,,,,,,,,,,,,,,,,,,,,,,,,,,,,,,,,,,,,,,,,,,,,,,,,,,,,,,,,,,,,,,,,,,,,,,,,,,,,,,,,,,,,,,,,,,,,,,,,,,,,,"{""type"":""Point"",""coordinates"":[16.3951738,48.1384298]}"
Feature,node/2278083879,Wien,39,1110,Lorystraße,,manfred.faul@chello.at,Faul Manfred Fahrradwerkstatt,"Mo-Fr 08:00-12:00,14:00-18:00; PH off",,,,,yes,bicycle,,node/2278083879,,,,AT,,,,,,,,,,,,yes,,,,,,,,,,,,,,,,,,,,,,,,,,,,,,,,,,,,,,,,,,,,,,,,,,,,,,,,,,,,,,,,,,,,,,,,,,,,,,,,,,,,,,,,,,,,,,,,,,,,,,,,,,,,,,,,,,,,,,,,,,,,,,,,,,,,,,,,,,,,,,,,,,,,,,,,,,,,,,,"{""type"":""Point"",""coordinates"":[16.4131209,48.1728809]}"
Feature,node/2278121673,Wien,6,1130,Schrutkagasse,,office@maroitalia.com,Maroitalia,,,,,,,bicycle,https://www.maroitalia.com/,node/2278121673,,,,AT,,,,,,,,,,,,,,2024-01-01,,,,,,,,,,,,,,,,,,,,,,,,,,,,,,,,,,,,,,,Sport- und Freizeitbekleidung,,,,,,,,,,,,,,,,,,,,,,,,,,,,,,,,,,,,,,,,,,,,,,,no,,,,,,,,,,,,,,,,,,,,,,,,,,,,,,,,,,,,,,,,,,,,,,,,,,,,,,,,,,,,,,,,,,,,,,,"{""type"":""Point"",""coordinates"":[16.2798313,48.1823431]}"
Feature,node/2278154794,Wien,2,1140,Josef-Palme-Platz,,office@rls-sport.at,RLS Sport,"Mo-Fr 10:00-12:00,14:00-18:30; Sa 09:00-13:00",,,,,,bicycle,http://www.rls-sport.at/,node/2278154794,,,,AT,,,,,,,,,,,yes,,,,,,,,,,,,,,,,,,,,,"RLS Sport Rad-, Lauf- u.Schwimmsportartikel",,,,,,,,,,,,,,,,,,,,,,,,,,,,,,,,,,,,,,,,,,,,,,,,,,,,,,,,,,,,,,,,,,,,,,,,,,,,,,,,,,,,,,,,,,,,,,,,,,,,,,,,,,,,,,,,,,,,,,,,,,,,,,,,,,,,,,,,,,,"{""type"":""Point"",""coordinates"":[16.212576,48.2090641]}"
Feature,node/2278244200,Wien,1,1170,Gräffergasse,,office@wunda.at,Fahrrad Eck,"Mo-Fr 08:00-12:00, 14:00-18:00",,,,,yes,bicycle,www.wunda.at,node/2278244200,,,,AT,,,,,,,,,,,no,,,,,,,,,,,,,,,,,,,,,,,,,,,,,,,,,,,,,,,,,,,,,,,,,,,,,,,,,,,,,,,,,,,,,,,,,,,,,,,,,,,,,,,,,,,,,,,,,,,,,,,,,,,,,,,,,,,,,,,,,,,,,,,,,,,,,,,,,,,,,,,,,,,,,,,,,,,,,,,,"{""type"":""Point"",""coordinates"":[16.3156523,48.2239466]}"
Feature,node/2278256691,Wien,31,1170,Jörgerstraße,,info@pbike.at,Pbike,Tu-Fr 10:00-18:30; Sa 10:00-16:00,,+43 1 403015112,,,yes,bicycle,https://www.pbike.at/,node/2278256691,,yes,yes,AT,,,,,,,,,,,yes,no,,2025-12-13,,,,,,,,,,,,,,,,,,,,,,,,,,,,,,,,,,,,,,,,,,,,,,,,,,,,,,,,,,,,,,,,,,,,,,,,,,,,,,,,,,,,,,,,,,,,,,,,,,,,,,,,,,,,,,,,,,,,,,,,,,,,,,,,,,,,,,,,,,,,,,,,,,,,,,,,,,,,,"{""type"":""Point"",""coordinates"":[16.3365245,48.2175302]}"
Feature,node/2278271839,Wien,13,1180,Weimarer Straße,,info@fahrrad18.at,Fahrrad18,"Jan,Feb,Nov-Dec Mo-Fr 10:00-12:00,15:00-18:00; Feb,Nov-Dec,Mar-Jun,Sep-Oct Sa 09:00-12:00; Mar-Jun,Sep-Oct,Jul-Aug Mo-Fr 10:00-18:00; PH off",,,,,yes,bicycle,https://fahrrad18.at,node/2278271839,,no,,AT,,,,,,,,,,yes,,,,,,,,,,,,,,,,,,,,,,,,,,,,,,,,,,,,,,,,,,,,,,,,,,,,,,,,,,,,,,,,,,,yes,,,,,,,,,,,,,,,,,,,,,,,,,,,,,,,,,,,,,,,,,,,,,,,,,,,,,,,,,,,,,,,,,,,,,,,,,,,,,,,,,,,,,,,,,,,,,,"{""type"":""Point"",""coordinates"":[16.3407879,48.227298]}"
Feature,node/2278353837,Wien,28,1190,Rathstraße,,,Beranek,,E. Reitinger,,,,,bicycle,,node/2278353837,,,,AT,,,,,,,,,,,,,,,,,,,,,,,,,,,,,,,,,,,,,,,,,,,,,,,,,,,,,,,,,,,,,,,,,,,,,,,,,,,,,,,,,,,,,,,,,,,,,,,,,,,,,,,,,,,,,,,,,,,,,,,,,,,,,,,,,,,,,,,,,,,,,,,,,,,,,,,,,,,,,,,,,,,,,,,,,,,"{""type"":""Point"",""coordinates"":[16.3046631,48.2509466]}"
Feature,node/2313172586,Walchsee,42,6344,Schwaigs,,,Radsport Schuler,,,,,,,bicycle,http://www.radsport-schuler.at,node/2313172586,,,,AT,,,,,,,,,,,,,,,,,,,,,,,,,,,,,,,,,,,,,,,,,,,,,,,,,,,,,,,,,,,,,,,,,,,,,,,,,,,,,,,,,,,,,,,,,,,,,,,,,,,,,,,,,,,,,,,,,,,,,,,,,,,,,,,,,,,,,,,,,,,,,,,,,,,,,,,,,,,,,,,,,,,,,,,,,,,"{""type"":""Point"",""coordinates"":[12.2939191,47.6606587]}"
Feature,node/2317130945,,,,,,,Giga-Sport,Mo-Fr 09:30-19:00; Sa 09:30-18:00,,,,,yes,bicycle,,node/2317130945,,,,,,,,,,,,,,,yes,yes,,,graz@gigasport.at,,,,,,,,survey,,,,+43 316 870 3420,,,,,,,,,,,,,http://www.gigasport.at/standort/graz/,,,,,,,,,,,,,,,,,,,,,,,,,,,,,,,,,,,,,,,,,,,,,,,,Duplicated shop node for Gigasport?,,,,,,,,,,,,,,,,,,,,,,,,,,,,,,,,,,,,,,,,,,,,,,,,,,,,,,,,,,,,,,,,,,,,,,,,,,,,,,,,,,,"{""type"":""Point"",""coordinates"":[15.4360006,47.0718302]}"
Feature,node/2324544840,,,,,,,Krampl,,,,,,yes,bicycle,,node/2324544840,,yes,yes,,,yes,,,,,,,,,yes,,,,,,,yes,,,,,,,,,,,,,,,,,,,,,,,,,,,,,,,,,,,,,,,,,,,,,,,,,,,,,,,,,,,,,,,,,,,,,,,,,,,,,,,,,,,,,,,,,,,,,,,,,,,,,,,,,,,,,,,,,,,,,,,,,,,,,,,,,,,,,,,,,,,,,,,,,,,,,,,,,"{""type"":""Point"",""coordinates"":[14.3635005,47.1347775]}"
Feature,node/2330992361,,,,,,office@bikeshop-perg.at,Bikeshop Zweirad Hochgatterer,"Mo-Fr 07:30-12:00, 13:00-17:30; Sa 08:00-12:00",,,,,,bicycle,,node/2330992361,,,,,,,,,,,,,,,,,,,,,,,,,,,,,,,+43 7262 52270,,,,,,,,,,,,,,,,,,,,,,,,,,,,,,,,,,,,,,,,,,,,,,,,,,,,,,,,,,,,,,,,,,,,,,,,,,,,,,,,,,,,,,,,,,,,,,,,,,,,,,,,,,,,,,,,,,,,,,,,,,,,,,,,,,,,,,,,,,,,,,,,"{""type"":""Point"",""coordinates"":[14.6323467,48.24947]}"
Feature,node/2331779529,,,,,,office@oeller-zweirad.at,Zweirad Öller,"Mo-Tu 08:00-12:00, 13:30-18:00; We 08:00-12:00; Th-Fr 08:00-13:30-18:00",,,,,,bicycle,,node/2331779529,,,,,,,,,,,,,,,,,,,,,,,,,,,,,,,+43 7262 58421,,,,,,,,,,,,,http://www.zweirad.oeller.co.at/,,,,,,,,,,,,,,,,,,,,,,,,,,,,,,,,,,,,,,,,,,,,,,,,,,,,,,,,,,,,,,,,,,,,,,,,,,,,,,,,,,,,,,,,,,,,,,,,,,,,,,,,,,,,,,,,,,,,,,,,,,,,,,,,,,,"{""type"":""Point"",""coordinates"":[14.6387277,48.2490228]}"
Feature,node/2333798685,,,,,,,Fahrräder Elektro Neuböck,"Mo-Th 08:00-12:00,15:00-18:00; Fr 08:00-12:00,14:30-18:00; Sa 09:00-12:00",Elektro Neuböck GmbH,,,,yes,bicycle,,node/2333798685,,yes,,,,,,,,,,,,,yes,no,,,,,,yes,,,,,,,,,+43 6133 6161-80,,,,,,,,,,,,,,,,,,,,,,,,,,,,,,,,,,,,,,,,yes,,,,,,,,,,,,,,,,,,,,,,,,,,,,,,,,,,1,,,,,,,,,,,,,,,,,,,,,,,,,,,,,,,,,,,,,,,,,,,,,,,,,,,,,,,,,,,,,,,,,,,,,,"{""type"":""Point"",""coordinates"":[13.7713384,47.806823]}"
Feature,node/2385375267,,,,,,,Ritschis Bike,"Mo off; Tu-We 09:00-12:00,14:00-18:00; Th 09:00-12:00; Fr 09:00-12:00,14:00-18:00; Sa 09:00-12:00; PH off",Richard Hartmann,,,,,bicycle,,node/2385375267,,yes,,,,,,,,,,,,,,,,,info@ritschisbike.at,,,,,,,,,,,,+43 5523 52400,,,,,,,,,,,,,http://www.ritschisbike.at,,,,,,,,,,,,,,,,,,,,,,,,,,,,,,,,,,,,,,,,,,,,,,,,,,,,,,,,,,,,,,,,,,,,,,,,,,,,,,,,,,,,,,,,,,,,,,,,,,,,,,,,,,,,,,,,,,,,,,,,,,,,,,,,,,,"{""type"":""Point"",""coordinates"":[9.6370585,47.3314158]}"
Feature,node/2392551516,Wien,53,1220,Soldanellenweg,,service@bibersport.at,Biber Sport Service,"Tu-Fr 09:00-12:00,15:00-18:00; Sa 09:00-12:00",Čedomir Dogandžić - BIBER SPORT SERVICE,+4369919472425,,,yes,bicycle,https://bibersport.at/,node/2392551516,,yes,yes,AT,,,,,,,,https://www.bibersport.at/img/Soldannellenweg-min.jpg,,,no,,,,,,,,,,,,,,,,,,,,,,,,,,,,,,,,,,,,,,,,,,,,,,,,,,,,,,,,,,,,,,,,,,,,,,,,,,,,,,,,,,,,,,,2,,,,1,,,,,,,,,,,,,,,,,,,,,,,,,,,,,,,,,,,,,,,,,,,,,,,,,,,,,,,,,,,,,,,,,,,,,"{""type"":""Point"",""coordinates"":[16.4893438,48.2234781]}"
Feature,node/2397169456,Neunkirchen,4,2620,Lokalbahnstraße,,,Zweirad Winkle,,,,,,,bicycle,https://2rad-winkle.at/,node/2397169456,,,,,,,,,,,,,,,,,,,,,,,,,,,,,,,,,,,,Reparatur aller Marken,,,,,,,,,,,,,,,,,,,,,,,,,,,,,,,,,,,,,,,,,,,,,,,,,,,,,,,,,,,,,,,,,,,,,,,,,,,,,,,,,,,,,,,,,,,,,,,,,,,,,,,,,,,,,,,,,,,,,,,,,,,,,,,,,,,,,,,,,,,"{""type"":""Point"",""coordinates"":[16.0810892,47.723952]}"
Feature,node/2405148227,,,,,,,Glauninger,,,,,,,bicycle,,node/2405148227,,,,,,,,,,,,,,,,,,,,,,,,,,,knowledge,,,,,,,,,,,,,,,,,,,,,,,,,,,,,,,,,,,,,,,,,,,,,,,,,,,,,,,,,,,,,,,,,,,,,,,,,,,,,,,,,,,,,,,,,,,,,,,,,,,,,,,,,,,,,,,,,,,,,,,,,,,,,,,,,,,,,,,,,,,,,,,,,,,,"{""type"":""Point"",""coordinates"":[15.9435326,46.7844184]}"
Feature,node/2408010453,Villach,77,9500,Italiener Straße,,,Rad und Service Naschenweng Günther,,,+43424222008,,,,bicycle,https://radundservice.at/,node/2408010453,,,,AT,,,,,,,,,,,,,,,,,,,,,,,,,,,,,,,,,,,,,,,,,,,,,,,,,,,,,,,,,,,,,,,,,,,,,,,,,,,,,,,,,,,,,,,,,,,,,,,,,,,,,,,,,,,,,,,,,,,,,,,,,,,,,,,,,,,,,,,,,,,,,,,,,,,,,,,,,,,,,,,,,,,,,,,,,,,"{""type"":""Point"",""coordinates"":[13.8381793,46.6010104]}"
Feature,node/2415937020,,,,,,,Zweiradcenter Bodner,"Mo-Fr 08:30-12:00,15:00-18:00; Sa 08:30-12:00",Anton Bodner,+43 4842 6709,,,yes,bicycle,,node/2415937020,,yes,,,,,,,,,,,,,,,,,,,,yes,,,,,,,,,,,,,,,,,,,,,,,,,,,,,,,,,,,,,,,,,,,,,,,,,,,,,,,,,,,,,,,,,,,,,,,,,,,,,,,,,,,,,,,,,,,,,,,,,,,,,,,,,,,,,,,,,,,,,,,,,,,,,,,,,,,,,,,,,,,,,,,,,,,,,,,,,"{""type"":""Point"",""coordinates"":[12.4197001,46.7484194]}"
Feature,node/2419548306,Vils,1,6682,Allgäuerstraße,,,Mountain Rider,Mo-Fr 10:00-18:00; Sa 09:00-12:30,,+43 5677 20043,,,,bicycle,https://mountain-rider.com/,node/2419548306,,,,,,,,,,,,,,,,,,,,,,,,,,,,,,,,,,,,,,,,,,,,,,,,,,,,,,,,,,,,,,,,,,,,,,,,,,,,,,,,,,,,,,,,,,,,,,,,,,,,,,,,,,,,,,,,,,,,,,,,,,,,,,,,,,,,,,,,,,,,,,,,,,,,,,,,,,,,,,,,,,,,,,,,,,,,,,,"{""type"":""Point"",""coordinates"":[10.6300434,47.5494607]}"
Feature,node/2441725431,,,,,,,RAD4ALL Brunner,,,+43 463 405060,,,yes,bicycle,,node/2441725431,,yes,yes,,,,,,,,,,,,,,,,,,,yes,,,,,,,,,,,,,,,,,,,,,,,,,,,,,,,,,,,,,,,,,,,,,,,,,,,,,,,,,,,,,,,,,,,,,,,,,,,,,,,,,,,,,,,,,,,,,,,,,,,,,,,,,,,,,,,,,,,,,,,,,,,,,,,,,,,,,,,,,,,,,,,,,,,,,,,,,"{""type"":""Point"",""coordinates"":[14.3176931,46.6331797]}"
Feature,node/2473308376,Linz,36,4020,Kapuzinerstraße,,,Bikekitchen Linz,Th 15:00-24:00+,,,,,no,bicycle,http://bikekitchen.cheapkarma.at/index.php,node/2473308376,,,,,,,,,,,,,,,,,,,,,,,,,,,,,yes,,,,,,,,,,,,,,,,,,,assisted_self_service,,,,,,,,,DiY bicycle repair workshop,,,,,,,,,,,,,,,,,,,,,,,,,,,,,,,,,,,,,,,,,,,,,,,,,,,,,,,,,,,,,,,,,,,,,,,,,,,,,,,,,,,,,,,,,,,,,,,,,,,,,,,,,,,,,,,,,,,,,,"{""type"":""Point"",""coordinates"":[14.2819635,48.3006628]}"
Feature,node/2499497963,Anger,98a,8184,Oberfeistritz,,,Bikeshop Schmuck,,,,,,,bicycle,https://www.radsport-schmuck.at,node/2499497963,,,,,,,,,,,,,,,,,,,,,,,,,,,,,,,+43 3175 3253,,,,,,,,,,,,,,,,,,,,,,,,,,,,,,,,,,,,,,,,,,,,,,,,,,,,,,,,,,,,,,,,,,,,,,,,,,,,,,,,,,,,,,,,,,,,,,,,,,,,,,,,,,,,,,,,,,,,,,,,,,,,,,,,,,,,,,,,,,,,,,,,"{""type"":""Point"",""coordinates"":[15.6992613,47.2689378]}"
Feature,node/2552462716,,55,8212,,,,Zweirad-Shop Durlacher,,,,,,,bicycle,,node/2552462716,,,,,,,,,,,,,,,,,,,,,,,,,,,,Pischelsdorf,,,,,,,,,,,,,,,,,,,,,,,,,,,,,,,,,,,,,,,,,,,,,,,,,,,,,,,,,,,,,,,,,,,,,,,,,,,,,,,,,,,,,,,,,,,,,,,,,,,,,,,,,,,,,,,,,,,,,,,,,,,,,,,,,,,,,,,,,,,,,,,,,,,"{""type"":""Point"",""coordinates"":[15.804569,47.1716826]}"
Feature,node/2588967258,,,,,,,Kary,,,,,,yes,bicycle,,node/2588967258,,yes,,,,,,,,,,,,,,,,,,,,,,,,,,,,,,,,,,,,,,,,,,,,,,,,,,,,,,,,,,,,,,,,,,,,,,,,,,,,,,,,,,,,,,,,,,,,,,,,,,,,,,,,,,,,,,,,,,,,,,,,,,,,,,,,,,,,,,,,,,,,,,,,,,,,,,,,,,,,,,,,,,,,,,,,,,,,,"{""type"":""Point"",""coordinates"":[14.0316732,48.3621603]}"
Feature,node/2653455714,,,,,,karlinger.bicycle@gmx.at,Karlinger Racingbikes,"""nach Terminvereinbarung""",,+43 664 1620860,,,yes,bicycle,https://www.karlinger-racingbikes.at,node/2653455714,,no,yes,,,,,,,,,,,,,,,,,,,,,,,,,,,,,,,,,,,,,,,,,,,,,,,,,,,,,,,,,,,,,,,,,,,,,,,,,,,,,,,,,,,,,,,,,,,,,,,,,,,,,,,,,,,,,,,,,,,,,,,,,,,,,,,,,,,,,,,,,,,,,,,,,,,,,,,,,,,,,,,,,,,,,,,,,,,,"{""type"":""Point"",""coordinates"":[9.742809,47.412381]}"
Feature,node/2794234575,Innsbruck,148-149,6020,,2025-07-18,,Veloflott,"Tu-Fr 09:30-12:30, 14:00-18:00; Sa 10:00-13:00",,+43 512 58 51 11,yes,yes,yes,bicycle,https://www.veloflott.at/,node/2794234575,,yes,,AT,,yes,yes,yes,yes,yes,yes,,yes,yes,yes,,,,,,,,,,,,,Viaduktbogen,,,,,yes,,,,,,,,yes,,yes,,,,,,,,,yes,,,,,,,,,,yes,,yes,,,,,,,,,,,,,,,,,yes,,,,yes,,,,,,,,,,,,,,,,yes,,,,,,yes,yes,,,,,,,,,,,,,,,,,,,,,,,,,,,,,,,,,,,,,,,,,,,,,,,,,,,,,,,,,,,,,,,,,,,"{""type"":""Point"",""coordinates"":[11.4128328,47.276858]}"
Feature,node/2821898605,Wolfurt,25,6922,Unterlinden,,,BIKE Puchmayr,"Mo-Fr 08:00-12:00,14:00-18:15; Sa 08:00-12:00",,,,,,bicycle,https://www.puchmayr.at/,node/2821898605,,,,AT,,,,,,,,,,,,,,,office@puchmayr.at,,,,,,,,,,,+43 5574 64557,+43 5574 64557,,,,,,,,,,,,,,,,,,,,,,,,,,,,,,,,,,,,,,,,,,,,,,,,,,,,,,,,,,,,,,,,,,,,,,,,,,,,,,ATU 67846977,,,,,,,,,,,,,,,,,,,,,,,,,,,,,,,,,,,,,,,,,,,,,,,,,,,,,,,,,,,,,,,,,,"{""type"":""Point"",""coordinates"":[9.7500912,47.4724865]}"
Feature,node/2882276102,Wien,26,1140,Matznergasse,,,RadStefan,"Tu-Fr 09:00-12:00, 15:00-18:00",,,,,yes,bicycle,,node/2882276102,,,,,,,,,,,,,,,,,,,,,,,,,,,,,,,+43 650 510 57 58,,,,,,,,,,,,yes,https://radstefan.at/,,,,,,,,,,,,,,,,,,,,,,,,,,,,,,,,,https://www.facebook.com/radstefan.wien,,,,,,,,,,,,,,,,,,,,,,,,,,,,,,,,,,,,,,,,,,,,,,,,,,,,,,,,,,,,,,,,,,,,,,,,,,,,,,,,,,,,,,,,,,,,,,,,,,"{""type"":""Point"",""coordinates"":[16.3039496,48.196279]}"
Feature,node/2899653197,Innsbruck,21a,6020,Dreiheiligenstraße,,,Bikerei - Die Offene Radlwerkstatt,Tu 18:00-21:00,,,,,,bicycle,https://bikerei.org/,node/2899653197,,,,AT,,no,,,,,,,,,yes,yes,,,,,,,,,,,,,yes,,,,,,,,,,,,,,,,,,,,,,,,,,,,Bicycle DIY workshop,,,,,,,,,,,,,,,,,,,,,,,,,,,,,,,,,,yes,,,,,,,,,,,,,,,,,,,http://bikerei.org,,,,,,,,,,,,,,,,,,,,,,,,,,,,,,,,,,,,,,,,,,,,,,,,,,,,,,,,,,,,,,,,,"{""type"":""Point"",""coordinates"":[11.4047546,47.2688979]}"
Feature,node/2927101513,Klagenfurt am Wörthersee,1,9073,Siebenbürgengasse,,,Radhaus.at,Tu-Fr 08:00-18:00,,,,,yes,bicycle,https://www.radhaus.at/,node/2927101513,,yes,,,,,,,,,,,,,,yes,,,,,,,,,,,survey,,,,,,,,,,,,,yes,,,,,,,,,,,,,,,,,,,,,,,,,,,,,,,,,,,,,,,,,,,,,,,,,,,,,,,,,,,,,,,,,,,,,,,,,,,,,,,,,,,,,,,,,,,,,,,,,,,,,,,,,,,,,,,,,,,,,,,,,,,,,,,,,,,,,,,"{""type"":""Point"",""coordinates"":[14.2725308,46.5922529]}"
Feature,node/2932607057,Nauders,32,6543,Dr.-Tschiggfrey-Straße,,info@biwak-nauders.at,Biwak,"Mo-Sa 08:30-12:00, 13:00-18:00; Su, PH 08:30-12:00, 15:00-18:00",,+43 5473 89040,,,,bicycle,https://www.biwak-nauders.at/sportshop/,node/2932607057,,,,,,yes,,,,,,,,,,yes,,,,,,,,,,,,,,,,,,,,,,,,,,,,,,,,,,,,,,,,,,,,,,,,,,,,,,,,,,,,,,,,,,,,,,,,,,,,,,,,,,,,,,,,,,,,,,,,,,,,,,,,,,,,,,,,,,,,,,,,,,,,,,,,,,,,,,,,,,,,,,,,,,,,,,,,,,,,,,,"{""type"":""Point"",""coordinates"":[10.5026066,46.8910462]}"
Feature,node/2938719834,Vöcklabruck,48,4840,Salzburger Straße,,,bikes&wheels Vöcklabruck,,Firmenname bikes&wheels 2 Radhandels GmbH,,,,,bicycle,https://www.bikesandwheels.com/voecklabruck,node/2938719834,,,,AT,,,,,,,,,,,,,,,,,,,,,,,,,,,,,,,,,,,,,,,,,,,,,,,,,,,,,,,,,,,,,,,,,,,yes,,,,,,,,,,,,,,,,,,,,,,,,,,,,,,,,,,,,,,,,,,,,,,,,,,,,,,,,,,,,,,,,,,,,,,,,,,,,,,,,,,,,,,,,,,,,,,,,,,,,,,,,"{""type"":""Point"",""coordinates"":[13.6374503,48.0040053]}"
Feature,node/2943963736,,,,,,,Bikediscount,"Mo off; Tu-Fr 10:00-12:00, 14:00-17:00; Sa,Su,PH off",,,,,yes,bicycle,,node/2943963736,,yes,,,,,,,,,,,,,,,,,info@bikediscount.com,,,,,,,,,,,,+43 5517 3777,,,,,,,,,,,,,https://bikediscount.com,,,,,,,,,,,,,,,,,,,,,,,,,,,,,,,,,,,,,,,,,,,,,,,,,,,,,,,,,,,,,,,,,,,,,,,,,,,,,,,,,,,,,,,,,,,,,,,,,,,,,,,,,,,,,,,,,,,,,,,,,,,,,,,,,,,"{""type"":""Point"",""coordinates"":[10.1899313,47.3599434]}"
Feature,node/2962553406,,,,,,,,,,,,,,bicycle,,node/2962553406,,,,,,,,,,,,,,,,,,,,,,,,,,,,,,,,,,,,,,,,,,,,,,,,,,,,,,,,,,,,,,,,,,,,,,,,,,,,,,,,,,,,,,,,,,,,,,,,,,,,,,,,,,,,,,,,,,,,,,,,,,,,,,,,,,,,,,,,,,,,,,,,,,,,,,,,,,,,,,,,,,,,,,,,,,,,,,,"{""type"":""Point"",""coordinates"":[15.3298151,47.2718883]}"
Feature,node/3017863398,Mödling,10,2340,Wiener Straße,2025-07-14,,2rad Chladek,"Mo-Fr 08:00-12:00, 13:00-18:30; Sa 08:00-12:00; Sa[1] 08:00-12:00, 13:00-17:00",,,,,,bicycle,,node/3017863398,,,,AT,,,,,,,,,,,,,,,anton.chladek@utanet.at,,,,,,,,,,,+43 2236 47959,+43 2236 47959,,,,,,,,,,,,,http://www.2rad-chladek.at,,,,,,,,,,,,,,,,,,,,,,,,,,,,,,,,,,,,,,,,,,,,,,,,,,,,,,,,,,,,,,,,,,,,,,,,,,,,,,,,,,,,,,,,,,,,,,,,,,,,,,,,,,,,,,,,,,,,,,,,,,,,,,,,,,,"{""type"":""Point"",""coordinates"":[16.2975746,48.0863492]}"
Feature,node/3059026778,Ehrwald,20,6632,Hauptstraße,,,Radlgaudi,,TI Bikes GmbH,,,,,bicycle,,node/3059026778,,,,AT,,,,,,,,,,,,,,,info@radlgaudi.at,,,,,,,,,,,,+43 5673 20926,,,,,,,,,,,,,https://www.radlgaudi.at/,,,,,,,,,,,,,,,,,,,,,,,,,,,,,,,,,,,,,,,,,,,,,,,,,,,,,,,,,,,,,,,,,,,,,,,,,,,,,,,,,,,,,,,,,,,,,,,,,,,,,,,,,,,,,,,,,,,,,,,,,,,,,,,,,,,"{""type"":""Point"",""coordinates"":[10.9192308,47.4005637]}"
Feature,node/3059735665,Wien,135,1070,Neustiftgasse,,,Izi Ride,"Mo-Th 09:00-12:00, Mo-Fr 12:30-18:00",,,,,yes,bicycle,https://www.izi-ride.at/,node/3059735665,,no,,AT,,,,,,,,,,,yes,limited,,,,,,,,,,,,,,,,,,,,,,,,,,,,,,,,,,,,,,,,,,,,,,,,,,,,,,,,,,,,,,,,,,,,,,,,,,,,,,,,,,,,,,,,,,,,,,,,,,,,,,,,,,,,,,,,,,,,,,,,,,,,,,,,,,,,,,,,,,,,,,,,,,,,,,,,,,,,,,,"{""type"":""Point"",""coordinates"":[16.3401648,48.2059248]}"
Feature,node/3060063827,,,,,,,Charly’s Bikeshop,,,,,,,bicycle,https://www.charlys-bikeshop.at,node/3060063827,,,,,,,,,,,,,,,,,,,,,,,,,,,,,,,,,,,,,,,,,,,,,,,,,,,,,,,,,,,,,,,,,,,,,,,,,,,,,,,,,,,,,,,,,,,,,,,,,,,,,,,,,,,,,,,,,,,,,,,,,,,,,,,,,,,,,,,,,,,,,,,,,,,,,,,,,,,,,,,,,,,,,,,,,,,,,,,"{""type"":""Point"",""coordinates"":[12.2104907,47.6225457]}"
Feature,node/3098676660,Wien,71,1160,Ottakringer Straße,,office@velo-city.at,VeloCity,"Mo off; Tu 10:00-12:00,15:00-19:00; We 10:00-12:00,15:00-19:00; Th 10:00-12:00,15:00-19:00; Fr 10:00-12:00,15:00-19:00; Sa off; Su off; PH off",Stefan Weichselbaum,+43 677 62839129,,,,bicycle,https://www.velo-city.at/,node/3098676660,,,,AT,,,,,,,,,yes,yes,yes,limited,,,,,,,,,,,,,,,,,yes,,,,,,,,,,,,,,,,,,,,,,,,,,,,,,,,,,,,,,,,,,,,,,,,,,,,,,,,,,,,,,,,,,,,,,,,,,,,,,,,,,,,,,,,,,,,,,,,,,,,,,,,,,,,,,,,,,,,,,,,,,,,,,,,,,,,,,,,,,,,,,"{""type"":""Point"",""coordinates"":[16.3285804,48.2135783]}"
Feature,node/3103409531,Graz,2,8010,Schillerstraße,,,Muchar Upcycles,Mo-Th 12:00-19:00,Bernhard Kober,+436508140178,,,yes,bicycle,https://www.mucharupcycles.com/,node/3103409531,,yes,yes,AT,,,,,,,,,,,,no,,2025-08-23,,,0,,,,,,survey,,,,,,,,,Wiederaufbereitung und Rettung weggeworfener Fahrräder,,,,,,,,,,,,,,,,,,,,,,,,,,,,,,,,,,,,,,,,,,,,,,,,,,,,,,,,,,,,,,,,,,,,,,,,,,,yes,,,,,,,,,,,,,,,,,,,,,,,,,,,,,,,,,,,,,,,,,,,,,,,,,,,,,,,,,,,,,,,,"{""type"":""Point"",""coordinates"":[15.45085,47.0718966]}"
Feature,node/3147195958,Steyr,16,4400,Gleinkergasse,,wolfgang@fahrradtechnik-spatt.at,Fahrradtechnik Spatt,Mo-Fr 08:00-13:00,Wolfgang Spatt,+436504063369,,,yes,bicycle,https://www.fahrradtechnik-spatt.at/,node/3147195958,,yes,,,,,,,,,,,,,yes,,,,,,,,,,,,,,,,,,yes,,,,,,,,,,,,,,,,,,,,,,,,,,,,,,,,,,,,,,,,,,,,,,,,,,,,,,,,,,,,,,,,,,,,,,,,,,,,,,,,,,,,,,,,,,,,,,,,,,,,,,,,,,,,,,,,,,,,,,,,,,,,,,,,,,,,,,,,,,,,,,"{""type"":""Point"",""coordinates"":[14.4187138,48.0443375]}"
Feature,node/3147201112,Steyr,21,4400,Leopold-Werndl-Straße,,,Radlwerkstatt,"Mo,Tu,Th,Fr 08:00-13:00,15:00-18:00; We 08:00-12:00",,,,,,bicycle,https://www.radlwerkstatt-steyr.at/,node/3147201112,,,,AT,,,,,,,,,,,,,,,,,,,,,,,,,,,,,,,,,,,,,,,,,,,,,,,,,,,,,,,,,,,,,,,,,,,,,,,,,,,,,,,,,,,,,,,,,,,,,,,,,,,,,,,,,,,,,,,,,,,,,,,,,,,,,,,,,,,,,,,,,,,,,,,,,,,,,,,,,,,,,,,,,,,,,,,,,,,"{""type"":""Point"",""coordinates"":[14.4115932,48.031596]}"
Feature,node/3196181694,Wien,122,1170,Hernalser Hauptstraße,2025-12-16,,Fahrraddiscounter.at,Mo-Fr 10:00-19:00; Sa 09:00-16:00,,,,,,bicycle,https://fahrraddiscounter.at/,node/3196181694,,,,AT,,,,,,,,,,,yes,yes,,,,,,,,,,,,,,,,,,,,,,,,,,,,,,,,,,,,,,,,,,,,,,,,,,,,,,,,,,,,,,,,,,,,,,,,,,,,,,,,,,,,,,,,,,,,,,,,,,,,,,,,,,,,,,,,,,,,,,,,,,,,,,,,,,,,,,,,,,,,,,,,,,,,,,,,,,,,,,,"{""type"":""Point"",""coordinates"":[16.3239607,48.2207985]}"
Feature,node/3216533934,,,,,,,E-Bike + Fahrrad Werkstatt,,,,,,,bicycle,,node/3216533934,,,,,,,,,,,,,,,,,,,,,,,,,,,,,,,,,,,,,,,,,,,,,,,,,,,,,,,,,,,,,,,,,,,,,,,,,,,,,,,,,,,,,,,,,,,,,,,,,,,,,,,,,,,,,,,,,,,,,,,,,,,,,,,,,,,,,,,,,,,,,,,,,,,,,,,,,,,,,,,,,,,,,,,,,,,,,,,"{""type"":""Point"",""coordinates"":[16.1499209,48.3029584]}"
Feature,node/3255392469,Bludenz,11,6700,Rathausgasse,,,2 Rad Martin,"Mo-Fr 09:00-12:00,14:00-18:00; Tu off; We off; Sa 09:00-12:30",,,,,,bicycle,,node/3255392469,,,,AT,,,,,,,,,,,,,,,info@2radmartin.at,,,,,,,,,,,,+43 650 6355940,,,,,,,,,,,,,http://www.2radmartin.at,,,,,,,,,,,,,,,,,,,,,,,,,,,,,,,,,,,,,,,,,,,,,,,,,,,,,,,,,,,,,,,,,,,,,,,,,,,,,,,,,,,,,,,,,,,,,,,,,,,,,,,,,,,,,,,,,,,,,,,,,,,,,,,,,,,"{""type"":""Point"",""coordinates"":[9.8201417,47.1568199]}"
Feature,node/3280577197,,,,,,office@newbike.at,New Bike,"Mar-Oct Mo-We,Fr 09:00-12:00,15:00-18:00; Sa 09:00-12:00; Nov-Feb Tu,We,Fr 10:00-12:00,15:00-18:00;PH off",Markus Willinger,,,,,bicycle,http://newbike.at,node/3280577197,,,,,,,,,,,,,,,,,,,,,,,,,,,,,,,,,,,,,,,,,,,,,,,,,,,,,,,,,,,,,,,,,,,,,,,,,,+43 676 5386070,,,,,,,,,,,,,,,,,,,,,,,,,,,,,,,,,,,,,,,,,,,,,,,,,,,,,,,,,,,,,,,,,,,,,,,,,,,,,,,,,,,,,,,,,,,,,,,,,,,,,"{""type"":""Point"",""coordinates"":[16.1195299,47.790518]}"
Feature,node/3302356120,Imst,10a,6460,Langgasse,,,bike&run,"Mo-Fr 09:00-12:30,13:30-18:00;Sa 09:00-12:00;Su,PH off",Paul Davies,,,,,bicycle,,node/3302356120,,,,AT,,,,,,,,,,,,,,,,,,,,,,,,,,,,,,,,,,,,,,,,,,,,,,,,,,,,,,,,,,,,,,,,,,,,,,,,,,,,,,,,,,,,,,,,,,,,,,,,,,,,,,,,,,,,,,,,,,,,,,,,,,,,,,,,,,,,,,,,,,,,,,,,,,,,,,,,,,,,,,,,,,,,,,,,,,,"{""type"":""Point"",""coordinates"":[10.7414373,47.2321878]}"
Feature,node/3305792924,Wien,9,1220,Maria-Tusch-Straße,2024-02-29,,Dr Bike,"Mo-Fr 10:00-12:00,14:00-18:00; Sa 10:00-13:00",,,,,yes,bicycle,http://www.dr-bike.at,node/3305792924,,yes,,AT,,,,,,,,,,,,,,,office@dr-bike.at,,,,,,,,,,,,+43 1 2806986,,,,,,,,,,,,,http://www.dr-bike.at,,,,,,,,,,,,,,,,,,,,,,,,,,,,,,,2015-03,,https://www.facebook.com/drbikeseestadt/,,,,,,,,,,,,,,,,,,,,,,,,,,,,,,,,,,,,,,,,,,,,,,,,,,,,,,,,,,,,,,,,,,,,,,,,,,,,,,,,,,,,,,,,,,,,,,,,,,"{""type"":""Point"",""coordinates"":[16.4987066,48.224807]}"
Feature,node/3318120105,,,,,,,Mountain Bike Station,"Mo,Tu,Th,Fr 10:00-13:00; Sa 10:00-13:00; We off",,,,,,bicycle,,node/3318120105,,,,,,,,,,,,,,,,,,,,,,,,,,,,,,,,,,,,,,,,,,,,,,,,,,,,,,,,,,,,,,,,,,,,,,,,,,,,,,,,,,,,,,,,,,,,,,,,,,,,,,,,,,,,,,,,,,,,,,,,,,,,,,,,,,,,,,,,,,,,,,,,,,,,,,,,,,,,,,,,,,,,,,,,,,,,,,,"{""type"":""Point"",""coordinates"":[13.5708252,46.8029817]}"
Feature,node/3324878801,Bad Erlach,3,2822,Hauptstraße,,,2RAD-SCHNABL,"Mo-We,Fr 08:00-12:00,14:00-18:00; Th,Sa 08:00-12:00",,+43 2627 48217,,,,bicycle,https://www.2rad-schnabl.at/,node/3324878801,,,,AT,,,,,,,,,,,,,,,,,,,,,,,,,,,,,,,,,,,,,,,,,,,,,,,,,,,,,,,,,,,,,,,,,,,,,,,,,,,,,,,,,,,,,,,,,,,,,,,,,,,,,,,,,,,,,,,,,,,,,,,,,,,,,,,,,,,,,,,,,,,,,,,,,,,,,,,,,,,,,,,,,,,,,,,,,,,"{""type"":""Point"",""coordinates"":[16.2149404,47.7272793]}"
Feature,node/3331506490,Weiden am See,29a,7121,Sportplatzgasse,,office@abc-ebikes.at,ABC eBikes - Michael Schaier,"Mo-Fr 08:00-17:00;Sa 09:00-14:00;Su ""nach tel. Vereinbarung"" || ""Rückgabe von Leihrädern bis 22:00 möglich""",Michael Schaier,+43216775223,,,,bicycle,http://www.abc-ebikes.at,node/3331506490,,,,,,,,,,,,,,,,yes,,,,,,,,,,,,,,,,,,,,,,,,,,,,,,,,,,,,,,,,,Verkauf und Verleih von KTM eBikes und eMobilen/Elektroscootern der Firma DIETZ.,,,,,,,,,,,,,,,,,,,,,,,,,,,,,,,,,,,,,,,,,,,,,,,,,,,,,,,,,,,,,,,,,,,,,,,,,,,,,,,,,,,,,,,,,,,,,,,,,,,,,,,,,,,,,,,,,,,,,,"{""type"":""Point"",""coordinates"":[16.8611287,47.9274409]}"
Feature,node/3344170171,Graz,6,8045,Sankt-Veiter-Straße,2026-01-27,,RoFa Sport,Mo-Th 10:00-18:30; Fr 10:00-19:00,RoFa-Sport KG,,,,yes,bicycle,,node/3344170171,,yes,,AT,,,,,,,,,,,yes,,,2026-01-27,office@rofa-sport.at,,,,,,,,,,,+43 316 228700 15,+43 316 228700,,,,,,,,,,,,,http://www.rofa-sport.at/,,,,,,,,,,Specialized,,,,,,,,,,,,,,,,,,,,,,,https://www.facebook.com/RoFaRoadAndRock,,,,,,,,,,,,,,,,,,,,,,,,,,,,,,,,,,,Q124966655,,,,,,,,,,,,,,,,,,,,,,,,,,,,,,,,,,,,,,,,,,,,,,,,,,,,,,,,,,,,,,,"{""type"":""Point"",""coordinates"":[15.4221268,47.1140219]}"
Feature,node/3373769247,Feldbach,12,8330,Ungarstraße,,,Radsport Caska,,,,,,,bicycle,,node/3373769247,,,,,,,,,,,,,,,,,,,,,,,,,,,,,,,,,,,,,,,,,,,,,,,,,,,,,,,,,,,,,,,,,,,,,,,,,,,,,,,,,,,,,,,,,,,,,,,,,,,,,,,,,,,,,,,,,,,,,,,,,,,,,,,,,,,,,,,,,,,,,,,,,,,,,,,,,,,,,,,,,,,,,,,,,,,,,,,"{""type"":""Point"",""coordinates"":[15.8904375,46.9509274]}"
Feature,node/3411581807,Pörtschach am Wörther See,187,9210,Hauptstraße,,,Sione Bikes & Framesets,Mo-Fr 10:00-18:00; Sa 10:00-13:00,,,,,,bicycle,https://www.sione-bikes.com/index.html,node/3411581807,,,,AT,,,,,,,,,,,,,,,,,,,,,,,,,,,,,,,,,,,,,,,,,,,,,,,,,,,,,,,,,,,,,,,,,,,,,,,,,,,,,,,,,,,,,,,,,,,,,,,,,,,,,,,,,,,,,,,,,,,,,,,,,,,,,,,,,,,,,,,,,,,,,,,,,,,,,,,,,,,,,,,,,,,,,,,,,,,"{""type"":""Point"",""coordinates"":[14.1422907,46.6358258]}"
Feature,node/3428896329,,,,,,rad@catenasport.at,Catena,"Mo-We,Fr 10:00-18:00; We,Su,PH off",,+43 1 8651985,,,yes,bicycle,https://www.catenasport.at/,node/3428896329,,yes,,,,yes,,,,,,https://image.jimcdn.com/app/cms/image/transf/dimension=189x10000:format=png/path/sbc2b52e4fc179d39/image/ib781904399358974/version/1509787306/image.png,,,no,,,,,+43 1 865198589,,,,,,,P'dorf Rundschau,,,,,,,,,,,,,,,,,,,,,,,,,,,,,,,,,,,,,,,,,,,,,,,,,,,,,,,,,,,,,,,,,,,,,,,,,,,,,,,,,,,,,,,,,,,,,,,,,,,,,,,,,,,,,,,,,,,,,,,,,,,,,,,,,,,,,,,,,,,,,,,,,,,,"{""type"":""Point"",""coordinates"":[16.283213,48.1268352]}"
Feature,node/3434928772,Millstatt am See,59,9872,Kaiser-Franz-Josef-Straße,,,Mountain Bike Station,,,,,,yes,bicycle,,node/3434928772,,yes,yes,AT,,,,,,,,,,,,,,,,,,yes,,,,,,,,,,,,,,,,,,,,,,,,,,,,,,,,,,,,,,,,,,,,,,,,,,,2017-04-07,,,,,,,,,,,,,,,,,,,,,,,,,,,,,,,,,,,,,,,,,,,,,,,,,,,,,,,,,,,,,,,,,,,,,,,,,,,,,,,,,,,,,,,,,,,,,,,,,,,,,,"{""type"":""Point"",""coordinates"":[13.5712853,46.8027182]}"
Feature,node/3445256032,Graz,124,8055,Puntigamer Straße,,,Elektrofahrradcenter Graz,,,,,,,bicycle,,node/3445256032,,,,AT,,,,,,,,,,,,yes,,,,,,,,,,,"„Woche, 8.4.15“",,,,,,,,,,,,,,,,,,,,,,,,,,,,,,,,,,,,,,,,,,,,,,,,,,,,,,,,,,,,,,,,no,exact position,,,,,,,,,,,,,,,,,,,,,,,,,,,,,,,,,,,,,,,,,,,,,,,,,,,,,,,,,,,,,,,,,,,,,,,,,,,,,,,,,,,"{""type"":""Point"",""coordinates"":[15.4448474,47.03451]}"
Feature,node/3468108590,Graz,17,8010,Körösistraße,,,Bicycle,"Mo-Fr 09:00-13:00,14:00-18:00",Entwicklungprojekt Fahrrad,,,,,bicycle,https://bicycle.at/,node/3468108590,,,,AT,,yes,,,,,,,,,yes,,,,office@bicycle.at,,,yes,,,,,survey,,yes,+43 316 82 13 57-8,+43 316 82 13 57-0,,,,,,,,,,,,,,,,,,,,,yes,,,,,,yes,yes,yes,yes,yes,yes,yes,,,,,,,,,,,,,,,,,,,,,,,,,,,,,,,,,,,,,,,,,,,,,,,,,,,,,,,,,,,,,,,,,,,,,,,,,,,,,,,,,,,,,,,,,,,,,,,,,,,,,,,,,,,,,,,"{""type"":""Point"",""coordinates"":[15.4328904,47.0793784]}"
Feature,node/3527744085,Wien,1,1050,Am Hundsturm,,,Heavy Pedals,"Tu-Fr 10:00-13:00,14:00-18:00",,,,,yes,bicycle,,node/3527744085,,yes,,AT,,,,,,,,,,,yes,,,2025-12-07,info@heavypedals.at,,,yes,,,,,,,,+43 1 353035355,+43 1 3530353,,,,,,,,,,,,,http://heavypedals.at,,,,,,,,,,workcycles;Larry vs Harry;Yuba;Nihola;Xtracycle;Bakfiets;Christiana Bikes;Benno;Bicicapace;FlexiModal;Butchers & Bicycles;Carla Cargo;chike;Dolly;Muli;Omnium Cargo;Tern;Urban Arrow;Velove;Winther Bikes,,,,,,,,,,,,,,,,,,,,,,,,,,,,,,,,,,,,,,,,,,,,,,,,,,,,,,,,,,,,,,,,,,,,,,,,,,,,,,,,,,,,,,,,,,,,,,,,,,,,,,,,,,,,,,,,,,,,,,,,,"{""type"":""Point"",""coordinates"":[16.3467644,48.1874419]}"
Feature,node/3534219909,Graz,11,8010,Schörgelgasse,2026-01-14,,Velopolis,"Tu,Th 09:00-14:00; We,Fr 09:00-18:00",Velopolis OG,+43 676 6324947,,yes,yes,bicycle,https://www.velopolis.at,node/3534219909,,yes,,AT,,,,,,,,,yes,yes,yes,yes,,,,,,,,,,,local knowledge,,,,,,yes,,,,,,,,,,,,,,,,,,,,,,,,,,,,,,,,,,,,,,,,,,,,,,,,,,,,,,,,,,,,,,,,,,,,,,,,,,,,,,yes,,ATU80878409,,,,,,,,,,,,,,,,,,,,,,,,,,,,,,,,,,,,,,,,,,,,,,,,,,,,,,,,,,,,,,"{""type"":""Point"",""coordinates"":[15.4498494,47.0665198]}"
Feature,node/3562149332,Mödling,83,2340,Friedrich Schiller Strasse,,,360°RAD Zweiradservice,,,+43 699 10727808,,,,bicycle,,node/3562149332,,,,,,,,,,,,,,,,,,,,,,,,,,,,,,,,,,,,,,,,,,,,,,,,,,,,,,,,,,,,,,,,,,,,,,,,,,,,,,,,,,,,,,,,,,,,,,,,,,,,,,,,,,,,,,,,,,,,,,,,,,,,,,,,,,,,,,,,,,,,,,,,,,,,,,,,,,,,,,,,,,,,,,,,,,,,,,,"{""type"":""Point"",""coordinates"":[16.3025242,48.0820456]}"
Feature,node/3605790306,,,,,,,Sport Blachfelder,"Th-Tu,PH 10:00-19:00",,,,,,bicycle,https://www.sportblachfelder.at,node/3605790306,,,,,,,,,,,,,,,,,,,,,,,,,,,,,,,,,,,,,,,,,,,,,,,,,,,,,,,,,,,,,,,,,,,,,,,,,,,,,,,,,,,,,,,,,,,,,,,,,,,,,,,,,,,,,,,,,,,,,,,,,,,,,,,,,,,,,,,,,,,,,,,,,,,,,,,,,,,,,,,,,,,,,,,,,,,,,,,"{""type"":""Point"",""coordinates"":[12.0923619,47.4485683]}"
Feature,node/3607785429,Grafenwörth,12,3484,Gewerbepark,,,bikepirat,"Tu-Fr 09:00-12:00,13:00-18:00; Sa 09:00-13:00",,+43 2738 200 700,,,,bicycle,https://www.bikepirat.at/,node/3607785429,,,,AT,,,,,,,,,,,,,,,,,,,,,,,,,,,,,,,,,,,,,,,,,,,,,,,,,,,,,,,,,,,,,,,,,,,,,,,,,,,,,,,,,,,,,,,,,,,,,,,,,,,,,,,,,,,,,,,,,,,,,,,,,,,,,,,,,,,,,,,,,,,,,,,,,,,,,,,,,,,,,,,,,,,,,,,,,,,"{""type"":""Point"",""coordinates"":[15.7766495,48.4135757]}"
Feature,node/3608623837,,,,,,,Procycle,"Mo-Fr 09:00-12:00,14:30-18:00",,+43 5574 42477,,,,bicycle,https://www.pro-cycle.at/,node/3608623837,,,,,,,,,,,,,,,no,,,,,,,,,,,,,,,,,,,,,,,,,,,,,,,,,,,,,,,,,,,,,,,,,,,,,,,,,,,,,,,,,,,,,,,,,,,,,,,,,,,,,,,,,,,,,,,,,,,,,,,,,,,,,,,,,,,,,,,,,,,,,,,,,,,,,,,,,,,,,,,,,,,,,,,,,,,,,,,,"{""type"":""Point"",""coordinates"":[9.7486545,47.5053978]}"
Feature,node/3617395586,Dornbirn,21,6850,Hatlerstraße,,,SEPPcycles,,,,,,,bicycle,https://www.seppcycles.com/,node/3617395586,,,,AT,,,,,,,,,,,,,,,,,,,,,,,,,,,,,,,,,,,,,,,,,,,,,,,,,,,,,,,,,,,,,,,,,,,,,,,,,,,,,,,,,,,,,,,,,,,,,,,,,,,,,,,,,,,,,,,,,,,,,,,,,,,,,,,,,,,,,,,,,,,,,,,,,,,,,,,,,,,,,,,,,,,,,,,,,,,"{""type"":""Point"",""coordinates"":[9.7384854,47.4025383]}"
Feature,node/3634101549,,2,7141,Katharinenweg,,,Radhaus Erwin,,Erwin Karner,+43 2177 2373,,,yes,bicycle,,node/3634101549,,,yes,,,,,,,,,,,,,,,,,,,yes,,,,,,,,,,,,,,,,,,yes,,,,,,,,,,,,,,,,,,,,,,,,,,,,,,,,,,,,,,,,,,,,,,,,,,,,,,,,,,,,,,,,,,,,,,,,,,,,,,,,,,,,,,,,,,,,,,,,,,,,,,,,,,,,,,,,,,,,,,,,,,,,,,,,,,,,,,,"{""type"":""Point"",""coordinates"":[16.8302,47.8558405]}"
Feature,node/3634242449,Wien,3,1090,Spitalgasse,,,velo peaches,Tu-Th 11:00-19:00; Fr 11:00-17:00,,,,,yes,bicycle,https://www.velopeaches.com/,node/3634242449,,,,AT,,,,,,,,,,,yes,limited,,2024-11-07,,,,,,,,,,,,,,,,,,,,,,,,,,,,,,,,,,,,,,,,,,,,,,,,,,,,,,,,,,,,,,,,,,,,,,,,,,,,,,,,,,,,,,,,,,,,,,,,,,,,,,,,,,,,,,,,,,,,,,,,,,,,,,,,,,,,,,,,,,,,,,,,,,,,,,,,,,,,,"{""type"":""Point"",""coordinates"":[16.3509342,48.2159324]}"
Feature,node/3635172808,Mayrhofen,473,6290,Hauptstraße,,shop@noxcycles.com,Nox Cycles,"Tu-Fr 10:00-12:30,13:30-18:00; Sa 10:00-15:00",NOX Cycles Austria GmbH,,,,,bicycle,https://www.noxcycles.com/,node/3635172808,,yes,,AT,,,,,,,,,yes,yes,,yes,,,,,,yes,,,,,,,,,,,yes,,,,,,,,,,,,,,,,,,,,,Nox Cycles,Q107506110,de:Nox_Cycles,,,,,,,,,,,,,,,,,,+43 676 9634776,,,,,,,,,,,,,,,,,,,,,,Sportalm Kitzbühel,,,,,,,,,,,,,,,,,,,,,,,,,,,,,,,,,,,,,,,,,,,,,,,,,,,,,,,,,,,,,,,,,,,,,,,,,,,,,,,"{""type"":""Point"",""coordinates"":[11.8614841,47.1635185]}"
Feature,node/3645866432,Feldbach,11,8330,Bürgergasse,,,Zweirad Reiter,,,,,,,bicycle,,node/3645866432,,,,,,,,,,,,,,,,,,,,,,,,,,,,,,,,,,,,,,,,,,,,,,,,,,,,,,,,,,,,,,,,,,,,,,,,,,,,,,,,,,,,,,,,,,,,,,,,,,,,,,,,,,,,,,,,,,,,,,,,,,,,,,,,,,,,,,,,,,,,,,,,,,,,,,,,,,,,,,,,,,,,,,,,,,,,,,,"{""type"":""Point"",""coordinates"":[15.8895248,46.953408]}"
Feature,node/3650911977,,,,,,,WW Sport Wörle GmbH,"Mo-Fr 09:00-18:00; Sa,Su, PH 09:30-12:30",,,,,,bicycle,http://www.ww-sport.at/#/home,node/3650911977,,,,,,,,,,,,,,,,,,,,,,yes,,,,,,,,,,,,,,,,,,,,,,,,,,,,,,,,,,,,,,,,,,,,,,,,,,,,,,,,,,,,,,,,,,,,,,,,,,,,,,,,,,,,,,,,,,,,,,,,,,,,,,,,,,,,,,,,,,,,,,,,,,,,,,,,,,,,,,,,,,,,,,,,,,,,,,,,,"{""type"":""Point"",""coordinates"":[11.7505888,47.4228762]}"
Feature,node/3666333741,Klaus,7,6833,Kirchmannsgasse,2024-07-26,,Fahrrad Längle,"Tu, Fr 14:00-19:00",,,,,only_sold,bicycle,,node/3666333741,,yes,no,AT,,no,,,,,,,,,no,no,,,office@fahrrad-laengle.at,,0,no,,,,,,,no,,+43 5523 55873,,,,,,,,,,,,,http://www.fahrrad-laengle.at/index.shtml,,,,,,,,,,,,,,,,,,,,,,,,,,,,,,,,,,,,,,,,,,,,,,,,,,,,,,,,,,,,,,,,,,,,,,no,,,,,,,,,,,,,,,,,,,,,,,,,,,,,,,,,,,,,,,,,,,,,,,,,,,,,,,,,,,,,"{""type"":""Point"",""coordinates"":[9.6488883,47.3112484]}"
Feature,node/3682330289,Bad Vöslau,49,2540,Badner Straße,,,Bikeshop Kreuzer,"Mo-Fr 09:00-12:00, 14:00-18:00; Sa 09:00-12:00",,,,,,bicycle,https://www.bikeshop-kreuzer.at/,node/3682330289,,,,,,,,,,,,,,,,,,,,,,,,,,,,,,,,,,,,,,,,,,,,https://www.bikeshop-kreuzer.at,,,,,,,,,,,,,,,,,,,,,,,,,,,,,,,,,,,,,,,,,,,,,,,,,,,,,,,,,,,,,,,,,,,,,,,,,,,,,,,,,,,,,,,,,,,,,,,,,,,,,,,,,,,,,,,,,,,,,,,,,,,,,,,,,,,"{""type"":""Point"",""coordinates"":[16.2148154,47.9726723]}"
Feature,node/3698228366,,,,,,,Bikeverleih,,,,,,,bicycle,,node/3698228366,,,,,,,,,,,,,,,,,,,,,,,,,,,,,,,,,,,,,,,,,,,,,,,,,,,,,,,,,,,,,,,,,,,,,,,,,,,,,,,,,,,,,,,,,,,,,,,,,,,,,,,,,,,,,,,,,,,,,,,,,,,,,,,,,,,,,,,,,,,,,,,,,,,,,,,,,,,,,,,,,,,,,,,,,,,,,,,"{""type"":""Point"",""coordinates"":[13.2593368,47.4632854]}"
Feature,node/3706549438,,,,,,,eMobil Elektrofahrzeuge,,,,,,,bicycle,https://www.emobil-elektrofahrzeuge.at/,node/3706549438,,yes,,,,,,,,,,,,,,,,,,,,,,,,,,,,,,,,,,,,,,,,,,,,,,,,,,,,,,,,,,,,,,,,,,,,,,,,,,,,,,,,,,,,,,,,,,,,,,,,,,,,,,,,,,,,,,,,,,,,,,,,,,,,,,,,,,,,,,,,,,,,,,,,,,,,,,,,,,,,,,,,,,,,,,,,,,,,,"{""type"":""Point"",""coordinates"":[14.4261547,48.0804838]}"
Feature,node/3715281138,Wien,23,1020,Krakauer Straße,,,Wien Rad,"Mo-Fr 09:00-12:30,14:00-19:00; Sa 09:00-15:00",,,,,,bicycle,https://wienrad.at/,node/3715281138,,,,AT,,,,,,,,,,,yes,yes,,2025-08-12,,,,,,,,,,,,,,,,,,,,,,,,,,,,,,,,,,,,,,,,,,,,,,,,,,,,,,,,,,,,,,,,,,,,,,,,,,,,,,,,,,,,,,,,,,,,,,,,,,,,,,,,,,,,,,,,,,,,,,,,,,,,,,,,,,,,,,,,,,,,,,,,,,,,,,,,,,,,,"{""type"":""Point"",""coordinates"":[16.3962261,48.2270058]}"
Feature,node/3748225564,Podersdorf am See,22,7141,Satzgasse,,service@fahrradprofi-strudler.at,Fahrradprofi Strudler,,,,,,,bicycle,http://www.fahrradprofi-strudler.at/,node/3748225564,,,,,,,,,,,,,,,,,,,,,,,,,,,,,,,+43 2177 200 51,,,,,,,,,,,,,,,,,,,,,,,,,,,,,,,,,,,,,,,,,,,,,,,,+43 664 355 12 64,,,,,,,,,,,,,,,,,,,,,,,,,,,,,,,,,,,,,,,,,,,,,,,,,,,,,,,,,,,,,,,,,,,,,,,,,,,,,,,,,,,,,,,,,,,,,,,,"{""type"":""Point"",""coordinates"":[16.8264141,47.8511808]}"
Feature,node/3751246540,,,,,,,,,,,,,,bicycle,,node/3751246540,,,,,,,,,,,,,,,,,,,,,,,,,,,,,,,,,,,,,,,,,,,,,,,,,,,,,,,,,,,,,,,,,,,,,,,,,,,,,,,,,,,,,,,,,,,,,,,,,,,,,,,,,,,,,,,,,,,,,,,,,,,,,,,,,,,,,,,,,,,,,,,,,,,,,,,,,,,,,,,,,,,,,,,,,,,,,,,"{""type"":""Point"",""coordinates"":[14.2422853,47.5688582]}"
Feature,node/3751936795,,,,,,,Radshop Fritz,,,,,,yes,bicycle,,node/3751936795,,yes,,,,,,,,,,,,,,,,,,,,,,,,,,,,,,,,,,,,,,,,,,,,,,,,,,,,,,,,,,,,,,,,,,,,,,,,,,,,,,,,,,,,,,,,,,,,,,,,,,,,,,,,,,,,,,,,,,,,,,,,,,,,,,,,,,,,,,,,,,,,,,,,,,,,,,,,,,,,,,,,,,,,,,,,,,,,,"{""type"":""Point"",""coordinates"":[14.0261168,48.3683862]}"
Feature,node/3754724140,,,,,,,,,,,,,,bicycle,,node/3754724140,,,,,,,,,,,,,,,,,,,,,,,,,,,,,,,,,,,,,,,,,,,,,,,,,,,,,,,,,,,,,,,,,,,,,,,,,,,,,,,,,,,,,,,,,,,,,,,,,,,,,,,,,,,,,,,,,,,,,,,,,,,,,,,,,,,,,,,,,,,,,,,,,,,,,,,,,,,,,,,,,,,,,,,,,,,,,,,"{""type"":""Point"",""coordinates"":[16.3339053,48.1883412]}"
Feature,node/3759159535,Wien,9,1150,Reindorfgasse,,mail@popsykkel.at,Popsykkel,Mo-Fr 09:00-18:00,,+43 1 9969853,,,yes,bicycle,https://popsykkel.at/,node/3759159535,,,,AT,,,,,,yes,,,,,,,,,,,,,,,,,,,,,,,,,,,,,,yes,,,,,,,,,,,,,,,,,,,,,,,,,,,,,,,,,,,,,,,,,,,,,,,,,,,,,,,,,,,,,,,,,,,,,,,,,,,,,,,,,,,,,,,,,,,,,,,,,,,,,,,,,,,,,,,,,,,,,,,,,,,,,,,,,,,,,,,"{""type"":""Point"",""coordinates"":[16.3305707,48.1884394]}"
Feature,node/3829706695,Peuerbach,2,4722,Ernst-Dreefs-Straße,,,Sportradl,,Werner Samhaber,,,,,bicycle,https://sportradl.at/index.php?option=com_content&view=article&id=62&Itemid=77,node/3829706695,,,,,,,,,,,,,,,,,,,,,,,,,,,,,,,,,,,,,,,,,,,,,,,,,,,,,,,,,,,,,,,,,,,,,,,,,,,,,,,,,,,,,,,,,,,,,,,,,,,,,,,,,,,,,,,,,,,,,,,,,,,,,,,,,,,,,,,,,,,,,,,,,,,,,,,,,,,,,,,,,,,,,,,,,,,,,,,"{""type"":""Point"",""coordinates"":[13.7717293,48.3355904]}"
Feature,node/3896840097,Pöchlarn,1,3380,Rechenstraße,,office@fahrradpichler.at,Fahrrad Pichler,"Mo-Fr 08:00-12:00,14:30-18:00; We,Sa 08:00-12:00",Sigrid Pichler,+43 2757 2456,,yes,yes,bicycle,http://www.fahrradpichler.at/,node/3896840097,,,,AT,,,,yes,,,,,,,,,,,,,,,,,,,,,,,,,yes,,,,,,,yes,,,,,,,,yes,,,,,,,,,,,,,,,,,,,,,,,,,,,,,,,,,,,,,yes,,,,,,,,,,,,,,,,,,,,,,,,,,,,,,yes,,,,,,,,,,,,,,,,,,,,,,,,,,,,,,,,,,,,,,,,,,,,,,,,,,,,,,,,,,,,"{""type"":""Point"",""coordinates"":[15.2012518,48.2095824]}"
Feature,node/3901168497,Wien,1,1080,Skodagasse,,,Stadtwerkstatt,,,,,,yes,bicycle,https://alpenrad.at/,node/3901168497,,no,,AT,,yes,,,,,,,,,,,,,,,,,,,,,,,yes,,,,,,,,,,,,,,,,,,,,,,,,,,,,,,,,,,,,,,,,,,,,,,,,,,,,,,,,,,,,,,,,,,,,,,,,,,,,,,,,,,,,,,,,,,,,,,,,,,,,,,,,,,,,,,,,,,,,,,,,,,,,,,,,,,,,,,,,,,,,,,,,,,"{""type"":""Point"",""coordinates"":[16.3446951,48.2115859]}"
Feature,node/3911962799,Wien,1,1220,Eva-Maria-Mazzucco-Platz,,,United In Cycling - Fahrradgeschäft & Werkstatt,Tu-Fr 10:00-18:00; Sa 09:00-17:00,United In Cycling GmbH,,yes,yes,yes,bicycle,,node/3911962799,,yes,,AT,,,,yes,,yes,yes,,,,yes,,,2025-05-06,office@unitedincycling.com,,,yes,,,,,,,,,+43 670 509 16 96,,yes,,,,,,,,yes,,yes,https://unitedincycling.com,,,,,,,,,,,,,,,,,,,,,,,,,,,,,,,,,https://www.facebook.com/UnitedInCycling/,https://www.instagram.com/unitedincycling/,,,yes,,,,yes,,,,,,,,,,,,,,,,,,,,,,,,,,,,,,,,,,,,,,,,,,,,,,,,,,,,,,,,,,,,,,,,,,,,,,,,,,,,,,,,,,,,,,,,,,"{""type"":""Point"",""coordinates"":[16.5046693,48.225143]}"
Feature,node/3931020657,,,,,,,Rad.Sport Hochhauser,"Mo,Tu,Th,Fr 09:00-12:00,15:00-18:00; We 09:00-12:00; Dec - Apr",Michael Hochhauser,,,,,bicycle,,node/3931020657,,yes,,,,,,,,,,,,,,yes,,,,,,,,,,,,,,,,,,,,,,,,,,,,,,,,,,,,,,,,,further services unkown,,,,,,,,,,,,,,yes,,,,,,,,+43 650 2902095,,,,,,,,,,,,,,,,,,,,,,,,,,,,,,,,,,,,,,,,,,,,,,,,,,,,,,,,,,,,,,,,,,,,,,,,,,,,,,,,,,,,,,,,,,,,,,,,"{""type"":""Point"",""coordinates"":[13.7722892,47.8082218]}"
Feature,node/3944983356,Graz,4,8010,Schießstattgasse,2025-02-16,,re.turn - city,Mo-Th 10:00-16:30; Fr 10:00-16:00,Pro Mente,,,,yes,bicycle,https://www.promentesteiermark.at/verkauftyp/fahrrad/,node/3944983356,,yes,yes,AT,,,,,,,,,,,,no,,2025-02-16,,,,,,,,,,,,,,,,,,,,,,,,,,,,,,,,,,,,,,,,,,,,,,,,,,,,,,,,,,,,,,,,,,,,,,,,,,,,,,,,,,,,,,,,,,,,,,,,,,,,,,,,,,,,,,,,,,,,,,,,,,,,,,,,,,,,,,,,,,,,,,,,,,,,,,,,,,,,,"{""type"":""Point"",""coordinates"":[15.4471184,47.0651132]}"
Feature,node/3979448086,Moosburg,8,9062,Preßgasse,,,RADLDOKTOR,"09:00-13:00,14:30-18:30",Lanzinger Gerd,,,,,bicycle,https://www.radldoktor-moosburg.at,node/3979448086,,,,AT,,,,,,,,,,,,,,,,,,,,,,,,,,,,,,,,,,,,,,,,,,,,,,,,,,,,,,,,,,,,,,,,,,,,,,,,,,,,,,,,,,,,,,,,,,,,,,,,,,,,,,,,,,,,,,,,,,,,,,,,,,,,,,,,,,,,,,,,,,,,,,,,,,,,,,,,,,,,,,,,,,,,,,,,,,,"{""type"":""Point"",""coordinates"":[14.1733673,46.6590783]}"
Feature,node/4023901246,Salzburg,63,5020,Elisabethstraße,,vogl-bike@gmx.at,Vogl Bike,"Mo-Fr 08:00-12:00,14:00-18:00",Franz Vogl,+43662 45 35 59,,,yes,bicycle,,node/4023901246,,yes,,,,,,,,,,,,,yes,no,,,,+43662 45 35 59 14,,,,,,,,,,,,,,,,,,,,,,,,,,,,,,,,,,,,,,,,,,,,,,,,,,,,,,,,,,,,,,,,,,,,,,,,,,,,,,,,,,,,,,,,,,,,,,,,,,,,,,,,,,,,,,,,,,,,,,,,,,,,,,,,,,,,,,,,,,,,,,,,,,,,,,,,,,,"{""type"":""Point"",""coordinates"":[13.0443554,47.8184202]}"
Feature,node/4051639504,Lambach,6,4650,Leitenstraße,,,Grassinger Radsport,,Grassinger e.U.,,,,,bicycle,,node/4051639504,,,,AT,,,,,,,,,,,,,,,,,,,,,,,,,,,,,,,,,,,,,,,,,,,,,,,,,,,,,,,,,,,,,,,,,,,,,,,,,,,,,,,,,,,,,,,,,,,,,,,,,,,,,,,,,,,,,,,,,,,,,,,,,,,,,,,,,,,,,,,,,,,,,,,,,,,,,,,,,,,,,,,,,,,,,,,,,,,"{""type"":""Point"",""coordinates"":[13.8745446,48.0924695]}"
Feature,node/4058194089,,,,,,f.polak@aon.at,Gartengeräte und Zweirad Polak,,,+43 2282 2188,,,yes,bicycle,https://www.fpolak.at/,node/4058194089,,yes,,,,,,,,,,,,,,,,,,+43 2282 2188 5,,,,,,,,,,,,,,,,,,,,,,,,,,,,yes,,,,,,,,,,,,,,,,,,,,,,,,,,,,,,,,,,,,,,,,,,,,,,,,,,,,,,,,,,,,,,,,,,,,yes,,,,,,,,,,,,,,,,,,,,,,,,,,,,,,,,,,,,,,,,,,,,,,,,,,,,,,,,,,,"{""type"":""Point"",""coordinates"":[16.7382559,48.3860739]}"
Feature,node/4069107454,,,,,,fahrrad-strasshof@aon.at,Fahrrad Strasshof,,,+43 676 962 40 81,,,yes,bicycle,https://www.fahrrad-strasshof.at/,node/4069107454,,,yes,,,,,,,,,,,,,,,,,,,,,,,,,,,,,,,,,,,,,,,,,,,,,,,,,,,,,,,,,,,,,,,,,,,,,,,,,,,,,,,,,,,,,,,,,,,,,,,,,,,,,,,,,,,,,,,,,,,,,,,,,,,,,,,,,,,,,,,,,,,,,,,,,,,,,,,,,,,,,,,,,,,,,,,,,,,,"{""type"":""Point"",""coordinates"":[16.6639452,48.3094221]}"
Feature,node/4075401973,,,,,,,POSH Cycling,Tu-Fr 13:00-19:00; Sa 09:00-13:00,,,,,,bicycle,https://www.poshcycling.at/,node/4075401973,,yes,,,,,,,,,,,,,,yes,,,,,,,,,,,,,,,,,,,,,,,,,,,,,,,,,,,,,,,,,,,,,,,,,,,,,,,,,,,,,,,,,,,,,,,,,,,,,,,,,,,,,,,,,,,,,,,,,,,,,,,,,,,,,,,,,,,,,,,,,,,,,,,,,,,,,,,,,,,,,,,,,,,,,,,,,,,,,,,"{""type"":""Point"",""coordinates"":[15.0799414,48.1803733]}"
Feature,node/4135050718,Feldbach,8,8330,Johann-Tengler-Gasse,,,cyclepower bike technology,,Matthias Jud,,,,,bicycle,http://www.cyclepower-biketechnology.com,node/4135050718,,,,,,,,,,,,,,,,,,,,,,,,,,,,,,,,,,,,,,,,,,,,,,,,,,,,,,,,,,,,,,,,,,,,,,,,,,,,,,,,,,,,,,,,,,,,,,,,,,,,,,,,,,,,,,,,,,,,,,,,,,,,,,,,,,,,,,,,,,,,,,,,,,,,,,,,,,,,,,,,,,,,,,,,,,,,,,,"{""type"":""Point"",""coordinates"":[15.8942382,46.9595457]}"
Feature,node/4136404703,Kirchbichl,1,6322,Grattenstraße,,,X-Rider,"Mo-Fr 09:00-12:00,14:00-18:00; Sa 09:00-12:30",Robert Huber,,,,,bicycle,https://x-rider.at/,node/4136404703,,,,AT,,,,,,,,,,,,,bicycle_rental,,,,,,,,,,,,,,,,,,,,,,,,,,,,,,,,,,,,,,,,,,,,,,,,,,,,,,,,,,,,,,,,,,,,,,,,,,,,,,,,,,,,,,,,,,,,,,,,,,,,,,,,,,,,,,,,,,,,,,,,,,,,,,,,,,,,,,,,,,,,,,,,,,,,,,,,,,,,,,"{""type"":""Point"",""coordinates"":[12.0805856,47.4939053]}"
Feature,node/4158927689,,,,,,,Pfannberger Cycling,"Tu-Fr 10:00-13:00, 14:00-18:00; Sa 09:00-12:00",,,,,,bicycle,https://www.pfannberger.com,node/4158927689,,,,,,,,,,,,,,,,,,,,,,,,,,,,,,,,,,,,,,,,,,,,,,,,,,,,,,,,,,,,,,,,,,,,,,,,,,,,,,,,,,,,,,,,,,,,,,,,,,,,,,,,,,,,,,,,,,,,,,,,,,,,,,,,,,,,,,,,,,,,,,,,,,,,,,,,,,,,,,,,,,,,,,,,,,,,,,,"{""type"":""Point"",""coordinates"":[16.2318865,48.0041642]}"
Feature,node/4166098851,Lamprechtshausen,3,5112,Franz Xaver Gruber-Straße,,,VeloCulTour,"""by appointment""",,,,,,bicycle,,node/4166098851,,,,AT,,,,,,,,,,,,,,,,,,,,,,,,,,,,,,,,,,,,,,,,,,,,,,,,,,,,,,,,,,,,,,,,,,,,,,,,,,,,,,,,,,,,,,,,,,,,,,,,,,,,,,,,,,,,,,,,,,,,,,,,,,,,,,,,,,,,,,,,,,,,,,,,,,,,,,,,,,,,,,,,,,,,,,,,,,,"{""type"":""Point"",""coordinates"":[12.9579618,47.9920228]}"
Feature,node/4210670157,Dornbirn,45,6850,Eisengasse,,,Zweirad Fink,"Tu-Fr 08:30-12:00,13:00-18:00; Sa 08:30-13:00; Mo off",,,,,,bicycle,https://www.finkrad.com/,node/4210670157,,,,AT,,,,,,,,,,,,,,,,,,,,,,,,,,,,,,,,,,,,,,,,,,,,,,,,,,,,,,,,,,,,,,,,,,,,,,,,,,,,,,,,,,,,,,,,,,,,,,,,,,,,,,,,,,,,,,,,,,,,,,,,,,,,,,,,,,,,,,,,,,,,,,,,,,,,,,,,,,,,,,,,,,,,,,,,,,,"{""type"":""Point"",""coordinates"":[9.7468342,47.4193898]}"
Feature,node/4215963673,Mautern an der Donau,7,3512,Austraße,,office@radshop-kalteis.at,Radshop Kalteis,,,+43 699 172 305 10,,,yes,bicycle,https://www.radshop-kalteis.at/,node/4215963673,,yes,,AT,,,,,,,,,,,,,,,,,,,,,,,,,,,,,,,,,,,,,,,,,,,,,,,,,,,,,,,,,,,,,,,,,,,,,,,,,,,,,,,,,,,,,,,,,,,,,,,,,,,,,,,,,,,,,,,,,,,,,,,,,,,,,,,,,,,,,,,,,,,,,,,,,,,,,,,,,,,,,,,,,,,,,,,,,,,"{""type"":""Point"",""coordinates"":[15.5796008,48.3964898]}"
Feature,node/4264702856,Bregenz,53,6900,Bahnhofstraße,,,Egger Zweirad,"Mo-Fr 08:30-12:00,13:45-18:00; PH off; Sa 08:30-12:00",,,,,,bicycle,https://www.zweirad-egger.at/,node/4264702856,,,,AT,,,,,,,,,,,,,,,egon.raid@aon.at,,,,,,,,survey 10.2020 and Vogis 2018,,,,+43 5574 53060,,,,,,,,,,,,,,,,,,,,,,,,,,,,,,,,,,,,,,,,,,,,,,,,,,,,,,,,,,,,,,,,,Raider Fahrradladen,,,,,,,,,,,,,,,,,,,,,,,,,,,,,,,,,,,,,,,,,,,,,,,,,,,,,,,,,,,,,,,,,,,,,,,,,,,,,,,"{""type"":""Point"",""coordinates"":[9.736602,47.5010891]}"
Feature,node/4287892170,Innsbruck,6,6020,Fritz-Konzert-Straße,,info@fahrradladen-innsbruck.at,Fahrradladen Innsbruck,"Mo-Fr 08:30-12:30,14:30-18:00; Sa,Su,PH off",Martin Teszner,+43 512 552 013,,,yes,bicycle,https://www.fahrradladen-innsbruck.at/,node/4287892170,,,,AT,,,,,,,,,,,,,,,,,,,,,,,,,,,,,,,,,,,,,,,,,,Wilten,,,,,,,,,,,,,,,,,,,,,,,,,,,,,,,,,,,,,,,,,,,,,,,,,,,,,,,,,,,,,,,,,,,,,,,,,,,,,,,,,,,,,,,,,,,,,,,,,,,,,,,,,,,,,,,,,,,,,,,,,,,,,,,,,"{""type"":""Point"",""coordinates"":[11.3962599,47.2551232]}"
Feature,node/4291274916,Traun,19,4050,Bäckerfeldstrasse,,,Zweirad Pirklbauer,,,+43 650 4447191,,,,bicycle,https://www.zweirad-pirklbauer.at,node/4291274916,,,,,,,,,,,,,,,,,,,,,,,,,,,,,,,,,,,,,,,,,,,,,,,,,,,,,,,,,,,,,,,,,,,,,,,,,,,,,,,,,,,,,,,,,,,,,,,,,,,,,,,,,,,,,,,,,,,,,,,,,,,,,,,,,,,,,,,,,,,,,,,,,,,,,,,,,,,,,,,,,,,,,,,,,,,,,,,"{""type"":""Point"",""coordinates"":[14.2434417,48.2376525]}"
Feature,node/4363556107,,,,,,,,,,,,,,bicycle,,node/4363556107,,,,,,,,,,,,,,,,,,,,,,,,,,,,,,,,,,,,,,,,,,,,,,,,,,,,,,,,,,,,,,,,,,,,,,,,,,,,,,,,,,,,dealer; repair; parts,,,,,,,,,,,,,,,,,,,,,,,,,,,,,,,,,,,,,,,,,,,,,,,,,,,,,,,,,,,,,,,,,,,,,,,,,,,,,,,,,,,,,,,,,,,"{""type"":""Point"",""coordinates"":[13.0590676,47.8594901]}"
Feature,node/4387276101,Altach,27,6844,Achstraße,,,Fahrrad Wäger,"Mo-We,Fr 08:30-12:00,13:30-18:00; Th,Sa 08:30-12:00",Stefan Wäger,,,,yes,bicycle,,node/4387276101,,yes,,AT,,,,,,,,,yes,yes,yes,limited,,,office@fahrrad-waeger.at,,,,,,,,,,,,+43 5576 7235,,,,,,,,,,,,,http://www.fahrrad-waeger.at/,,,,,,,,,,,,,,,,,,,,,,,,,,,,,,,,,,,,,,,,,,,,,,,,,,,,,,,,,,,,,,,,,,,,,,,,,,,,,,,,,,,,,,,,,,,,,,,,,,,,,,,,,,,,,,,,,,,,,,,,,,,,,,,,,,,"{""type"":""Point"",""coordinates"":[9.6564277,47.3543127]}"
Feature,node/4429539795,Kaprun,1,5710,Nikolaus-Gassner-Straße,,,Bründl Sports Bikeworld,Mo-Sa 09:00-18:00,,,,,,bicycle,,node/4429539795,,,,AT,,,,,,,,,,,,,,,,,,,,,,,,,,,,,,,,,,,,,,,,,,,,,,,,,,,,,,,,,,,,,,,,,,,,,2024-10-01,,,,,,,,,,,,,,,,,,,,,,,,,,,,,,,,,,,,,,,,,,,,,,,,,,,,,,,,,,,,,,,,,,,,,,,,,,,,,,,,,,,,,,,,,,,,,,,,,,,,,,"{""type"":""Point"",""coordinates"":[12.7572955,47.270662]}"
Feature,node/4440128492,,,,,,,Maronė,"Mo-Fr 09:00-12:00,14:00-18:00",,,,,,bicycle,,node/4440128492,,,,,,,,,,,,,,,,,,,,,,,,,,,,,,,,,,,,,,,,,,,,,,,,,,,,,,,,,,,,,,,,,,,,,,,,,,,,,,,,,,,,,,,,,,,,,,,,,,,,,,,,,,,,,,,,,,,,,,,,,,,,,,,,,,,,,,,,,,,,,,,,,,,,,,,,,,,,,,,,,,,,,,,,,,,,,,,"{""type"":""Point"",""coordinates"":[13.0507364,47.7943506]}"
Feature,node/4455425290,,205,5754,Dorfstraße,,e-bike@bike-n-soul.at,Bike'n Soul E-Bike Shop,Mo-Su 16:00-22:00,Hasenauer GmbH,+43676843645307,,,,bicycle,https://www.bike-n-soul.at/,node/4455425290,,,,AT,,,,,,,,,,,,,,,,,,,,,,,,,,,,,,,,,,,,,,,,,,,,,,,,,,,,,,,,,,,,,,,,,,,,,,,,,,,,,,,,,,,,,,,,,,,,,,,,,,,,,,,,,,,,,,wlan,,,,,,,,,,,,,,,,,,,,,,,,,,,,,,,,,,,,,,,,,,,,,,,,,,,,,,,,,,,,,"{""type"":""Point"",""coordinates"":[12.596667,47.3787842]}"
Feature,node/4548315016,Klagenfurt am Wörthersee,,,,2025-01-10,,Kaj-Bike,"Mo-Fr 09:00-12:00,13:00-18:00; Sa 10:00-15:00",,,,yes,yes,bicycle,,node/4548315016,,yes,,AT,,,,,,yes,,,,,no,,,2024-07-25,,,,,,,,,,,,,,,,,,,,,,,,,,,,,,,,,,,,,,,,,,,,,,,,,,,,,,,,,,,,,,,,,,,,,,,,,,,,,,,,,,,,,,,,,,,,,,,,,,,,,,,,,,,,,,,,,,,,,,,,,,,,,,,,,,,,,,,,,,,,,,,,,,,,,,,,,,,,,"{""type"":""Point"",""coordinates"":[14.3008019,46.6231388]}"
Feature,node/4555598314,Bad Erlach,5,2822,Hauptstraße,,,2Rad Schnabl Schauraum,"Mo-We,Fr 08:00-12:00,14:00-18:00; Th,Sa 08:00-12:00",,+43 2627 48217,,,,bicycle,https://www.2rad-schnabl.at/,node/4555598314,,,,AT,,,,,,,,,,,,,,,,,,,,,,,,,,,,,,,,,,,,,,,,,,,,,,,,,,,,,,,,,,,,,,,,,,,,,,,,,,,,,,,,,,,,,,,,,,,,,,,,,,,,,,,,,,,,,,,,,,,,,,,,,,,,,,,,,,,,,,,,,,,,,,,,,,,,,,,,,,,,,,,,,,,,,,,,,,,"{""type"":""Point"",""coordinates"":[16.2151854,47.7272813]}"
Feature,node/4575855390,Sitzenberg-Reidling,2,3454,Blumenweg,,rad.tat@gmx.at,Rad & Tat,Mo-Fr 14:00-18:00; Th off; Sa 08:00-12:00,Josef Nestelberger,+43 2276 76076,,,yes,bicycle,,node/4575855390,,yes,,,,,,,,,,,,,,,,,,,,,,,,,,,,,,,,,,,,,,,,,,,,,,,,,,,,,,,,,,,,,,,,,,,,,,,,,,,,,,,,,,,,,,,,,,,,,,,,,,,,,,,,,,,,,,,,,,,,,,,,,,,,,,,,,,,,,,,,,,,,,,,,,,,,,,,,,,,,,,,,,,,,,,,,,,,,,"{""type"":""Point"",""coordinates"":[15.8122527,48.3250263]}"
Feature,node/4577559353,Wiener Neustadt,3,2700,Anny Wödl Gasse,,office@velodrom.at,Velodrom,Mo-Fr 10:00-18:00; Sa 09:00-13:00,,,,,yes,bicycle,https://www.velodrom.at/,node/4577559353,,yes,,,,,,,,,,,,,,,,,,,,,,,,,,,,,,,,,,,,,,,,,,,,,,,,,,,,,,,,,,,,,,,,,,,,,,,,,,,,,,,,,,,,,,,,,,,,,,,,,,,,,,,,,,,,,,,,,,,,,,,,,,,,,,,,,,,,,,,,,,,,,,,,,,,,,,,,,,,,,,,,,,,,,,,,,,,,,"{""type"":""Point"",""coordinates"":[16.2659549,47.8052455]}"
Feature,node/4589192647,Wien,36,1150,Hütteldorfer Straße,2025-07-17,,Cycloholics,"Mo,Tu,Fr 09:30-12:00,14:00-18:00; We off; Th 09:30-12:00,14:00-18:00; Sa 09:30-13:00",,,,,,bicycle,,node/4589192647,,,,AT,,,,,,,,,,,no,,,,,,,,,,,,,,,,,,,,,,,,,,,,,http://www.cycloholics.at,,,,,,,,,,,,,,,,,,,,,,,,,,,,,,,,,https://www.facebook.com/cycloholics,,,,,,,,,,,,,,,,,,,,,,,,,,,,,,,,,,,,,,,,,,,,,,,,,,,,,,,,,,,,,,,,,,,,,,,,,,,,,,,,,,,,,,,,,,,,,,,,,,"{""type"":""Point"",""coordinates"":[16.326138,48.1991177]}"
Feature,node/4604019004,Spittal an der Drau,18,9800,Bahnhofstraße,,office@more.at,more / Cube Store,"Mo-Fr 08:30-12:30, 14:00-18:00; Sa 08:45-12:30",More Maschinen GmbH,+43 4762 25550,yes,yes,yes,bicycle,https://www.more.at/,node/4604019004,,,,,,yes,yes,,,yes,,,,,,,,,,,,yes,,,,,,,,,,,,,,,,,,,yes,,,,,,,,,,,,,,,,,,,,,,,,,,,,,,,,,,,,,,,,,,,,,,,,,,,,,,,,,,,,,,,,,,,,,,,,,,,,,,,,,,,,,,,,,,,,,,,,,,,,,,,,,,,,,,,,,,,,,,,,,,,,,,,,,,,,,,"{""type"":""Point"",""coordinates"":[13.4906161,46.7971768]}"
Feature,node/4618612062,Innsbruck,25,6020,Stafflerstraße,,info@crazybikez.com,Crazy Bikez,"Mo-Fr 08:00-12:30,13:30-18:00; Sa 09:00-12:30,16:00-18:00; PH off",Crazy Bikez e.U.,+43 650 7957214,,,,bicycle,https://www.crazybikez.com,node/4618612062,,,,AT,,,,,,,,,,,,,,2026-01-14,,,0,yes,,,,,Website;survey,,,,,,,,,,,,,,,,,,,Wilten,,,,,,,,,,,,,,,,,,,,,,,,,,,,,,,,,,,,,,,,,,,,,,,,,,,,,,,,,,,,,,,,,,,,,,,,,,,,,,,,,,,,,,,,,,,,,,,,,,,,,,,,,,,,,,,,,,,,,,,,,,,,,,,,,"{""type"":""Point"",""coordinates"":[11.3907057,47.2572269]}"
Feature,node/4633166242,,,,,,,BärenBikes,,,,,,,bicycle,https://www.baerenbikes.at/,node/4633166242,,,,,,,,,,,,,,,,,,,,,,,,,,,,,,,,,,,,,,,,,,,,,,,,,,,,,,,,,,,,,,,,,,,,,,,,,,,,,,,,,,,,,,,,,,,,,,,,,,,,,,,,,,,,,,,,,,,,,,,,,,,,,,,,,,,,,,,,,,,,,,,,,,,,,,,,,,,,,,,,,,,,,,,,,,,,,,,"{""type"":""Point"",""coordinates"":[13.8597134,46.6170494]}"
Feature,node/4657844955,,,,,,,KTM Fahrrad und E-Bike Center,,,,,,,bicycle,,node/4657844955,,,,,,,,,,,,,,,,,,,,,,,,,,,,,,,,,,,,,,,,,,,,,,,,,,,,,,,,,,,,,,,,,,,,,,,,,,,,,,,,,,,,,,,,,,,,,,,,,,,,,,,,,,,,,,,,,,,,,,,,,,,,,,,,,,,,,,,,,,,,,,,,,,,,,,,,,,,,,,,,,,,,,,,,,,,,,,,"{""type"":""Point"",""coordinates"":[13.1205144,47.903404]}"
Feature,node/4718019697,Fohnsdorf,21,8753,Judenburgerstraße,,,Agas Bikes Motorräder,,,+43 3573 4004,,,,bicycle,,node/4718019697,,,,AT,,,,,,,,,,,,,,,,,,,,,,,,,,,,,,,,,,,,,,,,,,,,,,,,,,,,,,,,,,,,,,,,,,,,,2017-04-07,,,,,,,,,,,,,,,,,,,,,,,,,,,,,,,,,,,,,,,,,,,,,,,,,,,,,,,,,,,,,,,,,,,,,,,,,,,,,,,,,,,,,,,,,,,,,,,,,,,,,,"{""type"":""Point"",""coordinates"":[14.679734,47.203884]}"
Feature,node/4729875154,Wiener Neustadt,12,2700,Allerheiligengasse,,,Vielrad,We-Fr 10:00-18:00; Sa 09:00-14:00,,,,,yes,bicycle,https://www.vielrad.at/,node/4729875154,,yes,,,,,,,,,,,,,,,,,,,,,,,,,,,,,,,,,,,,,,,,,,,,,,,,,,,,,,,,,,,,,,,,,,,,,,,,,,,,,,,,,,,,,,,,,,,,,,,,,,,,,,,,,,,,,,,,,,,,,,,,,,,,,,,,,,,,,,,,,,,,,,,,,,,,,,,,,,,,,,,,,,,,,,,,,,,,,"{""type"":""Point"",""coordinates"":[16.2420205,47.8124574]}"
Feature,node/4740457346,Gmunden,54,4810,Bahnhofstraße,,office@salzkammergutbiker.at,Salzkammergut Biker,"Tu-Fr 09:00-12:30,14:00-18:00; Sa 09:00-13:00",Freimüller Handels GmbH,+43761262218,yes,yes,yes,bicycle,https://www.salzkammergutbiker.at/,node/4740457346,,yes,,AT,,,yes,yes,yes,yes,,https://www.salzkammergutbiker.at/userfiles/image/news/Shop.jpg,yes,,,,,,,,,,,,,,,,,,,,yes,,,,,,,,yes,,,,,,,,,,,,,,,,,,,,,,,,,,,,,,,,,,,,,,,,,,,,,,,,,,,,,,,,,,,,,,,,,,,,,,,,,,,,,,,,,,,,,,,,,,,,,,,,,,,,,,,,,,,,,,,,,,,,,,,,,,,,,,,,,,,,,,"{""type"":""Point"",""coordinates"":[13.7869252,47.9267676]}"
Feature,node/4741190221,Wien,33,1090,Roßauer Lände,,office@fahrradkeller.at,Fahrradkeller,Mo-Fr 10:00-19:00; Sa 10:00-17:00,,+43 660 5780770,,,yes,bicycle,https://fahrradkeller.at,node/4741190221,,yes,yes,AT,,,,,,,,,,,,,,2023-01-20,,,,,,,,,,,,,,,,,,,,,,,,,,,,,,,,,,,,,,,,,,,,,,,,,,,,,,,,,,,,,,,,,,,,,,,,,,,,,,,,,,,,,,,,,,,,,,,,,,,,,,,,,,,,,,,,,,,,,,,,,,,,,,,,,,,,,,,,,,,,,,,,,,,,,,,,,,,,,"{""type"":""Point"",""coordinates"":[16.3668736,48.2241605]}"
Feature,node/4742149699,Salzburg,2,5020,Leitmeritzstraße,,,Radsport Ebner,,Werner Ebner,,,,yes,bicycle,,node/4742149699,,yes,,,,,,,,,,,,,,,,,,,,,,,,,,,,,,,,,,,,,,,,,,,,,,,,,,,,,,,,,,,,,,,,,,,,,,,,,,,,,,,,,,,,,,,,,,,,,,,,,,,,,,,,,,,,,,,,,,,,,,,,,,,,,,,,,,,,,,,,,,,,,,,,,,,,,,,,,,,,,,,,,,,,,,,,,,,,,"{""type"":""Point"",""coordinates"":[13.0649484,47.7846019]}"
Feature,node/4773385780,St. Johann in Tirol,6,6380,Lärchenweg,,info@pieter-kupers.at,Pieter KuperS Fahrrad Technik,,,+436649934225,,,yes,bicycle,,node/4773385780,,yes,yes,AT,,,,,,,,,,,,,,,,,,yes,,,,,,,,,,,,,,,,,,,,,,,,,,,,,,,,,,,,,,,,,,,,,,,,,,,,,,,,,,,,,,,,,,,,,,,,,,,,,,,,,,,,,,,,,,,,,,,,,,,,,,,,,,,,,,,,,,,,,,,,,,,,,,,,,,,,,,,,,,,,,,,,,,,,,,,,,"{""type"":""Point"",""coordinates"":[12.4487645,47.5229837]}"
Feature,node/4784788033,Wiener Neustadt,13,2700,Roseggergasse,,,Die Radanhänger Zentrale,"""Termine nach Vereinbarung""",Karl Zauner,,,,,bicycle,https://www.radanhaenger.at,node/4784788033,,,,,,,,,,,,,,,,,,,,,,,,,,,,,,,,,,,,,,,,,,,yes,,,,,,,,,,,,,,,,,,,,,,,,,,,,,,,,,,,,,,,,,,,,,,,,,,,,,,,,,,,,,,,,,,,,,,,,,,,,,,,,,,,,,,,,,,,,,,,,,,,,,,,,,,,,,,,,,,,,,,,,,,,,,,,,,,,,"{""type"":""Point"",""coordinates"":[16.2235288,47.8154348]}"
Feature,node/4807893532,Trofaiach,37,8793,Hauptstraße,,,Raddiele Mandler,,,,,,,bicycle,,node/4807893532,,,,AT,,,,,,,,,,,,,,,,,,,,,,,,,,,,,,,,,,,,,,,,,,,,,,,,,,,,,,,,,,,,,,,,,,,,,,,,,,,,,,,,,,,,,,,,,,,,,,,,,,,,,,,,,,,,,,,,,,,,,,,,,,,,,,,,,,,,,,,,,,,,,,,,,,,,,,,,,,,,,,,,,,,,,,,,,,,"{""type"":""Point"",""coordinates"":[15.0095025,47.4251467]}"
Feature,node/4833498022,Wildon,3,8410,Kainachtalstraße,,,Harry´s Bikes & Fitness,"Mo 08:00-12:00,15:00-18:00; Tu-Fr 08:00-18:00; Sa 08:00-12:00",,,,,yes,bicycle,,node/4833498022,,,,,,,,,,,,,,,,,,,,,,yes,,,,,,,,,,,,,,,,,,,,,,,,,,,,,,,,,,,,,,,,,,,,,,,,,,,,,,,,,,,,,,,,,,,,,,,,,,,,,,,,,,,,,,,,,,,,,,,,,,,,,,,,,,,,,,,,,,,,,,,,,,,,,,,,,,,,,,,,,,,,,,,,,,,,,,,,,"{""type"":""Point"",""coordinates"":[15.4999325,46.8872074]}"
Feature,node/4851429230,Wien,21,1090,Boltzmanngasse,,info@pbike.at,Pbike,Mo-Fr 10:00-19:00; Sa 10:00-14:00,,,,,yes,bicycle,https://www.pbike.at,node/4851429230,,yes,,AT,,,,,,,,,,,,,,,,,,,,,,,,,,,+43 1 403015110,,,,,,,,,,,,,,,,,,,,,,,,,,,,,,,,,,,,,,,,,,,,,,,,,,,,,,,,,,,,,,,,,,,,,,,,,,,,,,,,,,,,,,,,,,,,,,,,,,,,,,,,,,,,,,,,,,,,,,,,,,,,,,,,,,,,,,,,,,,,,,,,"{""type"":""Point"",""coordinates"":[16.3566773,48.2247484]}"
Feature,node/4852583858,Wien,22,1030,Erdbergstraße,,office@huberista.com,huberista,"Mo-Fr 12:00-18:00; Sa,Su,PH off",Christian Huber,+43 676 3660900,,,,bicycle,https://www.huberista.com,node/4852583858,,,,AT,,,,,,,,,,,no,,,,,,,,,,,,,,,,,,,,,,,,,,,,,,,,,,,,,,,,,,,,,,,,,,,,,,,,,,,,,,https://www.facebook.com/huberista,,,,,,,,,,,,,,,,,,,,,,,,,,,,,,,,,,,,,,,,CHHUBER bicycles GmbH,,,,,,,,,,,,,,,,,,,,,,,,,,,,,,,,,,,,,,,,,,,,,,,,,,,,,,,,,,"{""type"":""Point"",""coordinates"":[16.394572,48.202298]}"
Feature,node/4853365458,Innsbruck,2,6020,Eduard Bodem Gasse,,,Radsport Neuner,"Mo-Fr 09:00-12:30, 14:00-18:00; PH off",Radsport Neuner GmbH,+43 512 561505,,,,bicycle,https://www.e-bike-kaufen.at,node/4853365458,,,,AT,,,,,,,,,,,,,,,,,,,,,,,website,,,,,,,,,,,,,,,,,,,Amras,,,,,,,,,,,,,,,,,,,,,,,,,,,,,,,,,,,,,,,,,,,,,,correct position in the building,,,,,,,,,,,,,,,,,,,,,,,,,,,,,,,,,,,,,,,,,,,,,,,,,,,,,,,,,,,,,,,,,,,,,,,,,,,,,,,,,,,"{""type"":""Point"",""coordinates"":[11.4355723,47.2650172]}"
Feature,node/4881845348,Wien,249,1120,Rechte Wienzeile,,,Bikeservice,,Uwe,+43 677 61361817,,,yes,bicycle,,node/4881845348,,,yes,AT,,,,,,,,,,,,,,,,,,,,,,,,,,,,,,,,,,,,,,,,,,,,,,,,,,,,,,,,,,,,,,,,,,,,,,,,,,,,,,,,,,,,,,,,,,,,,,,,,,,,,,,,,,,,,,,,,,,,,,,,,,,,,,,,,,,,,,,,,,,,,,,,,,,,,,,,,,,,,,,,,,,,,,,,,,,"{""type"":""Point"",""coordinates"":[16.3209063,48.1852781]}"
Feature,node/4899896633,Laa an der Thaya,19c,2136,Nordbahnstraße,,,Tom's Radhaus,,,,,,,bicycle,,node/4899896633,,,,AT,,,,,,,,,,,,,,,,,,,,,,,,,,,,,,,,,,,,,,,,,,,,,,,,,,,,,,,,,,,,,,,,,,,,,,,,,,,,,,,,,,,,,,,,,,,,,,,,,,,,,,,,,,,,,,,,,,,,,,,,,,,,,,,,,,,,,,,,,,,,,,,,,,,,,,,,,,,,,,,,,,,,,,,,,,,"{""type"":""Point"",""coordinates"":[16.3827918,48.7186137]}"
Feature,node/4934462810,,,,,,,Bike Center Amlach,,,,,,,bicycle,http://www.bike-center.amlach.at/,node/4934462810,,,,,,,,,,,,,,,,,,,,,,,,,,,,,,,,,,,,,,,,yes,,,,,,,,,,,,,,,,,,,,,,,,,,,,,,,,,,,,,,,,,,,,,,,,,,,,,,,,,,,,,,,,,,,,,,,,,,,,,,,,,,,,,,,,,,,,,,,,,,,,,,,,,,,,,,,,,,,,,,,,,,,,,,,,,,,,,,,"{""type"":""Point"",""coordinates"":[12.7629332,46.8134457]}"
Feature,node/4935656321,,,,,,,Rad Service Gernot,,,,,,,bicycle,https://www.radservicegernot.at/,node/4935656321,,,,,,,,,,,,,,,,,,,,,,,,,,,,,,,,,,,,,,,,,,,,,,,,,,,,,,,,,,,,,,,,,,,,,,,,,,,,,,,,,,,,,,,,,,,,,,,,,,,,,,,,,,,,,,,,,,,,,,,,,,,,,,,,,,,,,,,,,,,,,,,,,,,,,,,,,,,,,,,,,,,,,,,,,,,,,,,"{""type"":""Point"",""coordinates"":[12.7651691,46.8275131]}"
Feature,node/4956708790,,,,,,,Bikely,,,,,,,bicycle,,node/4956708790,,,,,,,,,,,,,,,,no,,,,,,,,,,,,,,,,,,,,,,,,,,,,,,,,,,,,,,,,,,,,,,,,,,,,,,,,,,,,,,,,,,,,,,,,,,,,,,,,,,,,,,,,,,,,,,,,,,,,,,,,,,,,,,,,,,,,,,,,,,,,,,,,,,,,,,,,,,,,,,,,,,,,,,,,,,,,,,,"{""type"":""Point"",""coordinates"":[16.3307644,48.2043496]}"
Feature,node/4987545145,Wien,174-184,1140,Mauerbachstraße,,,Bike Shop Hohe Wand Wiese,We-Su 09:30 - 19:00,morethanbike,,,,,bicycle,https://morethanbike.at/,node/4987545145,,,,,,,,,,,,,,,,,,,,,,,,,,,,,,,,,,,,,,,,,,,,,,,,,,,,,,,,,,,,,,,,,,,,,,,,,,,,,,,,,,,,,,,,,,,,,,,,,,,,,,,,,,,,,,,,,,,,,,,,,,,,,,,,,,,,,,,,,,,,,,,,,,,,,,,,,,,,,,,,,,,,,,,,,,,,,,,"{""type"":""Point"",""coordinates"":[16.2025016,48.2293471]}"
Feature,node/5019788728,,,,,,,Fahrradservice Wallinger,,,,,,,bicycle,http://www.fahrradservice-wallinger.at/,node/5019788728,,,,,,,,,,,,,,,,,,,,,,,,,,,,,,,,,,,,,,,,,,,,,,,,,,,,,,,,,,,,,,,,,,,,,,,,,,,,,,,,,,,,,,,,,,,,,,,,,,,,,,,,,,,,,,,,,,,,,,,,,,,,,,,,,,,,,,,,,,,,,,,,,,,,,,,,,,,,,,,,,,,,,,,,,,,,,,,"{""type"":""Point"",""coordinates"":[13.1671815,47.6075831]}"
Feature,node/5027895027,Schwechat,57,2320,Sendnergasse,,,ZoneExtreme,,,,,,,bicycle,www.zoneextreme.eu,node/5027895027,,,,AT,,,,,,,,,,,,,,,,,,,,,,,,,,,,,,,,,,,,,,,,,,,,,,,,,,,,,,,,,,,,,,,,,,,,,,,,,,,,,,,,,,,,,,,,,,,,,,,,,,,,,,,,,,,,,,,,,,,,,,,,,,,,,,,,,,,,,,,,,,,,,,,,,,,,,,,,,,,,,,,,,,,,,,,,,,,"{""type"":""Point"",""coordinates"":[16.4802246,48.1477443]}"
Feature,node/5031048498,,,,,,,Bikebow,,,,,,,bicycle,https://www.radundtat.at/,node/5031048498,,,,,,,,,,,,,,,,,,,,,,,,,,,,,,,,,,,,,,,,,,,,,,,,,,,,,,,,,,,,,,,,,,,,,,,,,,,,,,,,,,,,,,,,,,,,,,,,,,,,,,,,,,,,,,,,,,,,,,,,,,,,,,,,,,,,,,,,,,,,,,,,,,,,,,,,,,,,,,,,,,,,,,,,,,,,,,,"{""type"":""Point"",""coordinates"":[11.4881488,47.2773565]}"
Feature,node/5031051558,,,,,,,Fahrzeuge Waltl,,,,,,,bicycle,,node/5031051558,,,,,,,,,,,,,,,,,,,,,,,,,,,,,,,,,,,,,,,,,,,,,,,,,,,,,,,,,,,,,,,,,,,,,,,,,,,,,,,,,,,,,,,,,,,,,,,,,,,,,,,,,,,,,,,,,,,,,,,,,,,,,,,,,,,,,,,,,,,,,,,,,,,,,,,,,,,,,,,,,,,,,,,,,,,,,,,"{""type"":""Point"",""coordinates"":[11.5075147,47.282677]}"
Feature,node/5090933248,Linz,3,4020,Melissenweg,,beratung@ebike-city.at,eBike City,Mo-Fr 09:00-17:00,,+43 732 371145,,,,bicycle,https://ebike-city.at/,node/5090933248,,,,AT,,,,,,,,,,,,,,,,,,,,,,,,,,,,,,,,,,,,,,,,,,,,,,,,,,,,,,,,,,,,,,,,,,,,,,,,,,,,,,,,,,,,,,,,,,,,,,,,,,,,,,,,,,,,,,,,,,,,,,,,,,,,,,,,,,,,,,,,,,,,,,,,,,,,,,,,,,,,,,,,,,,,,,,,,,,"{""type"":""Point"",""coordinates"":[14.2827327,48.2552133]}"
Feature,node/5126036806,Leobersdorf,1,2544,Bahnhofplatz,,office@brucki.at,Radsport Brucki Leobersdorf,"Mo-We 08:30-12:00,14:00-18:00; Th off; Fr 08:30-12:00,14:00-18:00; Sa 08:30-12:00; Su off; PH off",,+43 2256 21502,,yes,yes,bicycle,https://www.brucki.at/,node/5126036806,,,,AT,,,,,,,,,,,,,,,,,,,,,,,,,,,,,,,,,,,,yes,,,,http://www.cyclerep.at,,,,,,,,,,KTM,,,,,,,,,,,,,,,,,,,,,,,,,,,,,,parts;repair,,,,,,,,,,,,,,,,,,,,,,,,,,,,,,,,,,,,,,,,,,,,,,,,,,,,,,,,,,,,,,,,,,,,,,,,,,,,,,,,,,,,,,,,,,,"{""type"":""Point"",""coordinates"":[16.2302586,47.9371368]}"
Feature,node/5152281601,Wien,1-3,1140,Johnstraße,2025-09-12,,Velobis,Tu-Fr 10:00-17:00; Sa 10:00-15:00,,,,yes,yes,bicycle,http://velobis.com/,node/5152281601,,yes,,AT,,,,,,,,,,,,yes,,2025-09-12,office@velobis.com,,,,,,,,,,,,+43 1 7863980,,,,,,,,,,,,,http://velobis.com/,,,,,,,,,,,,,,,,,,,,,,,,,,,,,,,,,,,,,,,,,,,,,,,,,,,,,,,,,,,,,,,,,,,,,,,,,,,,,,,,,,,,,,,,,,,,,,,,,,,,,,,,,,,,,,,,,,,,,,,,,,,,,,,,,,,"{""type"":""Point"",""coordinates"":[16.3162895,48.1926464]}"
Feature,node/5165112921,Wien,80,1220,Rittersporngasse,,,Oliver Holat,,,+4369912804465,,,yes,bicycle,http://www.radwerkstatt.wien/,node/5165112921,,,,AT,,,,,,,,,,,,,,,,,,,,,,,,,,,,,,,,,,,,,,,,,,,,,,,,,,,,,,,,,,,,,,,,,,,,,,,,,,,,,,,,,,,,,,,,,,,,,,,,,,,,,,,,,,,,,,,,,,,,,,,,,,,,,,,,,,,,,,,,,,,,,,,,,,,,,,,,,,,,,,,,,,,,,,,,,,,"{""type"":""Point"",""coordinates"":[16.4691684,48.2249684]}"
Feature,node/5165177907,Wien,107,1050,Margaretenstraße,,,Mitico,"Mo-We,Fr 11:00-18:00, Th 08:00-15:00, Tu 11:00-18:00",,,,,yes,bicycle,https://www.miticobikes.com/,node/5165177907,,yes,,AT,,,,,,,,,,,yes,limited,,,,,,,,,,,,,,,,,,,,,,,,,,,,,,,,,,,,,,,,,,,,,,,,,,,,,,,,,,,,,,,,,,,,,,,,,,,,,,,,,,,,,,,,,,,,,,,,,,,,,,,,,,,,,,,,,,,,,,,,,,,,,,,,,,,,,,,,,,,,,,,,,,,,,,,,,,,,,,,"{""type"":""Point"",""coordinates"":[16.3545077,48.1888392]}"
Feature,node/5165452070,Wien,1,1120,Eibesbrunnergasse,,office@ratka.at,Fahrradstation,"Mo, We, Fr 16:00-20:00; Tu, Th 12:00-20:00; Sa 08:00-12:00",,,yes,,yes,bicycle,,node/5165452070,,yes,,AT,,,,,,,,,,,,limited,,,,,,,,,,,,,no,,,,,,,,,,,,,,,,,,,,,,,,,,,,,,,,,,,,,,,,,,,,,,,,,,+436765524992,,,,,,,,,,,,,,,,,,,,,,,,,,,,,,,,,,,,,,,,,,,,,,,,,,,,,,,,,,,,,,,,,,,,,,,,,,,,,,,,,,,,,,,,,,,,,,,,"{""type"":""Point"",""coordinates"":[16.3377793,48.17249]}"
Feature,node/5165527900,,,,,,,bike20,,,,,,yes,bicycle,,node/5165527900,,,,,,,,,,,,,,,,,,2024-07-07,,,,,,,,,,,,,,,,,,,,,,,,,,,,,,,,,,,,,,,Über Wintermonate geschlossen,,,,,,,,,,,,,,,,,,,,,,,,,,,,,,,,,,,,,,,,,,,,,,,no,,,,,,,,,,,,,,,,,,,,,,,,,,,,,,,,,,,,,,,,,,,,,,,,,,,,,,,,,,,,,,,,,,,,,,,"{""type"":""Point"",""coordinates"":[16.3777969,48.2460989]}"
Feature,node/5299406607,,,,,,,Drahteselklinik,"Th,Fr 08:00-12:00,14:30-18:00; Sa 08:00-12:00",,,,,yes,bicycle,,node/5299406607,,yes,yes,,,,,,,,,,,,,yes,,,office@drahteselklinik.com,,,,,,,,,,,+43 810 9554 183577,+43 6133 6187,,,,,,,,,,,,,www.drahteselklinik.com,,,,,,,,,,,,,,,,,,,,,,,,,,,yes,,,,,,,,,,,,,,,,,,,,,,,,,,,,,,,,,,,,,,,,,,,,,,,,,,,,,,,,,,,,,,,,,,,,,,,,,,,,,,,,,,,,,,,,,,,,,,,,,,,,,,,,"{""type"":""Point"",""coordinates"":[13.7729591,47.8074256]}"
Feature,node/5324590147,,,,,,,Fahrradtechnik KOWI OG,,,,,,,bicycle,,node/5324590147,,,,,,,,,,,,,,,,,,,,,,,,,,,,,,,,,,,,,,,,,,,,,,,,,,,,,,,,,,,,,,,,,,,,,,,,,,,,,,,,,,,,,,,,,,,,,,,,,,,,,,,,,,,,,,,,,,,,,,,,,,,,,,,,,,,,,,,,,,,,,,,,,,,,,,,,,,,,,,,,,,,,,,,,,,,,,,,"{""type"":""Point"",""coordinates"":[15.9101708,48.3444182]}"
Feature,node/5354279374,Krems an der Donau,22a,3500,Hohensteinstraße,2025-02-06,aichingerkg@utanet.at,Zweirad Sport Krems Aichinger KEG,,,+43 2732 828 76,,,yes,bicycle,http://www.zweirad-aichinger.at,node/5354279374,,yes,yes,AT,,,,,,,,,,,,,,,,,,,,,,,,,,,,,,,,,,,,,,,,,,,,,,,,,,,,,,,,,,,,,,,,,,,,,,,,,,,,,,,,,,,,,,,,,,,,,,,,,,,,,,,,,,,,,,,,,,,,,,,,,,,,,,,,,,,,,,,,,,,,,,,,,,,,,,,,,,,,,,,,,,,,,,,,,,,"{""type"":""Point"",""coordinates"":[15.6079412,48.4112409]}"
Feature,node/5381643055,,,,,,,Stadtrad,Mo-Fr 09:00-18:00,,,,,yes,bicycle,,node/5381643055,,yes,no,,,,,,,,,,yes,yes,no,limited,,2026-04-15,,,,,,,,,,,,,,,,,,,,,,,,,,,2026-04-15,,,,,,,,,,,,,,,,,,,,,,,,,,,,,,,,,,,,,,,,,,,,,,,,,,,,,,,,,,,,,,,,,,,,,,,,,,,,,,,,,,,,,,,,,,,,,,,,,,,,,,,,,,,,,,,,,,,,,,,,,,,,,,,,,,"{""type"":""Point"",""coordinates"":[13.0461262,47.807409]}"
Feature,node/5395154860,St. Johann in Tirol,8,6380,Mauthfeld,2023-08-23,info@bikezeit.at,BikeZeit,,Stephan Mattersberger,,,,yes,bicycle,https://www.bikezeit.at/,node/5395154860,,yes,,AT,,,,,,,,,,,,,,,,,,yes,,,,,Lokalerhebung 2012-2019,,,,,,,,,,,,,,,,,,,,,,,,,,,,,,,,,,,,,,,,,,,,,,,,,,,,,,,,,,,,,,,,,,,,,,,,,,,,,,,,,,,,,,,,,,,,,,,,,,,,,,,,,,,,,,,,,,,,,,,,,,,,,,,,,,,,,,,,,,,,,,,,,,,,"{""type"":""Point"",""coordinates"":[12.4284966,47.5299629]}"
Feature,node/5403566966,Wien,3,1090,Nußdorfer Straße,,office@arizonabike.at,Arizona Bike,Mo-Fr 09:00-19:00; Sa 09:00-18:00,,+43 680 1161575,,,yes,bicycle,https://www.arizonabike.at,node/5403566966,,,,AT,,,,,,yes,,,,,yes,,,,,,,,,,,,,,,,,,,,,,,,,,,,,,,,,,,,,,,,,,,,,,,,,,,,,,,,,,,,,,,,,,,,,,,,,,,,,,,,,,,,,,,3,,,,,,,,,,,,,,,,,,,,,,,,,,,,,,,,,,,,,,,,,,,,,,,,,,,,,,,,,,,,,,,,,,,,,,,,,"{""type"":""Point"",""coordinates"":[16.3532409,48.2229663]}"
Feature,node/5403570069,Wien,173-175,1030,Landstraßer Hauptstraße,2025-12-17,,Radgeber,"Tu-Fr 10:00-13:30,14:30-17:00",,,,,yes,bicycle,https://www.radgeber.bike,node/5403570069,,,,AT,,,,,,,,,,,no,no,,2025-12-17,,,,,,,,,,,,,,,,,,,,,,,,,,,,,,,,,,,,,,,,,,,,,,,,,,,,,,,,,,,,,,,,,,,,,,,,,,,,,,,,,,,,,,,,,,,,,,,,,,,,,,,,,,,,,,,,,,,,,,,,,,,,,,,,,,,,,,,,,,,,,,,,,,,,,,,,,,,,,"{""type"":""Point"",""coordinates"":[16.4007585,48.1898991]}"
Feature,node/5419735131,,8,,Karl-Wurmb-Straße,,,Bikerei,"Mo-We 09:00-12:00,15:00-18:00; Th 13:00-19:00; Fr 09:00-12:00,15:00-18:00; PH off",,,,,,bicycle,https://www.bikerei.eu/,node/5419735131,,,,,,,,,,,,,,,,,,,,,,,,,,,,,,,,,,,,,,,,,,,,,,,,,,,,,,,,,,,,,,,,,,,,,,,,,,,,,,,,,,,,,,,,,,,,,,,,,,,,,,,,,,,,,,,,,,,,,,,,,,,,,,,,,,,,,,,,,,,,,,,,,,,,,,,,,,,,,,,,,,,,,,,,,,,,,,,"{""type"":""Point"",""coordinates"":[14.0608847,48.1608735]}"
Feature,node/5419735133,Wels,6,4600,Dr.-Koss-Straße,,,Joe`s Radwerkstatt,"Mo,Tu,Fr 09:00-12:30,14:00-18:00; We 09:00-14:00; Th 10:00-12:30,14:00-19:00; PH off",,,,,yes,bicycle,https://www.joesradwerkstatt.at/,node/5419735133,,,,AT,,,,,,,,,,,no,,,,,,,,,,,,,,,,,,,,,,,,,,,,,,,,,,,,,,,,,,,,,,,,,,,,,,,,,,,,,,,,,,,,,,,,,,,,,,,,,,,,,,,,,,,,,,,,,,,,,,,,,,,,,,,,,,,,,,,,,,,,,,,,,,,,,,,,,,,,,,,,,,,,,,,,,,,,,,,,"{""type"":""Point"",""coordinates"":[14.0201205,48.1591624]}"
Feature,node/5471803447,Neukirchen am Großvenediger,149,5741,Marktstraße,,,Sport Brugger,Winter 08:15 bis 18:00 Sommer 08:30 bis 12:00 / 13:00 bis 18:00,,+43 664 3959808,,yes,,bicycle,,node/5471803447,,,,AT,,,yes,,,yes,,,,,yes,,,,,,,,,,,,,,,,,,,,,,,,,,,,,,,,,,,,,,,,,,,,,,,,,,,,,,,,,,2017-10-01,,,,,,,,,,,,,,,,,,,,,,,,,,,,,,,,,,,,,,,,,,,,,,,,,,,,,,,,,,,,,,,,,,,,,,,,,,,,,,,,,,,,,,,,,,,,,,,,,,,,,,"{""type"":""Point"",""coordinates"":[12.2741809,47.2522253]}"
Feature,node/5482607833,Pfaffenhofen,94,6405,Bahnweg,,,Veeelo Cycles,Tu-Fr 10:00-17:00; Sa 10:00-14:00,Veeelo Cycles,+43 699 19471966,,,yes,bicycle,https://veeelo.eu,node/5482607833,,,,AT,,,,,,,,,,yes,,,,,,,,,,,,,website,,,,,,yes,,,,,,,,,,,,,,,,,,,,,,,,,,,,,,,,,,,,,,,,,,,,,,,,,,,,,,,,,,,,,,,,,,,,,,,,,,,,,,,,ATU72842579,,,,,,,,,,,,,,,,,,,,,,,,,,,,,,,,,,,,,,,,,,,,,,,,,,,,,,,,,,,,,,"{""type"":""Point"",""coordinates"":[11.0817129,47.3002915]}"
Feature,node/5483708378,Saalbach-Hinterglemm,522,5753,Glemmtaler Landesstraße,,,Bikefürst,"Mo-Fr 08:30-12:00,13:00-18:00",,+43 6541 20441,,,,bicycle,https://www.bikefuerst-saalbach.at/,node/5483708378,,,,AT,,,,,,,,,,,,,,,,,,,,,,,,,,,,,,,,,,,,,,,,,,,,,,,,,,,,,,,,,,,,,,,,,,,,,2017-10-01,,,,,,,,,,,,,,,,,,,,,,,,,,,,,,,,,,,,,,,,,,,,,,,,,,,,,,,,,,,,,,,,,,,,,,,,,,,,,,,,,,,,,,,,,,,,,,,,,,,,,,"{""type"":""Point"",""coordinates"":[12.6277517,47.390516]}"
Feature,node/5511939981,Horn,3,3580,Bahnstraße,,,Bike Altmann,,,,,,,bicycle,https://www.bikealtmann.at/,node/5511939981,,,,AT,,,,,,,,,,,,,,,,,,,,,,,,,,,+43 664 498 32 39,,,,,,,,,,,,,,,,,,,,,,,,,,,,,,,,,,,,,,,,,,,,,,,,,,,,,,,,,,,,,,,,,,,,,,,,,,,,,,,,,,,,,,,,,,,,,,,,,,,,,,,,,,,,,,,,,,,,,,,,,,,,,,,,,,,,,,,,,,,,,,,,"{""type"":""Point"",""coordinates"":[15.6626067,48.6656179]}"
Feature,node/5518238471,Dornbirn,2a,6850,Batloggstraße,,,2rad Schertler,"Mo-Fr 08:00-12:00,14:00-18:00; Sa 08:00-12:00",,,,,,bicycle,https://2radschertler.at/,node/5518238471,,,,AT,,,,,,,,,,,,,,2025-07-17,info@2radschertler.at,,,,,,,,Survey 03.2018,,,,+43 5572 28382,,,,,,,,,,,,,,,,,,,,,,,,,,,,,,,,,,,,,,,,,,,,,,,,,,,,,,,,,,,,,,,,,,,,,,,,,,,,,,ATU36171307,,,,,,,,,,,,,,,,,,,,,,,,,,,,,,,,,,,,,,,,,,,,,,,,,,,,,,,,,,,,,,,,,,"{""type"":""Point"",""coordinates"":[9.7445071,47.4174342]}"
Feature,node/5532567944,,,,,,,Bikecenter Schager e.U.,"08:30-12:30,15:30-20:00",,,,,yes,bicycle,,node/5532567944,,yes,,,,,,,,,,,,,,,,,,,,,,,,,,,,,,,,,,,,,,,,,,,,,,,,,,,,,,,,,,,,,,,,,,,,,,,,,,,,,,,,,,,,,,,,,,,,,,,,,,,,,,,,,,,,,,,,,,,,,,,,,,,,,,,,,,,,,,,,,,,,,,,,,,,,,,,,,,,,,,,,,,,,,,,,,,,,,"{""type"":""Point"",""coordinates"":[15.6513266,46.9465663]}"
Feature,node/5534133900,Wien,152,1160,Thaliastraße,,info@pedalus.at,Pedalus,Mo-Fr 09:00-18:00,Roland Garber,+43 650 3 555 555,,,yes,bicycle,https://www.pedalus.at/,node/5534133900,,yes,,AT,,,,,,,,,,,no,no,,,,,,no,,,,,,,,,,,,,,,,,,,,,,,,,,,,,,,,,,,,,,,,,,,,,,,,,,,,,,,,,,,,,,,,,,,,,,,,,,,,,yes,,,,,,,,,,,,,,,,,,,,,,,,,,,,,,,,,,,,,,,,,,,,,,,,,,,,,,,,,,,,,,,,,,,,,,,,,,,,"{""type"":""Point"",""coordinates"":[16.308191,48.2133265]}"
Feature,node/5556876603,Wien,38,1100,Sonnwendgasse,,,Lemon Bike,Mo-Fr 10:00-18:00,,,,,,bicycle,,node/5556876603,,,,AT,,,,,,,,,,,,,,2025-03-12,,,,,,,,,,,,,+4369918080606,,,,,,,,,,,,,,,,,,,,,,,,,,,,,,,,,,,,,,,,,,2017-10-01,,,,,,,,,,,,,,,,,,,,,,,,,,,,,,,no,,,,,,,,,,,,,,,,,,,,,,,,,,,,,,,,,,,,,,,,,,,,,,,,,,,,,,,,,,,,,,,,,,,,,,,"{""type"":""Point"",""coordinates"":[16.3796892,48.1783925]}"
Feature,node/5557299095,,,,,,,Bikepalast,Mo-Fr 09:00-18:00; We 15:00-20:00; Sa 09:00-12:00,,,,,,bicycle,,node/5557299095,,,,,,,,,,,,,,,,,,,woergl@bikepalast.com,,,,,,,,,,,,+43 5332 22830,,,,,,,,,,,,,http://web.bikepalast.com/,,,,,,,,,,,,,,,,,,,,,,,,,,,,,,,,,,,,,,,,,,,,,,,,,,,,,,,,,,,,,,,,,,,,,,,,,,,,,,,,,,,,,,,,,,,,,,,,,,,,,,,,,,,,,,,,,,,,,,,,,,,,,,,,,,,"{""type"":""Point"",""coordinates"":[12.0743863,47.4896635]}"
Feature,node/5582369121,,,,,,info@oemobil.at,oemobil,"Tu 11:00-20:00, Th 11:00-20:00",,+43 664 3027470,,,yes,bicycle,https://www.oemobil.at/,node/5582369121,,yes,yes,,,,,,,,,,,,,yes,,,,,,yes,,,,,,,,,,,,,,,,,,,,,,,,,,,,,,,,,,,,,,,,,,,yes,,,,,,,,,,,,,,,,,,,,,,,,,,,,,,,,,,,,,,,,,,,,,,,,,,,,,,,,,,,,,,,,,,,,,,,,,,,,,,,,,,,,,,,,,,,,,,,,,,,,,,,,,,,,,,"{""type"":""Point"",""coordinates"":[16.3070436,48.0537858]}"
Feature,node/5610799188,Wien,134,1050,Margaretengürtel,2024-02-28,werkstatt@dieradwerkstatt.at,Die Radwerkstatt,"Mo-Fr 09:00-12:00,13:00-18:00",,+4315443801,,,yes,bicycle,https://www.dieradwerkstatt.at/,node/5610799188,,,yes,AT,,,,,,,,,,,yes,limited,,,,,,,,,,,,,,,,,,,,,,,,,,,,,,,,,,,,,,,,,,,,,,,,,,,,,,,,,,,,,,,,,,,,,,,,,,,,,,,,,,,,,,,,,,,,,,,,,,,,,,,,,,,,,,,,,,,,,,,,,,,,,,,,,,,,,,,,,,,,,,,,,,,,,,,,,,,,,,,"{""type"":""Point"",""coordinates"":[16.3449706,48.1857132]}"
Feature,node/5613714184,,,,,,,Pacal,"Mo-Fr 09:00-12:00,15:00-18:00; Sa 09:00-12:00 || ""sowie nach Vereinbarung""",,,,,yes,bicycle,,node/5613714184,,yes,yes,,,,,,,,,,,,,,,,,,,,,,,,,,,,,,,,,,,,,,,,,,,,,,,,,,,,,,,,,,,,,,,,,,,,,,,,,,,,,,,,,,,,,,,,,,,,,,,,,,,,,,,,,,,,,,,,,,,,,,,,,,,,,,,,,,,,,,,,,,,,,,,,,,,,,,,,,,,,,,,,,,,,,,,,,,,,"{""type"":""Point"",""coordinates"":[16.2472419,47.8995228]}"
Feature,node/5614923536,,,,,,,Granat Bike,"Mo-Sa 08:00-17:00; Jun-Aug Mo-Sa 08:00-17:00, Su 08:00-13:00",,,,,yes,bicycle,,node/5614923536,,yes,no,,,,,,,,,,,,,,,,,,,yes,,,,,geoimage.at;knowledge,,no,,,,,,,,,,,,,,,www.granat-bike.at,,,,,,,,,,,,,,,,,,,,,,,,,,,,,2017-04-07,,,,,,,,,,,,,,,,,,,,,,,,,,,,,,,,,,,,,,,,,,,,,yes,yes,,,,,,,,,,,,,,,,,,,,,,,,,,,,,,,,,,,,,,,,,,,,,,,,,,,,,,,,"{""type"":""Point"",""coordinates"":[13.6508878,46.7827085]}"
Feature,node/5632395134,Knittelfeld,61,8720,Sandgasse,,office@radwerkstatt-willibald.at,Radwerkstatt,,,+43 660 1513522,,,,bicycle,https://www.radwerkstatt-willibald.at/,node/5632395134,,,,AT,,,,,,,,,,,,,,,,,,,,,,,,,,,,,,,,,,,,,,,,,,,,,,,,,,,,,,,,,,,,,,,,,,,,,,,,,,,,,,,,,,,,,,,,,,,,,,,,,,,,,,,,,,,,,,,,,,,,,,,,,,,,,,,,,,,,,,,,,,,,,,,,,,,,,,,,,,,,,,,,,,,,,,,,,,,"{""type"":""Point"",""coordinates"":[14.8249716,47.2079223]}"
Feature,node/5668824038,Lienz,23,9900,Tiroler Straße,,,dolomite.bike,Mo-Fr 09:00-18:00; Sa 09:00-12:00,dolomite.bike,,yes,yes,yes,bicycle,https://www.dolomite.bike,node/5668824038,,yes,yes,AT,,,,yes,yes,,,,,,yes,,,,,,,yes,,,,,http://www.dolomite.bike/specialized-elite-shop/,,,,,,,,,,,,,yes,,,yes,,,,,,,,,,,,,,,,,,,,,,,,,,,,,,,,,,,,,,,,,,,,,,,,,,,,,,,,,,,,,,,,,,,,,,,,,,,,,,,,,,,,,,,,,,,,,,,,,,,,,,,,,,,,,,,,,,,,,,,,,,,,,,,,,,,,"{""type"":""Point"",""coordinates"":[12.7645625,46.8274876]}"
Feature,node/5724113062,Waidhofen an der Thaya,12,3830,Heidenreichsteinerstraße,,,Fahrradhändler - Jutta Kreil,,Jutta Kreil,,,,yes,bicycle,,node/5724113062,,yes,,AT,,,,,,,,,,,,,,,,,,,,,,,,,,,,,,,,,,,,,,,,,,,,,,,,,,,,,,,,,,,,,,,,,,,,,,,,,https://www.facebook.com/profile.php?id=100071858897302,,,,,,,,,,,,,,,,,,,,,,,,,,,,,,,,,,,,,,,,,,,,,,,,,,,,,,,,,,,,,,,,,,,,,,,,,,,,,,,,,,,,,,,,,,,,,,,,,,"{""type"":""Point"",""coordinates"":[15.2812352,48.8166084]}"
Feature,node/5736695927,Salzburg,21,5020,Michael-Pacher-Straße,,,M&M,,,,,,,bicycle,,node/5736695927,,,,AT,,,,,,,,,,,,,,,,,0,,,,,,,,,,,,,,,,,,,,,,,,,,,,,,,,,,,,,,,,,,,,,,,,,,,,,,,,,,,,,,,,,,,,,,,,,,,,,,,,,,,,,,,,,,,,,,,,,,,,,,,,,,,,,,,,,,,,,,,,,,,,,,,,,,,,,,,,,,,,,,,,,,,,,,,,,,"{""type"":""Point"",""coordinates"":[13.0638205,47.7885413]}"
Feature,node/5808347243,Salzburg,9,5020,Josef-Schwer-Gasse,,,tuttist wheel services,,Martin Hebr,+436603473725,,yes,yes,bicycle,,node/5808347243,,,,AT,yes,,,,,,,,,,,,,,,,,,,,,,,,,,,,yes,,,,,,,,,,,,,,,,,,,,,,,,,,,,,,,,,,,,,,,,2017-10-01,,,,www.tuttistwheels.at,,,,,,,,,,,,,,,,,,,,,,,,,,,,,,,,,,,,,,,,,,,yes,yes,,,,,,,,,,,,,,,,,,,,,,,,,,,,,,,,,,,,,,,,,,,,,,,,,,,,,,"{""type"":""Point"",""coordinates"":[13.0235356,47.7974525]}"
Feature,node/5837649700,Sankt Margarethen im Lungau,193,5581,Gewerbegebiet,,,Radsport Sampl,,,,,,,bicycle,https://www.sampl.cc/,node/5837649700,,,,AT,,,,,,,,,,,,,,,,,,,,,,,,,,,,,,,,,,,,,,,,,,,,,,,,,,,,,,,,,,,,,,,,,,,,,2018-04-02,,,,,,,,,,,,,,,,,,,,,,,,,,,,,,,,,,,,,,,,,,,,,,,,,,,,,,,,,,,,,,,,,,,,,,,,,,,,,,,,,,,,,,,,,,,,,,,,,,,,,,"{""type"":""Point"",""coordinates"":[13.693076,47.087445]}"
Feature,node/5852083889,,,,,,,Intersport Lackner,,Intersport Lackner,,,,,bicycle,,node/5852083889,,,,,,,,,,,,,,,,,,,,,,,,,,,,,,,,,,,,,,,,,,,,,,,,,,,,,,,,,,,,,,,,,,,,,,,,,,,,,,,,,,,,,,,,,,,,,,,,,,,,,,,,,,,,,,,,,,,,,,,,,,,,,,,,,,,,,,,,,,,,,,,,,,,,,,,,,,,,,,,,,,,,,,,,,,,,,,,"{""type"":""Point"",""coordinates"":[13.1955647,47.244498]}"
Feature,node/5852091881,,,,,,,Sport 2000 Kendlbacher,,Sport 2000 Kendlbacher,,,,,bicycle,,node/5852091881,,,,,,,,,,,,,,,,,,,,,,,,,,,,,,,,,,,,,,,,,,,,,,,,,,,,,,,,,,,,,,,,,,,,,,,,,,,,,,,,,,,,,,,,,,,,,,,,,,,,,,,,,,,,,,,,,,,,,,,,,,,,,,,,,,,,,,,,,,,,,,,,,,,,,,,,,,,,,,,,,,,,,,,,,,,,,,,"{""type"":""Point"",""coordinates"":[13.1982272,47.2384866]}"
Feature,node/5872013120,,,,,,,Greenstorm Lagerverkauf,Mo-Fr 08:00-17:00; Sa 08:00-12:00,,,,,,bicycle,,node/5872013120,,yes,,,,,,,,,,,,,,yes,,,,,,,,,,,,,,,,,,,,,,,,,,,,,,,,,,,,,,,,,,,,,,,,,,,,,,,,,,,,,,,,,,,,,,,,,,,,,,,,,,,,,,,,,,,,,,,,,,,,,,,,,,,,,,,,,,,,,,,,,,,,,,,,,,,,,,,,,,,,,,,,,,,,,,,,,,,,,,,"{""type"":""Point"",""coordinates"":[12.1969901,47.6488873]}"
Feature,node/5879045889,Steyr,16,4400,Enge Gasse,,,E-MOBILITY,"Mo,Tu,Th,Fr 09:00-12:00,14:00-18:00; Sa 09:00-12:00",,,,,,bicycle,https://www.emobility.co.at/,node/5879045889,,,,,,,,,,,,,,,,,,,,,,,,,,,,,,,,,,,,,,,,,,,,,,,,,,,,,,,,,,,,,,,,,,,,,,,,,,,,,,,,,,,,,,,,,,,,,,,,,,,,,,,,,,,,,,,,,,,,,,,,,,,,,,,,,,,,,,,,,,,,,,,,,,,,,,,,,,,,,,,,,,,,,,,,,,,,,,,"{""type"":""Point"",""coordinates"":[14.4202839,48.0411343]}"
Feature,node/5898546885,,,,,,info@b7fahrradzentrum.at,B7 Fahrradzentrum,Tu-Fr 09:00-18:00; Sa 09:00-12:00,,+43732681880,,,,bicycle,https://www.b7fahrradzentrum.at,node/5898546885,,,,,,,,,,,,,,,,yes,,,,,,,,,,,,,,,,,,,,,,,,,,,,,,,,,,,,,,,,,,,,,,,,,,,,,,,,,,,,,,,,,,,,,,,,,,,,,,,,,,,,,,,,,,,,,,,,,,,,,,,,,,,,,,,,,,,,,,,,,,,,,,,,,,,,,,,,,,,,,,,,,,,,,,,,,,,,,,,"{""type"":""Point"",""coordinates"":[14.2996658,48.3119382]}"
Feature,node/5909948046,Ehrwald,21,6632,Kirchplatz,,alex@radlwerkstatt.tirol,Radlwerkstatt,"Mo,Tu,We,Fr 08:30-12:00,14:00-17:00; Sa 08:30-12:00; Tu off; Su off; PH off",Alexander Michel,+43 677 62759247,yes,yes,yes,bicycle,https://www.radlwerkstatt.tirol,node/5909948046,,yes,yes,,yes,,,yes,yes,yes,yes,,yes,,,,,,alex@radlwerkstatt.tirol,,,yes,,,,,,,yes,,,,yes,,,"Verkauf von Fahrrädern & eBikes, Service & Reparatur auch am Wochenende",,,,,yes,yes,,https://www.radlwerkstatt.tirol/,,,,,,,,,,Husqvarna;Raymon;Ghost;DREHMOMENT;USWE;Source;Shimano;SRAM;Continental;Giro;LEATT,,,,,,,,yes,,,,,,,,,,1000,,,,,,,,,,,,,,,,,,,,,,,,,,,,,,,,,,,,,,,,,,,,,,,,,,yes,yes,,,,,,,,,,,,,,,,,,,,,,,,,,,,,,,,,,,,,,,,,,,,,,,,,,,,"{""type"":""Point"",""coordinates"":[10.9185487,47.3983383]}"
Feature,node/5983451336,Saalfelden am Steinernen Meer,24,5760,Leogangerstraße,,service@bikement.at,BIKEMENT,"Mo-Fr 08:00-18:00, Sa 08:00-12:00",SG Toolbox GmbH,+43 664 88363359,yes,yes,yes,bicycle,https://www.bikement.at,node/5983451336,,yes,,,yes,yes,yes,yes,yes,yes,yes,https://www.bikement.at/wp-content/uploads/logo_bikement-invert-email.png,yes,yes,yes,yes,,,,,0,,,,,,survey;local knowledge,,yes,,,,yes,,,"Local bike store of the austrian bike online shop BIKEMENT (www.bikement.at). You can find bike parts, components, bike clothing, goggles, repair-station, bike service, bike wash, suspension center and workshop.",,,,yes,yes,yes,yes,,,,,,,,,yes,,,,,,,,,,yes,,yes,,,,,,,,,,,2022-06-01,,,,,,yes,,,,yes,,,,,,,,,,,,,,,,,,,,,,,,,,,,ATU67991603,,,,,,,,,,yes,yes,yes,yes,yes,yes,yes,yes,yes,yes,yes,,,,,,,,,,,,,,,,,,,,,,,,,,,,,,,,,,,,,,,,,,"{""type"":""Point"",""coordinates"":[12.8417342,47.429705]}"
Feature,node/5986635439,Villach,25,9500,Italiener Straße,,,rund ums rad,Mo-Th 08:00-16:30; Fr 08:00-14:30,Soziale Betriebe Kärnten,+434242219140342,,,,bicycle,https://www.sbk.or.at/sport,node/5986635439,,,,,,,,,,,,,,,,,,,,,,,,,,,,,,,,,,,,,,,,,,,,,,,,,,,,,,,,,,,,,,,,,,,,,,,,,,,,,,,,,,,,,,,,,,,,,,,,,,,,,,,,,,,,,,,,,,,,,,,,,,,,,,,,,,,,,,,,,,,,,,,,,,,,,,,,,,,,,,,,,,,,,,,,,,,,,,,"{""type"":""Point"",""coordinates"":[13.8433014,46.6096692]}"
Feature,node/6017201505,Pfaffenschlag bei Waidhofen a.d.Thaya,3,3834,Hofteichsiedlung,,markus@mkbikes.at,MK Fahrradhandel,"Th 14:00-18:00; Fr 08:00-12:00, 14:00-18:00; Sa 08:00-12:00",Markus Koller,+43 664 4074452,yes,,yes,bicycle,https://www.mkbikes.at,node/6017201505,,,,AT,,,,,,yes,,,,,yes,,,,,,,,,,,,,,,,,,,,,,,,,,,,yes,,,,,,,,,,,,,,,,,,,,,,,,,,,,,,2018-04-02,,,,,,,,,,,,,,,,,,,,,,,,,,,,,,,,,,,,,,,,,,,,,,,,,,,,,,,,,,,,,,,,,,,,,,,,,,,,,,,,,,,,,,,,,,,,,,,,,,,,,,"{""type"":""Point"",""coordinates"":[15.1976404,48.8432936]}"
Feature,node/6020105962,Salzburg,17,5020,Elisabethstraße,,carla@velorep.at,carlavelorep,"Mo,We,Fr 09:00-18:00; Tu 09:00-13:00; Th 11:00-18:00",,+43 662 444080,,,yes,bicycle,https://www.carlavelorep.at/,node/6020105962,,yes,,AT,,,,,,,,,,,yes,,,2025-11-06,,,,,,,,,,,,,,,,,,,,,,,,,,,,,,yes,,,,,,,,,,,,,,,,,,,,,,,yes,,,,,,,,,,,,,,,,,,,,,,,,,,,,,,,,,,,,,,,,,,,,yes,,,,,,,,,,,,,,,,,,,,,,,,,,,,,,,,,,,,,,,,,,,,,,,,,,,,,,,,,,,,"{""type"":""Point"",""coordinates"":[13.0418187,47.8127691]}"
Feature,node/6051460273,Bruck an der Mur,1,8600,Schiffgasse,,,Radsport Berger,"Mo-Th,Tu-Fr 09:00-12:00,15:00-18:00; We closed; Sa 09:00-12:00; PH off",Bernhard Berger,,,,,bicycle,,node/6051460273,,,,,,,,,,,,,,yes,,,,,,,,,,,,,,,,,,,yes,,,,,,,yes,,,,,,,,,,,,,,,,,,,,,,,,,,,,,,,,,,,,,,,,,,,,,,,,,,,,,,,,,,,,,,,,,,,,,,,,,,,,,,,,,,,,,,,,,,,,,,,,,,,,,,,,,,,,,,,,,,,,,,,,,,,,,,,,,,,,,,,"{""type"":""Point"",""coordinates"":[15.2693202,47.408934]}"
Feature,node/6111418112,Wels,30,4600,Pfarrgasse,,,Bikedoc,"Mo-Fr 09:00-12:00,14:00-18:00",,,,,,bicycle,http://www.bikedoc.at/,node/6111418112,,,,AT,,,,,,,,,,,,yes,,,,,,,,,,,,,,,,,,,,,,,,,,,,,,,,,,,,,,,,,,,,,,,,,,,,,,,,,,,,,,,,,,,,,,,,,,,,,,,,,,,,,,,,,,,,,,,,,,,,,,,,,,,,,,,,,,,,,,,,,,,,,,,,,,,,,,,,,,,,,,,,,,,,,,,,,,,,,,,"{""type"":""Point"",""coordinates"":[14.0263959,48.1582022]}"
Feature,node/6139631055,Wien,109,1120,Altmannsdorfer Straße,,,Jugend am Werk,"Tu-Th 08:30-11:30,13:00-15:00,08:30-11:30",Jugend am Werk,+4318028057,,,yes,bicycle,,node/6139631055,,,yes,,,,,,,,,,,,no,,,,,,,,,,,,,,,,,,,,,,,,,,,,,,,,,yes,,,,,,,,,,,,,,,,,,,,,,,,,,,,,,,,,,,,,,,,,,,,,,,,,,,,,,,,,,,,,,,,,,,only,,,,,,,,,,,,,,,,,,,Q1410368,,,,,,,,,,,,,,,,,,,,,,,,,,,,,,,,,,,,,,,,,"{""type"":""Point"",""coordinates"":[16.3179575,48.1618185]}"
Feature,node/6205898811,Graz,38,8020,Keplerstraße,,,Rebikel,Tu-Fr 13:00-18:00,Rebikel,,,yes,yes,bicycle,,node/6205898811,,yes,yes,AT,,,,,yes,,yes,,,,yes,no,bicycle_repair_station,,office@rebikel.at,,,,,,,,,,,,+436765019070,,,,,,,,,,,,,http://www.rebikel.at/,,,,,,,,,,,,,,,,,,,,,,,,,,,,,,,,,,,,,,,,,,,,,,,,,,,,,,,,,,,,,,,,,,,,,,,,,,,,,,,,,,,,,,,,,,,,,,,,,,,,,,,,,,,,,,,,,,,,,,,,,,,,,,,,,,,"{""type"":""Point"",""coordinates"":[15.4275201,47.0756165]}"
Feature,node/6274090739,Salzburg,17,5023,Hannakstraße,,,Bike Kitchen Salzburg,Th 19:00-23:00,Mark Salzburg,,,,no,bicycle,https://marksalzburg.at/projekte/bike-kitchen/,node/6274090739,,no,no,AT,,no,,,,,,,yes,yes,yes,yes,,2023-07-02,,,0,no,,,,,,,yes,,,,,,,,,,,,,,,,,,,,,,,,,,,,Bicycle DIY workshop,,,,,,,,,,,,,,,,2023-10-01,,,,,,,,,,,,,,,,,,,,,,,,,,,,,,,,,,,,,,,,,,,,,,,,,,,,,,,,,,,,,,,,,,,,,,,,,,,,,,,,,,,,,,,,,,,,,,,,,,,,,,"{""type"":""Point"",""coordinates"":[13.0649018,47.8246158]}"
Feature,node/6396660193,,,,,,,RadAktiv,Mo-Fr 10:00-19:00;Sa 09:00-17:00,,,,,,bicycle,,node/6396660193,,,,,,,,,,,,,,,,,,,,,,,,,,,,,,,+43 316 24 11 15,,,,,,,,,,,,,www.radaktiv.at,,,,,,,,,,,,,,,,,,,,,,,,,,,,,,,,,,,,,,,,,,,,,,,,,,,,,,,,,,,,,,,,,,,,,,,,,,,,,,,,,,,,,,,,,,,,,,,,,,,,,,,,,,,,,,,,,,,,,,,,,,,,,,,,,,,"{""type"":""Point"",""coordinates"":[15.4198249,47.033625]}"
Feature,node/6432859553,Heidenreichstein,26,3860,Schremser Straße,,,KATZENBEISSER E-Bikes.handel.verleih,,Walter Katzenbeisser,,yes,,,bicycle,,node/6432859553,,,,,,,,,,,,,,,,,,,,,,yes,,,,,,,,,,,,,,,,,,,,,yes,,,,,,,,,,,,,,,,,,,,,,,,,,,,,,,,,,,,,,,,,,,,,,,,,,,,,,,,,,,,,,,,,,,,,,,,,,,,,,,,,,,,,,,,,,,,,,,,,,,,,,,,,,,,,,,,,,,,,,,,,,,,,,,,,,,,"{""type"":""Point"",""coordinates"":[15.1198727,48.8648291]}"
Feature,node/6433976214,Ried im Innkreis,3,4910,Rainerstraße,,,Feja,,Bernhard Feja,+43 7752 821030,,,,bicycle,,node/6433976214,,,,,,,,,,,,,,,,,,,,,,,,,,,,,,,,,,,,,,,,yes,,,,,,,,,,,,,,,,,,,,,,,,,,,,,,,,,,,,,,,,,,,,,,,,,,,,,,,,,,,,,,,,,,,,,,,,,,,,,,,,,,,,,,,,,,,,,,,,,,,,,,,,,,,,,,,,,,,,,,,,,,,,,,,,,,,,,,,"{""type"":""Point"",""coordinates"":[13.4869213,48.2080529]}"
Feature,node/6438247364,Wien,58-60,1050,Reinprechtsdorfer Straße,,,VELLO Brand Store,Tu-Fr 10:30-18:30,VELLO GmbH,+43 660 6683556,,,yes,bicycle,https://vello.bike,node/6438247364,,,,,,,,,,yes,,,,,,,,2025-04-01,,,,,,,,,,,,,,,,,,,,,,,yes,,yes,,,,,,,,,,,,,,,,,,,,,,,,,,,,,,,,2018,,,,,,,,,,,,,,,,,,,,,,,,,,,,,,,,,,,,,,,,,,,,,,,,,,,,,,,,,,,,,,,,,,,,,,,,,,,,,,,,,,,,,,,,,,,,,,,,,,,,"{""type"":""Point"",""coordinates"":[16.3524923,48.1874924]}"
Feature,node/6464635510,,,,,,,Zweirad Ginzinger,,,,,,yes,bicycle,,node/6464635510,,yes,,,,,,,,,,,,,,,,,,,,,,,,,,,,,,,,,,,,,,,,,yes,,,,,,,,,,,,,,,,,,,,,,,,,,,,,,,,,,,,,,,,,,,,,,,,,,,,,,,,,,,,,,,,,,,,,,,,,,,,,,,,,,,,,,,,,,,,,,,,,,,,,,,,,,,,,,,,,,,,,,,,,,,,,,,,,,,,"{""type"":""Point"",""coordinates"":[13.4807413,48.2016489]}"
Feature,node/6484431517,Wien,14,1080,Piaristengasse,,,Optimus Bike,Mo-Fr 10:00-19:00; Sa 10:00-15:00,,,,,,bicycle,,node/6484431517,,,,,,,,,,,,,yes,yes,,limited,,2022-06-08,,,,,,,,,,,,,,,,,,,,,,,,,,,,,,,,,,,,,,,,,,,,,,,,,,,,,,,,,,,,,,,,,,,,,,,,,,,,,,,,,,,,,,,,,,,,,,,,,,,,,,,,,,,,,,,,,,,,,,,,,,,,,,,,,,,,,,,,,,,,,,,,,,,,,,,,,,,,,"{""type"":""Point"",""coordinates"":[16.3513119,48.2069623]}"
Feature,node/6544531046,,,,,2025-04-12,,2 Rad Mehsner,,,,,,,bicycle,,node/6544531046,,,,,,,,,,,,,,,,,,,,,,,,,,,,,,,,,,,,,,,,,,,,,,,,,,,,,,,,,,,,,,,,,,,,,,,,,,,,,,,,,,,,,,,,,,,,,,,,,,,,,,,,,,,,,,,,,,,,,,,,,,,,,,,,,,,,,,,,,,,,,,,,,,,,,,,,,,,,,,,,,,,,,,,,,,,,,,,"{""type"":""Point"",""coordinates"":[14.1011059,46.7223043]}"
Feature,node/6552309566,Bad Schallerbach,10,4701,Linzer Straße,,,Radsache,"Mo, Fr 09:00-12:00, 15:00-19:00; Tu, We, Th 18:00-20:00; Sa ""flexible Termine""",,+43 664 75077424,,,,bicycle,https://radsache.jimdo.com/,node/6552309566,,,,AT,,,,,,,,,,,,,,,,,,,,,,,,,,,,,,,,,,,,,,,,,,,,,,,,,,,,,,,,,,,,,,,,,,,,,,,,,,,,,,,,,,,,,,,,,,,,,,,,,,,,,,,,,,,,,,,,,,,,,,,,,,,,,,,,,,,,,,,,,,,,,,,,,,,,,,,,,,,,,,,,,,,,,,,,,,,"{""type"":""Point"",""coordinates"":[13.9224538,48.2301881]}"
Feature,node/6576348579,,,,,,,Uran Bike Shop,"Mo-Fr 09:00-12:00, Sa 09:00-13:00, Mo-Fr 13:00-18:00",Werner Uran,,yes,yes,yes,bicycle,,node/6576348579,,yes,,,yes,yes,yes,yes,yes,yes,yes,,yes,,yes,,,,,,,yes,,,,,,,,,,,yes,,,,,,,yes,yes,,yes,,,,,,,,,,,,,,,,,,,yes,,,,,,,,,,,,,,,,,,,,,,,,,,,,,,,,,,,,,,,,,,,,,,,,,,,,,,,,,,,,,,,,,,,,,,,,,yes,,,,,,,,,,,,,,,,,,,,,,,,,,,,,,,,,,,,,,,,"{""type"":""Point"",""coordinates"":[14.038045,46.614239]}"
Feature,node/6629905321,Wien,136,1200,Dresdner Straße,2022-06-09,info@der-drehmoment.at,der drehmoment,Mo-Fr 14:00-19:00; PH off,,+43 660 3695117,,,,bicycle,https://der-drehmoment.at,node/6629905321,,yes,yes,,,,,,,yes,,,,,,limited,,,,,,,,,,,,,,,,,,,,,,,,,,,,,,,,,,,,,,,,,,,,,,,,,,,,,,,,,,,,,,,,,,,,,,,,,,,,,,,,,,,,,,,,,,,,,,,,,,,,,,,,,,,,,,,,,,,,,,,,,,,,,,,,,,,,,,,,,,,,,,,,,,,,,,,,,,,,,,,"{""type"":""Point"",""coordinates"":[16.3877512,48.2294151]}"
Feature,node/6727820749,,,,,,,Velomove,Mo-Fr 10:00-17:00,,,,,,bicycle,,node/6727820749,,,,,,,,,,,,,,,,,,,,,,,,,,,,,,,,,,,,,,,,,,,,https://www.velomove.at,,,,,,,,,,,,,,,,,,,,,,,,,,,,,,,,,,,,,,,,,,,,,,,,,,,,,,,,,,,,,,,,,,,,,,,,,,,,,,,,,,,,,,,,,,,,,,,,,,,,,,,,,,,,,,,,,,,,,,,,,,,,,,,,,,,"{""type"":""Point"",""coordinates"":[16.5483217,48.1997418]}"
Feature,node/6737947094,Oberndorf an der Melk,2,3281,Wieselburger-Straße,,,Reifen Weichberger,,,,,,,bicycle,,node/6737947094,,,,,,,,,,,,,,,,,,,,,,,,,,,,,,,+43 7483 7000,,,,,,,,,,,,,http://www.weichberger.at/cms/oberndorf-an-der-melk,,,,,,,,,,,,,,,,,,,,,,,,,,,,,,,,,,,,,,,,,,,,,,,,,,,,,,,,,,,,,,,,,,,,,,,,,,,,,,,,,,,,,,,,,,,,,,,,,,,,,,,,,,,,,,,,,,,,,,,,,,,,,,,,,,,"{""type"":""Point"",""coordinates"":[15.216184,48.0657362]}"
Feature,node/6739815764,Bad Deutsch-Altenburg,3,2405,Neustiftgasse,,office@raditaeten.at,raditäten,,Roman Spatzierer,+43 676 671 3 040,,,yes,bicycle,https://www.raditäten.at/,node/6739815764,,yes,yes,,,,,,,,,,,,,,,,,,,yes,,,,,,,,,,,,,,,,,,,,,,,,,,,,,,,,,,,,,,,,,,,,,,,,,,,,,,,,,,,,,,,,,,,,,,,,,,,,,,,,,,,,,,,,https://www.raditaeten.at,,,,,yes,,,,,,,,,,,,,,,,,,,,,,,,,,,,,,,,,,,,,,,,,,,,,,,,,,,,,,,,,,,,"{""type"":""Point"",""coordinates"":[16.906351,48.1340637]}"
Feature,node/6796452710,Wien,24,1160,Herbststraße,2026-04-29,werkstatt@radlfriseur.at,Radlfriseur,"Tu-Fr 09:00-12:00, 14:00-18:00; Sa 08:00-12:00; PH off",,+43 660 681 68 33,,,,bicycle,https://www.radlfriseur.at/,node/6796452710,,,,,,,,,,,,,,,no,,,,,,,,,,,,,,,,,,,,,,,,,,,,,,,,,,,,,,,,,,,,,,,,,,,,,,,,,,,,,,,,,,,,2026-04-29,,,,,,,,,,,,,,,,,,,,,,,,,,,,,,,,,,,,,,,,,,,,,,,,,,,,,,,,,,,,,,,,,,,,,,,,,,,,,,,,,,,,,,,,,,,,"{""type"":""Point"",""coordinates"":[16.3319315,48.2057463]}"
Feature,node/6898844371,Schwaz,13,6130,Tannenberggasse,,,Probike Schwaz,"Tu-Fr 08:30-12:30, 14:00-18:00; Sa 08:00-12:00",Pro-Bike Kreidl eU,+43 5242 66661,,,,bicycle,https://www.probike.at,node/6898844371,,,,AT,,,,,,,,,,,,,,,,,,,,,,,website,,,,,,,,,,,,,,,,,,,,,,,,,,,,,,,,,,,,,,,,,,,,,,,,,,,,,,,,,,,,,,,,,,,,,,,,,,,,,,,,,,,,,,ATU69153257,,,,,,,,,,,,,,,,,,,,,,,,,,,,,,,,,,,,,,,,,,,,,,,,,,,,,,,,,,,,,,"{""type"":""Point"",""coordinates"":[11.7095048,47.3473829]}"
Feature,node/7005985089,Linz,52,4020,Goethestraße,,,Bike Discounter,Mo-Fr 09:00-18:30; Sa 10:00-16:00,,+43 660 1453660,,,yes,bicycle,https://www.bike-discounter.at/,node/7005985089,,yes,yes,AT,,,,,,,,,,,,,,,,,,yes,,,,,,,,,,,,,,,,,,,,,,,,,,,,,,,,,,,,,,,,,,,,,,,,,,,,,,,,,,,,,,,,,,,,,,,,,,,,,,,,,,,,,,,,,,,,,,,,,,,,,,,,,,,,,,,,,,,,,,,,,,,,,,,,,,,,,,,,,,,,,,,,,,,,,,,,,"{""type"":""Point"",""coordinates"":[14.2994785,48.2979909]}"
Feature,node/7056724590,Wien,11,1020,Bruno-Marek-Allee,,office@starbike.at,Star Bike,"Mo,Tu,Th,Fr 10:00-18:00; Sa 09:00-13:00",,+43 1 2198560,,,yes,bicycle,https://www.starbike.at,node/7056724590,,yes,,,,,,,,,,,,,yes,limited,,2026-04-20,,,,yes,,,,,,,,,,,,,,,,,,,,,,,,,,,,,,,,,,,,,,,,,,,,,,,,,,,,,,,,,,,,,,,,,,,,,,,,,,,,,,,,,,,,,,,,,,,,,,,,,,,,,,,,,,,,,,,,,,,,,,,,,,,,,,,,,,,,,,,,,,,,,,,,,,,,,,,,,"{""type"":""Point"",""coordinates"":[16.3926493,48.2267809]}"
Feature,node/7083940100,,,,,,,The E-Bike Store,"Mo-Fr 08:30-12:30,15:00-18:30",,+43 699 10526204,,,yes,bicycle,https://www.e-bikestore.at/,node/7083940100,,yes,no,,,,,,,,,,yes,yes,yes,yes,,2026-01-23,,,,,,,,,,,,,,,,,,,,,,,,,,,,,,,,,,,,,,,,,,,,,,,,,,,,,,,,,,,,,,,,,,,,,,,,,,,,,,,,,,,,,,,,,,,,,,,,,,,,,,,,,,,,,,,,,,,,,,yes,,,,,,,,,,,,,,,,,,,,,,,,,,,,,,,,,,,,,,,"{""type"":""Point"",""coordinates"":[11.3876885,47.2662677]}"
Feature,node/7103158130,Linz,22,4020,Museumsstraße,,,Zum Rostigen Esel,"Mo-Fr 10:00-13:00, 14:00-18:00",Zum Rostigen Esel OG,+43 732 774940,,,yes,bicycle,https://www.rostigeresel.at/,node/7103158130,,,yes,,,,,,,,yes,,,,yes,,,,kontakt@rostigeresel.at,,,,,,,,,,,,,,yes,,,,,,,yes,,,,,,,,,,,,,,,,,,,,,,,,,,,,,,,,,,,,,,,,,,,,,,,,,,,,,,,,,,,,,,,,,,,,,,,,,,,,,,,,,,,,,,,,,,,,,,,,,Rostiger Esel,,,,,,,,,,,,,,,,,,,,,,,,,,,,,,,,,,,,,,"{""type"":""Point"",""coordinates"":[14.295565,48.3063277]}"
Feature,node/7149757716,Schwechat,3,2320,Rathausplatz,,,Zoneextreme,Mo-Fr 09:00-19:00,Zoneextreme.eu,,,,yes,bicycle,http://www.zoneextreme.eu/zone,node/7149757716,,yes,,,,,,,,,,,,,yes,,,,,,,,,,,,,,,,,,,,,,,,,,,,,,,,,,,,,,,,,,,,,,,,,,,,,,,,,,,,,,,,,,,,,,,,,,,,,,,,,,,,,,,,,,,,,,,,,,,,,,,,,,,,,,,,,,,,,,,,,,,,,,,,,,,,,,,,,,,,,,,,,,,,,,,,,,,,,,,,"{""type"":""Point"",""coordinates"":[16.4760941,48.1403918]}"
Feature,node/7178678987,Micheldorf,11,4563,Kollingerfeld,,office@bike-sport.at,BikeSport,"Mo,Tu,Th,Fr 08:30-12:30, 14:00-18:00; We,Sa 08:30-12:30",,+43 7582 61314,,,,bicycle,https://www.bike-sport.at/,node/7178678987,,,,AT,,,,,,,,,,,,,,,,,,,,,,,,,,,,,,,,,,,,,,,,,,,,,,,,,,,,,,,,,,,,,,,,,,,,,,,,,,,,,,,,,,,,,,,,,,,,,,,,,,,,,,,,,,,,,,,,,,,,,,,,,,,,,,,,,,,,,,,,,,,,,,,,,,,,,,,,,,,,,,,,,,,,,,,,,,,"{""type"":""Point"",""coordinates"":[14.1279661,47.8890536]}"
Feature,node/7194123887,Ottensheim,13,4100,Linzer Straße,,hallo@deinrad.at,DEINRAD,"Mo-Fr 09:00-13:00,14:00-18:00",,+43 7234 21502,,,yes,bicycle,https://www.deinrad.at/,node/7194123887,,yes,,AT,,,,,,,,,,,,no,,,,,,,,,,,,,,,,,yes,,,,,,,,,,,,,,,,,,,,,,,,,,,,,,,,,,,,,,,,,,,,,,,,,,,,,,,,,,,,,,,,,,,,,,,,,,,,,,,,,,,,,,,,,,,,,,,,,,,,,,,,,,,,,,,,,,,,,,,,,,,,,,,,,,,,,,,,,,,,,,"{""type"":""Point"",""coordinates"":[14.1772788,48.3321619]}"
Feature,node/7222726632,Dornbirn,7,6850,Eisengasse,,,VORRADELN,"Tu-Fr 10:00-12:00, Sa 10:00-13:00, Tu-Fr 14:00-18:00",Vorradeln Eric Poscher-Mika,+43557240204,yes,,yes,bicycle,https://vorradeln.at,node/7222726632,,yes,yes,,,,,yes,,yes,yes,,,,yes,,,,,,,,,,,,,,yes,,,,yes,,,,,,,yes,,,,,,,,,,,,,,,,,,,,,,,,,,,,,,,,,,,,,,,,,,,,,,,,,,,,,,,,,,,,,,,,,,,,,,,yes,,,,,,,,,,,,,,,,,,,,,,,,yes,,,yes,,,,,,,,,,,,,,,,,,,,,,,,,,,,,,,,,,,,,"{""type"":""Point"",""coordinates"":[9.7433988,47.4148783]}"
Feature,node/7264788707,,,,,,,Bikebox,,,,,,,bicycle,https://www.diebikebox.com/,node/7264788707,,,,,,,,,,,,,,,,,,,,,,,,,,,,,,,,,,,,,,,,,,,,,,,,,,,,,,,,,,,,,,,,,,,,,,,,,,,,,,,,,,,,,,,,,,,,,,,,,,,,,,,,,,,,,,,,,,,,,,,,,,,,,,,,,,,,,,,,,,,,,,,,,,,,,,,,,,,,,,,,,,,,,,,,,,,,,,,"{""type"":""Point"",""coordinates"":[11.5082404,47.2806051]}"
Feature,node/7314732114,,,,,,,BF-Motion e.U.,,,,,,,bicycle,,node/7314732114,,,,,,,,,,,,,,,,,,,,,,,,,,,,,,,,,,,,Fahrräder und Fahrradtechnik,,,,,,,,,,,,,,,,,,,,,,,,,,,,,,,,,,,,,,,,,,,,,,,,,,,,,,,,,,,,,,,,,,,,,,,,,,,,,,,,,,,,,,,,,,,,,,,,,,,,,,,,,,,,,,,,,,,,,,,,,,,,,,,,,,,,,,,,,,,"{""type"":""Point"",""coordinates"":[13.5250497,48.2092769]}"
Feature,node/7321540238,Wien,81,1120,Hetzendorfer Straße,2022-08-16,,Fahrradwerkstatt Flickschuh,"Mo,Tu,Th,Fr 08:30-12:00,14:30-18:30; Sa 09:30-17:00; PH off",Heinrich Flickschuh,,,,yes,bicycle,https://flickschuh.wien/,node/7321540238,,yes,yes,,,no,,,,,,,,,yes,,,,,,0,no,,,,,,,no,,+43 650 4842222,,,,,,,,,,,,,https://fahrradwerkstatt.flickschuh.wien/,,,,,,,,,,,,,,,,,,,,,,,,,,,,,,,,,,,,,,,,,,,,,,,,,,,,,,,,,,,,,,,,,,,,,,,yes,,,,,,,,,,,,,,,,,,,,no,,,,,,,,,,,,,,,,,,,,,,,,,,,,,,,,,,,,,,,,"{""type"":""Point"",""coordinates"":[16.3083255,48.1672561]}"
Feature,node/7354285412,Fürstenfeld,6,8280,Hauptplatz,,roch-2rad@aon.at,Zweiradcenter Roch,"Mo-Fr 08:30-12:00,14:30-18:00; Sa 08:30-12:00; Su,PH off",Andi Innerkofler,+43 338 255500,,yes,yes,bicycle,https://www.zweirad-roch.at,node/7354285412,,,,,,,,yes,,yes,,,,,,,,,,,,,,,,,,,,,,,,,,,,,,yes,,,,,,,,,,,,,,,,,,,,,,,,,,,,,,,,,,,,,,,,,,,,,,,,,,,,,,,,,,,,,,,,,,,,,,,,,,,,,,,,,,,,,,,,,,,,,,,,,,,yes,,,,,,,,,,,,,,,,,,,,,,,,,,,,,,,,,,,,"{""type"":""Point"",""coordinates"":[16.0767726,47.051418]}"
Feature,node/7397494960,,,,,,,Bikecenter Geiger,,,,,,,bicycle,,node/7397494960,,,,,,,,,,,,,,,,,,,,,,,,,,,,,,,,,,,,,,,,,,,,,,,,,,,,,,,,,,,,,,,,,,,,,,,,,,,,,,,,,,,,,,,,,,,,,,,,,,,,,,,,,,,,,,,,,,,,,,,,,,,,,,,,,,,,,,,,,,,,,,,,,,,,,,,,,,,,,,,,,,,,,,,,,,,,,,,"{""type"":""Point"",""coordinates"":[16.0128884,47.1644403]}"
Feature,node/7438310492,Wagna,33,8435,Leitringer Hauptstraße,,,bikee Ebike Schmiede GmbH,Mo-Fr 08:30-18:00,,+43 650 84 93 566,,,,bicycle,https://www.bikee.at,node/7438310492,,,,,,,,,,,,,,,,,,,,,,,,,,,,,,,,,,,,,,,,,,,,,,,,,,,,,,,,,,,,,,,,,,,,,,,,,,,,,,,,,,,,,,,,,,,,,,,,,,,,,,,,,,,,,,,,,,,,,,,,,,,,,,,,,,,,,,,,,,,,,,,,,,,,,,,,,,,,,,,,,,,,,,,,,,,,,,,"{""type"":""Point"",""coordinates"":[15.5673176,46.7752514]}"
Feature,node/7459249216,Vösendorf,10,2331,Triester Straße,,,Zweirad-Center Stadler,,,+43 1 6091840,,,,bicycle,,node/7459249216,,,,,,,,,,,,,,,,,,,,,,,,,,,,,,,,,,,,,,,,,,,,https://shop.zweirad-stadler.de/Wien/,,,,,,,,,,Bulls;Cannondale;Kona;Scott;Cervelo;Beany;Dynamics;Mongoose;Tecnobike;KTM;Pegasus;Kalkhoff;Triumph;Exte;Electra;Gazelle;i:SY;Puky,Q27225809,de:Zweirad-Center Stadler,,,,,,,,,,,,,,,,,,,,,,,,,,,,,,,,,,,,,,,,,,,,,,,,,,,,,,,,,,,,,,,,,,,,,,,,,,,,,,,,,,,,,,,,,,,,,,,,,,,,,,,,,,,,,,,,,,,,,,,"{""type"":""Point"",""coordinates"":[16.3166714,48.1202836]}"
Feature,node/7464971804,Wien,14/K6-7,1230,Gorskistraße,,,SG Velo,,,,,,,bicycle,https://www.sgvelo.at/,node/7464971804,,,,,,,,,,,,,,,,,,,,,,,,,,,,,,,,,,,,,,,,,,,,,,,,,,,,,,,,,,,,,,,,,,,,,,,,,,,,,,,,,,,,,,,,,,,,,,,,,,,,,,,,,,,,,,,,,,,,,,,,,,,,,,,,,,,,,,,,,,,,,,,,,,,,,,,,,,,,,,,,,,,,,,,,,,,,,,,"{""type"":""Point"",""coordinates"":[16.3543739,48.1418708]}"
Feature,node/7465008581,Wien,40,1060,Stumpergasse,,,Bottega Veloce,Mo-Fr 09:00-19:00; Sa 09:00-18:00,Samuel Kermann,+43660 5586499,,,yes,bicycle,,node/7465008581,,,,,,,,,,yes,,,,,no,,,2025-03-24,,,,,,,,,,,,,,,,,,,,,,,,,,,,,,,,,,,,,,,,,,,,,,,,,,,,,,,,,,,,,,,,,,,,,,,,,,,,,,,,,,,,,,,,,,,,,,,,,,,,,,,,,,,,,,,,,,,,,,,,,,vintage,,,,,,,,,,,,,,,,,,,,,,,,,,,,,,,,,,,"{""type"":""Point"",""coordinates"":[16.3443603,48.1941665]}"
Feature,node/7465009109,,209,,Oberlaaer Straße,,,Das Rad,Mo-Fr 10:00-18:00; Sa 09:00-12:00,,+43 660 1487 056,,,yes,bicycle,,node/7465009109,,,,,,,,,,,,,yes,yes,no,no,,,,,,,,,,,,,,,,,,,,,,,,,,,,,,,,,,,,,,,,,,,,,,,,,,,,,,,,,,,,,,,,,,,,,,,,,,,,,,,,,,,,,,,,,,,,,,,,,,,,,,,,,,,,,,,,,,,,,,,,,,,,,,,,,,,,,,,,,,,,,,,,,,,,,,,,,,,,,,,"{""type"":""Point"",""coordinates"":[16.3852604,48.1422123]}"
Feature,node/7465010019,,1,,Stadlergasse,,,Cycle Factory 1130,,,,,,,bicycle,https://www.cycle-factory.at,node/7465010019,,,,,,,,,,,,,,,yes,,,,,,,,,,,,,,,,,,,,,,,,,,,,,,,,,,,,,,,,,,,,,,,,,,,,,,,,,,,,,,,,,,,,,,,,,,,,,,,,,,,,,,,,,,,,,,,,,,,,,,,,,,,,,,,,,,,,,,,,,,,,,,,,,,,,,,,,,,,,,,,,,,,,,,,,,,,,,,,,"{""type"":""Point"",""coordinates"":[16.2853308,48.1814311]}"
Feature,node/7519822352,Wartberg an der Krems,19/2,4552,Hauptstraße,,,BIKE-MASTER,Mo 14:00-18:00; Tu 14:00-16:00; We 14:00-18:00; Th off; Fr 14:00-18:00; Sa 09:00-12:00; PH off; Su off;,,,yes,yes,yes,bicycle,,node/7519822352,,,,,,,,,yes,,yes,,,,,,,,,,,,,,,,,,,,,,,,,,,,,yes,,,,,,,,,,,,,,,,,,,,,,,,,,,,,,,,,,,,,,,,,,,,,,,,,,,,,,,,,,,,,,,,,,,,,,,,,,,,,,,,,,,,,,,,,,,,,,,,,,,,,,,,,,,,,,,,,,,,,,,,,,,,,,,,,,,,,,,"{""type"":""Point"",""coordinates"":[14.1168819,47.9895696]}"
Feature,node/7624013291,,,,,,,,,,,,,,bicycle,,node/7624013291,,,,,,,,,,,,,,,,,,,,,,,,,,,,,,,,,,,,,,,,,,,,,,,,,,,,,,,,,,,,,,,,,,,,,,,,,,,,,,,,,,,,,,,,,,,,,,,,,,,,,,,,,,,,,,,,,,,,,,,,,,,,,,,,,,,,,,,,,,,,,,,,,,,,,,,,,,,,,,,,,,,,,,,,,,,,,,,"{""type"":""Point"",""coordinates"":[13.8068941,47.9207999]}"
Feature,node/7624163337,,,,,,,more than bike,,,,,,yes,bicycle,,node/7624163337,,,,,,,,,,,,,,,,,,,,,,,,,,,,,,,,,,,,,,,,,,,,,,,,,,,,,,,,,,,,,,,,,,,,,,,,,,,,,,,,,,,,,,,,,,,,,,,,,,,,,,,,,,,,,,,,,,,,,,,,,,,,,,,,,,,,,,,,,,,,,,,,,,,,,,,,,,,,,,,,,,,,,,,,,,,,,,,"{""type"":""Point"",""coordinates"":[16.053773,48.3303552]}"
Feature,node/7689389969,Berndorf,7,2560,Hainfelder Straße,,,Ka|Velo,"Mo-We,Fr-Sa 09:00-12:00; Mo-We,Fr 14:00-18:00",,,,,,bicycle,,node/7689389969,,,,AT,,,,,,,,,,,,,,,,,,,,,,,,,,,+43 660 125 78 70,,,,,,,,,,,,,https://www.kavelo.at/,,,,,,,,,,,,,,,,,,,,,,,,,,,,,,,,,,,,,,,,,,,,,,,,,,,,,,,,,,,,,,,,,,,,,,,,,,,,,,,,,,,,,,,,,,,,,,,,,,,,,,,,,,,,,,,,,,,,,,,,,,,,,,,,,,,"{""type"":""Point"",""coordinates"":[16.1094888,47.9468265]}"
Feature,node/7760596535,Fernitz,1,8072,Peter Rosegger Straße,2025-04-02,,Fahrradladen Fernitz,"Mo,Sa 09:00-13:00; Tu-Fr 09:00-18:00; Su off",Karl Maier,,,,yes,bicycle,,node/7760596535,,,,,,,,,,,yes,,,,,,,,,,,,,,,,,,,,+43 664 88105510,,,,,,,,,yes,,,,http://www.fahrradservice-fernitz.at/,,,,,,,,,,,,,,,,,,,,,,,,,,,,,,,,yes,,,,,,,,,,,,,,,,,,,,,,,,,,,,,,,,,,,,,,,,,,,,,,,,,,,,,,,,,,,yes,,,,,,,,,,,,,,,,,,,,,,,,,,,,,,,,,,,,,,,,"{""type"":""Point"",""coordinates"":[15.4974076,46.9723384]}"
Feature,node/7764988424,Linz,10,4040,Leonfeldner Straße,,,HG bike & race GmbH,Mo-Fr 09:00-18:00; Sa 08:30-12:30,,,,,yes,bicycle,,node/7764988424,,yes,,,,,,,,,,,,,,,,,,,,,,,,,,,,,,,,,,,,,,,,,,,,,,,,,,,,,,,,,,,,,,,,,,,,,,,,,,,,,,,,,,,,,,,,,,,,,,,,,,,,,,,,,,,,,,,,,,,,,,,,,,,,,,,,,,,,,,,,,,,,,,,,,,,,,,,,,,,,,,,,,,,,,,,,,,,,,"{""type"":""Point"",""coordinates"":[14.283448,48.3186756]}"
Feature,node/7804198538,Kössen,28,6345,Außerkapelle,,info@inn-bike.at,Inn-Bike Kössen,"Mo,Tu,Th,Fr 10:00-12:00; Mo,Tu,Th,Fr 14:00-18:00; Sa 09:00-12:30",,+43537520587,,,yes,bicycle,,node/7804198538,,yes,yes,AT,,,,,,,,,,,,,,,,,,yes,,,,,,,,,,,,,,"Inn-Bike Kössen, Ladengeschäft mit persönlicher Beratung, Click & Collect, Werkstatt für Reparaturen und Services, Wertgarantie Fahrradversicherung, Beratung Dienstradleasing, Beratung Finanzierung, Bike Fitting",,,,,,,,,,,,,,,,,,,,,,,,,,,,,,,,,,,,,,,,,,,,,,,,,,,,,,,,,,,,,,,,,,,,,,,,,,,,,,,,,,,,,,,,,,,,,,,,,,,,,,,,,Außerkapelle,www.inn-bike.at,,,,,,,,,,,,,,,,,,,,,,,,,,,,,,,,,"{""type"":""Point"",""coordinates"":[12.3845058,47.660926]}"
Feature,node/7834802092,,,,,,,Fahrrad Lab,,,,,,,bicycle,,node/7834802092,,,,,,,,,,,,,,,,,,,,,,,,,,,,,,,,,,,,,,,,,,,,,,,,,,,,,,,,,,,,,,,,,,,,,,,,,,,,,,,,,,,,,,,,,,,,,,,,,,,,,,,,,,,,,,,,,,,,,,,,,,,,,,,,,,,,,,,,,,,,,,,,,,,,,,,,,,,,,,,,,,,,,,,,,,,,,,,"{""type"":""Point"",""coordinates"":[16.4015398,48.2590716]}"
Feature,node/7843396022,Wien,24,1030,Neulinggasse,,,Fahrradtechnik Johannes Neugebauer,"Mo,Tu,Th,Fr 10:00-18:00; We 12:00-18:00; Sa,Su,PH off",Johannes Neugebauer,+43 664 5336008,,yes,yes,bicycle,,node/7843396022,,,,,,,,,,yes,,,,,yes,no,,,,,-1,,,,,,,,,,,,,,,,,,,,,,,,,,,,,,,,,,,,,,,,,,,,,,,,,,,,,,,,,,,,,,,,,,,,,,,,,,,,,,,,,,,,,,,,,,,,,,,,,,,,,,,,,,,,,,,,no,,,,,,,,,,,,,,,,,,,,,,,,,,,,,,,,,,,,,,,,,,"{""type"":""Point"",""coordinates"":[16.3883268,48.1991962]}"
Feature,node/7865660090,,,,,,,Lechtal Sports GmbH,,,,,,yes,bicycle,https://www.lechtalsports.at,node/7865660090,,yes,,,,,,,,,,,,,yes,,,,,,,yes,,,,,,,,,,,,,,,,,,,,,,,,,,,,,,,,,,,,,,,,,,,,,,,,,,,,,,,,,,,,,,,,,,,,,,,,,,,,,,,,,,,,,,,,,,,,,,,,,,,,,,,,,,,,,,,,,,,,,,,,,,,,,,,,,,,,,,,,,,,,,,,,,,,,,,,,,"{""type"":""Point"",""coordinates"":[10.4035351,47.2706012]}"
Feature,node/7868917619,Salzburg,1,5020,Aiglhofstraße,,hallo@fanzybikes.com,Fanzy Bikes,Mo-We 14:00-18:00; Th 14:00-22:00; Fr 10:00-12:00,Jakob Deutschmann,,,,yes,bicycle,https://www.fanzybikes.com,node/7868917619,,,,,,,,,,yes,,,,,yes,no,,,,,,,,,,,,,,,,,yes,,,,,,,,,,,,,,,,,,,,,,,,,,,,,,,,,,,,,,,,,,,,,,,,,,,,,,,,,,,,,,,,,,,,,,,,,,,,,,,,,,,,,,,,,,,,,,,,,,,,,,,,,,,,,,,,,,,,,,,,,,,,,,,,,,,,,,,,,,,,,,"{""type"":""Point"",""coordinates"":[13.0298503,47.8010861]}"
Feature,node/7891073659,,,,,2022-11-07,,Glanzrad,,,,,,,bicycle,,node/7891073659,,,,,,,,,,,,,,,,,,,,,,,,,,,,,,,,,,,,,,,,,,,,,,,,,,,,,,,,,,,,,,,,,,,,,,,,,,,,,,,,,,,,,,,,,,,,,,,,,,,,,,,,,,,,,,,,,,,,,,,,,,,,,,,,,,,,,,,,,,,,,,,,,,,,,,,,,,,,,,,,,,,,,,,,,,,,,,,"{""type"":""Point"",""coordinates"":[15.4324923,47.0737165]}"
Feature,node/7968843624,,,,,,,Bikeparadies Härle,"Mo-Fr 09:00-12:00,15:00-18:00",,+43 4282 2010,,,yes,bicycle,https://bikeparadies.at/,node/7968843624,,yes,,,,,,,,,,,,,,,,,,,,yes,,,,,,,,,,,,,,,,,,,,,,,,,,,,,,,,,,,,,,,,,,,,,,,,,,,,,,,,,,,,,,,,,,,,,,,,,,,,,,,,,,,,,,,,,,,,,,,,,,,,,,,,,,,,,,,,,,,,,,,,,,,,,,,,,,,,,,,,,,,,,,,,,,,,,,,,,"{""type"":""Point"",""coordinates"":[13.3851859,46.6308807]}"
Feature,node/7970224941,Wien,26,1020,Ybbsstraße,2026-03-18,firlevapz@riseup.net,Die Absteige,We 17:00-21:00,,,,,,bicycle,https://lenkerbande.at/absteige-1020/,node/7970224941,,,,AT,,,,,,,,,,,yes,no,,,,,0,,,,,,,,yes,,,0,,,,Fahrrad-Selbsthilfewerkstatt,,,,,,,,,,,,assisted_self_service,,,,,,,,,,,,,,,,,,,,,,,,,,,,,,,,,,,2026-03-18,,,,,,,,,,,,,,,,,,,,,,,,,,,,,,,,,,,,,,,,,,,,,,,,,,,,,,,,,,,,,,,,,,,,,,,,,,,,,,,,,,,,,,,,,,,,"{""type"":""Point"",""coordinates"":[16.3997971,48.2217384]}"
Feature,node/8004532898,Salzburg,2,5020,Eberhard-Fugger-Straße,,verkauf@bergspezl-rad.at,Bergspezl Salzburg Stadt,Mo-Fr 09:00-18:00; Sa 09:00-12:00,Bergspezl GmbH,+43 662 64255552,,,yes,bicycle,https://bergspezl.at/bergspezl-rad/,node/8004532898,,yes,no,AT,,,,,,,,,yes,yes,yes,yes,,,,,0,,,,,,,,,,,,,,,,,,,yes,,,,,,,,,,,,,,,,,,,,,,,,,,,,,,,,,,,,,,,,,,,,,,,,,,,,,,,,,,,,,,,,,,,,,,,,,,,,,,,,,,,,,,,,,,,,,,,,,,,,,,,1,,,,,,,,,,,,,,,,,,,,,,,,,,,,,,,,"{""type"":""Point"",""coordinates"":[13.067385,47.802187]}"
Feature,node/8018215900,Ferlach,25,9170,Klagenfurter Straße,,,Bikeshop Veratschnig,,,,,,,bicycle,https://www.bikeshop-veratschnig.at/,node/8018215900,,,,AT,,,,,,,,,,,,,,,,,,,,,,,,,,,+43 4227 2338,,,,,,,,,,,,,,,,,,,,,,,,,,,,,,,,,,,,,,,,,,,,,,,,,,,,,,,,,,,,,,,,,,,,,,,,,,,,,,,,,,,,,,,,,,,,,,,,,,,,,,,,,,,,,,,,,,,,,,,,,,,,,,,,,,,,,,,,,,,,,,,,"{""type"":""Point"",""coordinates"":[14.2917213,46.5279527]}"
Feature,node/8023613304,,,,,,,Alpin Bike,Mo-Fr 14:00-16:00,,+436641343230,,,yes,bicycle,https://www.alpin-bike.at/,node/8023613304,,,,,,,,,,,,,,,,,,,,,,,,,,,,,,,,,,,,,,,,,,,,,,,,,,,,,,,,,,,,,,,,,,,,,,,,,,,,,,,,,,,,,,,,,,,,,,,,,,,,,,,,,,,,,,,,,,,,,,,,,,,,,,,,,,,,,,,,,,,,,,,,,,,,,,,,,,,,,,,,,,,,,,,,,,,,,,,"{""type"":""Point"",""coordinates"":[11.370198,47.2715505]}"
Feature,node/8040373873,,,,,,,,,,,,,,bicycle,,node/8040373873,,,,,,,,,,,,,,,,,,,,,,,,,,,,,,,,,,,,,,,,,,,,,,,,,,,,,,,,,,,,,,,,,,,,,,,,,,,,,,,,,,,,,,,,,,,,,,,,,,,,,,,,,,,,,,,,,,,,,,,,,,,,,,,,,,,,,,,,,,,,,,,,,,,,,,,,,,,,,,,,,,,,,,,,,,,,,,,"{""type"":""Point"",""coordinates"":[13.2305146,47.8156306]}"
Feature,node/8043106512,,,,,,,Fahrradwerkstatt Lehen,"Mo,Tu,Th,Fr 09:00-13:00, Tu 14:00-18:00",,,,,yes,bicycle,,node/8043106512,,yes,yes,,,,,,,,,,yes,yes,no,yes,,2026-04-22,,,,,,,,,,,,,,,,,,,,,,,,,,,,,,,,,,,,,,,,,,,,,,,,,,,,,,,,,,,,,,,,,,,,,,,,,,,,,,,,,,,,,,,,,,,,,,,,,,,,,,,,,,,,,,,,,,,,,,,,,,,,,,,,,,,,,,,,,,,,,,,,,,,,,,,,,,,,,"{""type"":""Point"",""coordinates"":[13.026394,47.8131561]}"
Feature,node/8078748270,Graz,182,8010,Theodor-Körner-Straße,,,B&B Bike,"Mo 10:00-17:30; Tu-Fr 09:30-13:00,13:30-18:00; Sa 10:00-14:00",Zoltan Badi,,,,yes,bicycle,http://www.fahrradreparatur-ergonomie.at/,node/8078748270,,yes,,,,,,,,,,,,,,yes,,,,,,,,,,,,,,,,,,,,,,,,,,,,,,,,,,,,,,,,,,,,,,,,,,,,,,,,,,,,,,,,,,,,,,,,,,,,,,,,,,,,,,,,,,,,,,,,,,,,,,,,,,,,,,,,,,,,,,,,,,,,,,,,,,,,,,,,,,,,,,,,,,,,,,,,,,,,,,,"{""type"":""Point"",""coordinates"":[15.4237175,47.0936928]}"
Feature,node/8115290325,,,,,,,Bergböcke,,,,,,,bicycle,http://www.bergboecke.at/,node/8115290325,,,,,,,,,,,,,,,,,,,,,,,,,,,,,,,,,,,,,,,,,,,,,,,,,,,,,,,,,,,,,,,,,,,,,,,,,,,,,,,,,,,,,,,,,,,,,,,,,,,,,,,,,,,,,,,,,,,,,,,,,,,,,,,,,,,,,,,,,,,,,,,,,,,,,,,,,,,,,,,,,,,,,,,,,,,,,,,"{""type"":""Point"",""coordinates"":[11.7050456,47.3469444]}"
Feature,node/8123945864,Langenzersdorf,13,2103,Wiener Straße,,,Drohtesl,"Mo-Fr 08:30-12:00,15:00-18:00",,+43 2244 2643,,,yes,bicycle,https://drohtesl.at/,node/8123945864,,,,,yes,,,,,,,,,,yes,,,,,,,,,,,,,,,,,,,,,,,,,,,,,,,,,,,,,,,,,,,,,,,,,,,,,,,,,,,,,,,,,,,,,,,,,,,,,,,,,,,,,,,,,,,,,,,,,,,,,,,,,,,,,,,,,,,,,,,,,,,,,,,,,,,,,,,,,,,,,,,,,,,,,,,,,,,,,,,,"{""type"":""Point"",""coordinates"":[16.358678,48.3088483]}"
Feature,node/8125018980,Saalfelden am Steinernen Meer,1c,5760,Hochkönigstraße,,,Bike Point,,InterSport Maria Alm,+436584 211960,,,yes,bicycle,,node/8125018980,,yes,,AT,,,,,,,yes,,,,,,,,,,,,,,,,,,,,,,,,,,,,,,,,,,,,,,,,,,,,,,,,,,,,,,,,,,,,,,2020-04-01,,,,,,,,,,,,,,,,,,,,,,,,,,,,,,,,,,,,,,,,,,,,,,,,,,,,,,,,,,,,,,,,,,,,,,,,,,,,,,,,,,,,,,,,,,,,,,,,,,,,,,"{""type"":""Point"",""coordinates"":[12.8922495,47.4090582]}"
Feature,node/8158259112,,,,,,,Sport News BikeShop,,,,,,,bicycle,,node/8158259112,,,,,,,,,,,,,,,,,,,,,,,,,,,,,,,,,,,,,,,,,,,,,,,,,,,,,,,,,,,,,,,,,,,,,,,,,,,,,,,,,,,,,,,,,,,,,,,,,,,,,,,,,,,,,,,,,,,,,,,,,,,,,,,,,,,,,,,,,,,,,,,,,,,,,,,,,,,,,,,,,,,,,,,,,,,,,,,"{""type"":""Point"",""coordinates"":[11.2879107,47.2314927]}"
Feature,node/8179007933,,,,,,,Intersport Pregenzer,"Mo-Fr 08:30-18:00, Sa 08:30-17:00",,,,,,bicycle,https://www.intersport-pregenzer.com,node/8179007933,,,,,,,,,,,,,,,,,bicycle_rental,,,,,,,,,,LT,,,,,,,,,,,,,,,,,,,,,,,,,,,,,,,,,,,,,,,,,,,,,,,,,,,,,,,,,,,,,,,,,,,,,,,,,,,,,,,,,,,,,,,,,,,,,,,,,,,,,,,,,,,,,,,,,,,,,,,,,,,,,,,,,,,,,,,,,,,,,,,,,,,,"{""type"":""Point"",""coordinates"":[10.66425,47.0755713]}"
Feature,node/8196497955,,,,,,,Fahrräder Mader,,,,,,,bicycle,,node/8196497955,,,,,,,,,,,,,,,,,,,,,,,,,,,,,,,,,,,,,,,,,,,,,,,,,,,,,,,,,,,,,,,,,,,,,,,,,,,,,,,,,,,,,,,,,,,,,,,,,,,,,,,,,,,,,,,,,,,,,,,,,,,,,,,,,,,,,,,,,,,,,,,,,,,,,,,,,,,,,,,,,,,,,,,,,,,,,,,"{""type"":""Point"",""coordinates"":[11.4986103,47.0622055]}"
Feature,node/8267696470,,13-21,,Wiener Straße,,,Cyclefactory At,"Mo-We, Fr 10:00-18:00; Th, Sa 10:00-14:00",,,,,,bicycle,https://www.cycle-factory.at/baden,node/8267696470,,,,,,,,,,,,,,,,,,,,,,,,,,,,,,,,,,,,,,,,,,,,,,,,,,,,,,,,,,,,,,,,,,,,,,,,,,,,,,,,,,,,,,,,,,,,,,,,,,,,,,,,,,,,,,,,,,,,,,,,,,,,,,,,,,,,,,,,,,,,,,,,,,,,,,,,,,,,,,,,,,,,,,,,,,,,,,,"{""type"":""Point"",""coordinates"":[16.242498,48.0105886]}"
Feature,node/8267696471,,56,,Karl Adlitzer Straße,,,Bike Peter,"Tu, Th 07:00-13:00; We, Fr 13:00-18:00",,+43 699 19207522,,,,bicycle,www.bike-peter.at,node/8267696471,,,,,,,,,,,,,,,,,,,,,,,,,,,,,,,,,,,,,,,,,,,,,,,,,,,,,,,,,,,,,,,,,,,,,,,,,,,,,,,,,,,,,,,,,,,,,,,,,,,,,,,,,,,,,,,,,,,,,,,,,,,,,,,,,,,,,,,,,,,,,,,,,,,,,,,,,,,,,,,,,,,,,,,,,,,,,,,"{""type"":""Point"",""coordinates"":[16.3037339,48.0253334]}"
Feature,node/8286848412,Innsbruck,44,6020,Leopoldstraße,,,Dust,,,,,,,bicycle,,node/8286848412,,,,AT,,,,,,,,,,,,,,,,,,,,,,,survey,,,,,,,,,,,,,,,,,,,,,,,,,,,,,,,,,,,,,,,,,,,,,,,,,,,,,,,,,,,,,,,,,,,,,,,,,,,,,,,,,,,,,,,,,,,,,,,,,,,,,,,,,,,,,,,,,,,,,,,,,,,,,,,,,,,,,,,,,,,,,,,,,,,,"{""type"":""Point"",""coordinates"":[11.3967574,47.2572419]}"
Feature,node/8312871549,,,,,,,CRW Sports,,,,,,,bicycle,,node/8312871549,,,,,,,,,,,,,,,,,,,,,,,,,,,,,,,,,,,,,,,,,,,,,,,,,,,,,,,,,,,,,,,,,,,,,,,,,,,,,,,,,,,,,,,,,,,,,,,,,,,,,,,,,,,,,,,,,,,,,,,,,,,,,,,,,,,,,,,,,,,,,,,,,,,,,,,,,,,,,,,,,,,,,,,,,,,,,,,"{""type"":""Point"",""coordinates"":[13.9225318,48.0028419]}"
Feature,node/8331338406,St. Pölten,50,3100,Unterwagramer Straße,,,Radsport Strobl,"Mo-Fr 09:00-12:00,13:00-17:00",,+43 2742 252 762,,,,bicycle,https://www.radsport-strobl.at/,node/8331338406,,,,,,,,,,,,,,,,,,,,,,,,,,,,,,,,,,,,,,,,,,,,,,,,,,,,,,,,,,,,,,,,,,,,,,,,,,,,,,,,,,,,,,,,,,,,,,,,,,,,,,,,,,,,,,,,,,,,,,,,,,,,,,,,,,,,,,,,,,,,,,,,,,,,,,,,,,,,,,,,,,,,,,,,,,,,,,,"{""type"":""Point"",""coordinates"":[15.6508372,48.2054698]}"
Feature,node/8358477319,Krenglbach,2,4631,Forster-Straße,,office@deixler.co.at,Deixler,,,+43 664 1617931,,,,bicycle,https://www.deixler.co.at/,node/8358477319,,,,AT,,,,,,,,,,,,,,,,,,,,,,,,,,,,,,,,,,,,,,,,,,,,,,,,,,BH-Bikes,,,,,,,,,,,,,,,,,,,,,,,,,,,,,,,,,,,,,,,,,,,,,,,,,,,,,,,,,,,,,,,Christian Deixler E.U.,,,,,,,,,,,,,,,,,,,,,,,,,,,,,,,,,,,,,,,,,,,,,,,,,,,,,,,,,,"{""type"":""Point"",""coordinates"":[13.9655355,48.1957665]}"
Feature,node/8373806643,Wien,14,1220,Erzherzog-Karl-Straße,,,Bikestore Servicecenter,"Mo-Fr 09:00-13:00,15:00-18:00",,,,,yes,bicycle,https://bikestore.cc/wien-1220,node/8373806643,,,,AT,,,,,,,,,,,,,,,wien1220@bikestore.cc,,,,,,,,,,,,+436767583861,,,,,,,,,,,,,,,,,,,,,,,,,,,,,,,,,,,,,,,,,,,,,,,,,,,,,,,,,,,,,,,,,,,,,,,,,,,,,,,,,,,,,,,,,,,,,,,,,,,,,,,,,,,,,,,,,,,,,,,,,,,,,,,,,,,,,,,,,,,,,,,,"{""type"":""Point"",""coordinates"":[16.4326865,48.2380134]}"
Feature,node/8373806645,Wien,38,1210,Bessemerstraße,,,Repa-Rad-Tur.at,"""nach telefonischer Terminvereinbarung""",,,,,yes,bicycle,https://www.repa-rad-tur.at,node/8373806645,,,,AT,,,,,,,,,,,,,,,,,,,,,,,,,,,+43 677 6400 6000,,,,,,,,,,,,,,,,,,,,,,,,,,,,,,,,,,,,,,,,,,,,,,,,,,,,,,,,,,,,,,,,,,,,,,,,,,,,,,,,,,,,,,,,,,,,,,,,,,,,,,,,,,,,,,,,,,,,,,,,,,,,,,,,,,,,,,,,,,,,,,,,"{""type"":""Point"",""coordinates"":[16.4138304,48.2571824]}"
Feature,node/8373806646,,,,,,,Velotek,Tu-Fr 12:00-19:00,,+43 677 62890673,,,,bicycle,https://velotek.at/,node/8373806646,,,,,,,,,,,,,,,no,yes,,2025-09-01,,,,,,,,,,,,,,,,,,,,,,,,,,,,,,,,,,,,,,,,,,,,,,,,,,,,,,,,,,,,,,,,,,,,,,,,,,,,,,,,,,,,,,,,,,,,,,,,,,,,,,,,,,,,,,,,,,,,,,,,,,,,,,,,,,,,,,,,,,,,,,,,,,,,,,,,,,,,,"{""type"":""Point"",""coordinates"":[16.3742814,48.2306425]}"
Feature,node/8373806648,,,,,,office@mei-radl.at,Mei Radl Werkstatt,"Su,PH off; Mo-Fr 08:00-18:00; Sa 08:00-16:00",Harald Lechleitner,+43 1 3185245,,,,bicycle,https://www.mei-radl.at/,node/8373806648,,,,,,,,,,,,,,,,,,,,,,,,,,,,,,,,,,,,,,,,,,,,,,,,,,,,,,,,,,,,,,,,,,,,,,,,,,,,,,,,,,,,,,,,,,,,,,,,,,,,,,,,,,,,,,,,,,,,,,,,,,,,,,,,,,,,,,,,,,,,,,,,,,,,,,,,,,,,,,,,,,,,,,,,,,,,,,,"{""type"":""Point"",""coordinates"":[16.3658389,48.255035]}"
Feature,node/8373806649,,,,,,,Federelement,,,,,,,bicycle,,node/8373806649,,,,,,,,,,,,,,,,,,,,,,,,,,,,,,,,,,,,,,,,,,,,,,,,,,,,,,,,,,,,,,,,,,,,,,,,,,,,,,,,,,,,,,,,,,,,,,,,,,,,,,,,,,,,,,,,,,,,,,,,,,,,,,,,,,,,,,,,,,,,,,,,,,,,,,,,,,,,,,,,,,,,,,,,,,,,,,,"{""type"":""Point"",""coordinates"":[16.3349828,48.2652643]}"
Feature,node/8373806650,,,,,,,Christian Proschinger Fahrradtechnik e.U.,,,,,,,bicycle,,node/8373806650,,,,,,,,,,,,,,,,,,,,,,,,,,,,,,,,,,,,,,,,,,,,,,,,,,,,,,,,,,,,,,,,,,,,,,,,,,,,,,,,,,,,,,,,,,,,,,,,,,,,,,,,,,,,,,,,,,,,,,,,,,,,,,,,,,,,,,,,,,,,,,,,,,,,,,,,,,,,,,,,,,,,,,,,,,,,,,,"{""type"":""Point"",""coordinates"":[16.2872554,48.225594]}"
Feature,node/8373806653,,,,,,,Walter Johann Knechtl - Die Fahrradtechnik,,,,,,,bicycle,,node/8373806653,,,,,,,,,,,,,,,,,,,,,,,,,,,,,,,,,,,,,,,,,,,,,,,,,,,,,,,,,,,,,,,,,,,,,,,,,,,,,,,,,,,,,,,,,,,,,,,,,,,,,,,,,,,,,,,,,,,,,,,,,,,,,,,,,,,,,,,,,,,,,,,,,,,,,,,,,,,,,,,,,,,,,,,,,,,,,,,"{""type"":""Point"",""coordinates"":[16.373321,48.1524356]}"
Feature,node/8373806656,Wien,106,1070,Kaiserstraße,2025-01-18,info@radplatz.at,Radplatz,"Tu-Fr 10:00-18:00; Sa 12:00-17:00; Mo,Su,PH off",,+43 19 612 610,,yes,yes,bicycle,https://radplatz.at/,node/8373806656,,yes,,AT,yes,yes,yes,yes,,yes,yes,,yes,yes,yes,no,,,,,,,,,,,,,yes,,,,,,,,,,,yes,yes,yes,yes,,,,,,,,,,,,,,,,,,,,,,,,,,,,,,,,,,,,,,,,,,,,,,,,,,,,,,,,,,,,,,,,,,,,,,,,,,,,,,,,,,,,,,,,,,,,,,,,,,,,,,,,,,,,,,,,,,,,,,,,,,,,,,,,,,,,"{""type"":""Point"",""coordinates"":[16.3394483,48.2082827]}"
Feature,node/8373806657,,,,,2026-03-10,flitzer@fahrrad-flitzer.at,Flitzer Fahrradwerkstatt,"Tu-Fr 11:00-13:00,14:00-19:00; Sa 12:00-17:00; PH off",,+43 664 9133066,,yes,yes,bicycle,https://flitzer-fahrrad.at,node/8373806657,,,,,yes,,,,yes,,yes,,,,yes,,,,,,,,,,,,,,,,,,yes,,,,,,,,yes,,,,,,,,,,,,,,,,,,,,,,,,,,,,,,,,,,,,,,,,,,,,,,,,,,,,,,,,,,,,,,,,,,,,,,,,,,,,,,,,,,,,,,,,,,,,,,,,,,,,,,,,,,,,,,,,,,,,,,,,,,,,,,,,,,,,,,"{""type"":""Point"",""coordinates"":[16.3565397,48.1896406]}"
Feature,node/8373806660,Wien,49,1020,Novaragasse,,sportnachmass@gmail.com,Sport nach Mass,Mo-Fr 14:00-17:30,Thomas Drucker e.U.,+43 1 9094331,,,yes,bicycle,https://sport-nach-mass.com,node/8373806660,,yes,,,yes,,,,,yes,yes,https://sport-nach-mass.com/wp-content/uploads/2022/03/20220304-DSC01165-300x200.jpg,,yes,yes,limited,,,,,,,,,,,,,,,,,yes,,,,,,,,yes,,,,,,,,,,,,,,,,,,,,,,,,,,,,,,,,,,,,,,,,,,,,,,,,,,,,,,,,,,,,,,,,,,,,,,,,,,,,,,,,,,,,,,,,,,,,,,,,,,,,,,,,,,,,,,,,,,,,,,,,,,,,,,,,,,,,,,"{""type"":""Point"",""coordinates"":[16.3886645,48.2180642]}"
Feature,node/8373806661,Wien,194,1020,Engerthstraße,,,La Bicicleta Verde,Mo-Fr 13:00-19:00; Th off; Sa 13:00-17:00,,,,,,bicycle,https://www.gruenesrad2.at/,node/8373806661,,,,AT,,,,,,,,,,,,no,,,,,,,,,,,,,,,+436605356698,,,,,,,,,,,,,,,,,,,,,,,,,,,,,,,,,,,,,,,,,,,,,,,,,,,,,,,,,,,,,,,,,,,,,,,,,,,,,,,,,,,,,,,,,,,,,,,,,,,,,,,,,,,,,,,,,,,,,,,,,,,,,,,,,,,,,,,,,,,,,,,,"{""type"":""Point"",""coordinates"":[16.4045767,48.2232163]}"
Feature,node/8373806662,,,,,,,Rad-Bike,Mo-Fr 09:00-18:00; Sa 09:00-13:00,,+4369919670433,,,yes,bicycle,https://rad-bike.at/,node/8373806662,,,,,,,,,,,,,,,yes,yes,,2025-05-10,,,,,,,,,,,,,,,,,,,,,,,,,,,,,,,,,,,,,,,,,,,,,,,,,,,,,,,,,,,,,,,,,,,,,,,,,,,,,,,,,,,,,,,,,,,,,,,,,,,,,,,,,,,,,,,,,,,,,,,,,,,,,,,,,,,,,,,,,,,,,,,,,,,,,,,,,,,,,"{""type"":""Point"",""coordinates"":[16.3881539,48.2190133]}"
Feature,node/8397545025,Wien,11,1180,Anastasius-Grün-Gasse,2025-07-01,,Scooteria,"Mo-Fr 10:00-13:30,15:00-18:30; Sa 09:00-14:00",,,,,yes,bicycle,https://scooteria.info,node/8397545025,,yes,,,,,,,,,,,,,,no,,2024-11-06,,,,,,,,,,,,,,,,,,,,,,,,,,,,,,,,,,,,,,,,,,,,,,,,,,,,,,,,,,,,,,,,,,,,,,,,,,,,,,,,,,,,,,,,,,,,,,,,,,,,,,,,,,,,,,,,,,,,,,,,,,,,,,1-2,,,,,,,,,,,,,,,,,,,,,,,,,,,,,,,"{""type"":""Point"",""coordinates"":[16.3483569,48.230041]}"
Feature,node/8599202692,Wien,5-9,1070,Stiftgasse,2025-05-28,verkauf.wien7@bergspezl.at,Bergspezl,Mo-Sa 10:00-18:00,,,,,,bicycle,https://bergspezl.at/,node/8599202692,,,,,,,,,,,,,,,no,,,2025-05-28,,,,,,,,,,,,,,,,,,,,,,,,,,,,,,,,,,,,,,,,,,,,,,,,,,,,,,,,,,,,,,,,,,,,,,,,,,,,,,,,,,,,,,,,,,,,,,,,,,,,,,,,,,,,,,,,,,,,,,,,,,,,,,,,,,,,,,,,,,,,,,,,,,,,,,,,,,,,,"{""type"":""Point"",""coordinates"":[16.3552245,48.2009827]}"
Feature,node/8735716336,Hagenberg im Mühlkreis,1d,4232,Hauptstraße,,,HG Bike & Race,"Mo-Fr 09:00-18:00, Sa 08:30-12:30",,,,,,bicycle,,node/8735716336,,yes,,AT,,,,,,,,,,,,,,,,,,,,,,,,,,,+43 664 2647513,,,,,,,,,,,,,www.hgbike-race.at,,,,,,,,,,,,,,,,,,,,,,,,,,,,,,,,,,,,,,,,,,,,,,,,,,,,,,,,,,,,,,,,,,,,,,,,,,,,,,,,,,,,,,,,,,,,,,,,,,,,,,,,,,,,,,,,,,,,,,,,,,,,,,,,,,,"{""type"":""Point"",""coordinates"":[14.5183239,48.3574598]}"
Feature,node/8758112045,Wien,192,1140,Hadikgasse,,team@vertical.world,2 Rad Helden,Mo-Fr 10:00-18:00; Sa 10:00-14:00,VERTICAL eMobility GmbH,+43 1 9296690,,,,bicycle,https://2radhelden.at,node/8758112045,,,,,,,,,,,,,,,no,,,,,,,,,,,,,,,,,,,,,,,,,,,,,,,,,,,,,,,,,,,,,,,,,,,,,,,,,,,,,,,,,,,,,,,,,,,,,,,,,,,,,,,,,,,,,,,,,,,,,,,,,,,,,,,,,,,,,,,,,,,,,,,,,,,,,,,,,,,,,,,,,,,,,,,,,,,,,,,,"{""type"":""Point"",""coordinates"":[16.2786906,48.1925427]}"
Feature,node/8758112046,Wien,206,1150,Mariahilfer Straße,,,Bike City,"""Fahrradwerkstatt nur im Sommer""",,,,,yes,bicycle,,node/8758112046,,no,no,,,,,,,,,,,,yes,,,,,,,no,,,,,,,no,,,,,,,,,,,,,,,,,,,,,,,,,,,,,,,,,,,,,,,,,,,,,,,,,,,,,,,,,,,,,,,,,,,,,,,,,,,,,,,,,,,,,,,,,,,,,,,,,,,,,,,,,,,,,,,,,,,,,,,,,,,,,,,,,,,,,,,,,,,,,,,,,,"{""type"":""Point"",""coordinates"":[16.3234667,48.1906384]}"
Feature,node/8765520433,Wien,1,1090,Lazarettgasse,,,eBike now,Mo-We 10:00-18:00; Sa 10:00-14:00,,,,,yes,bicycle,https://ebikenow.at,node/8765520433,,yes,yes,,,,,,,,,,,,no,limited,,,,,,,,,,,,,,,,,,,,,,,,,,,,,,,,,,,,,,,,,,,,,,,,,,,,,,,,,,,,,,,,,,,,,,,,,,,,,,,,,,,,,,,,,,,,,,,,,,,,,,,,,,,,,,,,,,,,,,,,,,,,,,,,,,,,,,,,,,,,,,,,,,,,,,,,,,,,,,,"{""type"":""Point"",""coordinates"":[16.35124,48.2183923]}"
Feature,node/8785429044,Innsbruck,11,6020,Sillufer,,office@radstatt.at,Radstatt,"Tu-Fr 08:00-12:30,14:00-18:00; Sa 09:00-12:00",Michael Irschara,+43 6602275842,yes,,yes,bicycle,https://www.radstatt.at,node/8785429044,,yes,,,,,,,,,yes,,yes,yes,yes,limited,,,,,0,,,,,,,,,,,,yes,,,,,,,,,,,,,,,,,,,,,,,,,,,,,,,,,,,,,,,,,,,,,,,,,,,,,,,,,,,,,,,,,,,,,,,,,,,,,,,,,,no,,,,,,,,,,,,,,,,,,,,,,,,,,,,,,no,yes,no,,,,,,,,,,,,,,,,,,,,,,,,,,,,"{""type"":""Point"",""coordinates"":[11.4043511,47.2571648]}"
Feature,node/8811848449,Wien,35,1040,Theresianumgasse,,,Flickerei,Tu 17:00-21:00,,,,,yes,bicycle,http://flickerei.blogsport.at/,node/8811848449,,,,,,,,,,,,,,,,,,2026-04-30,,,,,,,,,,,yes,,,,,,,,,,,,,,,,,,,assisted_self_service,,,,,,,,,,,,,,,,,,,,,,,,,,,,,,,,,,,,,,,,,,,,,,,,,,,,,,,,no,,,,,,,,,,,,,,,,,,,,,,,,,,,,,,,,,,,,,,,,,,,,,,,,,,,,,,,,,,,,,,,,,,,,,,,"{""type"":""Point"",""coordinates"":[16.3717089,48.1910753]}"
Feature,node/8852942414,,,,,,,Neuner E-Bike Store,,,,,,,bicycle,,node/8852942414,,yes,,,,,,,,,,,,,,,,,,,,,,,,,,,,,,,,,,,,,,,,,,,,,,,,,,,,,,,,,,,,,,,,,,,,,,,,,,,,,,,,,,,,,,,,,,,,,,,,,,,,,,,,,,,,,,,,,,,,,,,,,,,,,,,,,,,,,,,,,,,,,,,,,,,,,,,,,,,,,,,,,,,,,,,,,,,,,"{""type"":""Point"",""coordinates"":[11.2693039,47.2641854]}"
Feature,node/8883475907,,,,,2023-08-23,,Schwabegger,,,,,,,bicycle,,node/8883475907,,,,,,,,,,,,,,,,,,,,,,,,,,,,,,,,,,,,,,,,,,,,,,,,,,,,,,,,,,,,,,,,,,,,,,,,,,,,,,,,,,,,,,,,,,,,,,,,,,,,,,,,,,,,,,,,,,,,,,,,,,,,,,,,,,,,,,,,,,,,,,,,,,,,yes,,,,,,,,,,,,,,,,,,,,,,,,,,,"{""type"":""Point"",""coordinates"":[12.4489541,47.5570085]}"
Feature,node/8926744885,,,,,,,,,,,,,,bicycle,,node/8926744885,,,,,,,,,,,,,,,,,,,,,,yes,,,,,,,,,,,,,,,,,,,,,,,,,,,,,,,,,,,,,,,,,,,,,,,,,,,,,,,,,,,,,,,,,,,,,,,,,,,,,,,,,,,,,,,,,,,,,,,,,,,,,,,,,,,,,,,,,,,,,,,,,,,,,,,,,,,,,,,,,,,,,,,,,,,,,,,,,"{""type"":""Point"",""coordinates"":[13.5119097,46.8170457]}"
Feature,node/8928122870,Bad Gleichenberg,16,8344,Radkersburger Straße,,,Visit Bikestore,,,+43 3159 45001,,,yes,bicycle,https://visit-bikestore.com/,node/8928122870,,yes,yes,AT,,,,,,,,,,,,,,,,,,yes,,,,,,,,,,,,,,,,,,,,,,,,,,,,,,,,,,,,,,,,,,,,,,,,,,,2021-10-01,,,,,,,,,,,,,,,,,,,,,,,,,,,,,,,,,,,,,,,,,,,,,,,,,,,,,,,,,,,,,,,,,,,,,,,,,,,,,,,,,,,,,,,,,,,,,,,,,,,,,,"{""type"":""Point"",""coordinates"":[15.9022593,46.8686765]}"
Feature,node/8956877410,,,,,,,,,,,,,,bicycle,,node/8956877410,,,,,,,,,,,,,,,,,,,,,,,,,,,,,,,,,,,,,,,,,,,,,,,,,,,,,,,,,,,,,,,,,,,,,,,,,,,,,,,,,,,,,,,,,,,,,,,,,,,,,,,,,,,,,,,,,,,,,,,,,,,,,,,,,,,,,,,,,,,,,,,,,,,,,,,,,,,,,,,,,,,,,,,,,,,,,,,"{""type"":""Point"",""coordinates"":[11.8481222,47.345262]}"
Feature,node/8959039097,,,,,,,Verleihcenter Bikepark,,,,,,,bicycle,,node/8959039097,,,,,,,,,,,,,,,,,,,,,,yes,,,,,,,,,,,,,,,,,,,,,,,,,,,,,,,,,,,,,,,,,,,,,,,,,,,,,,,,,,,,,,,,,,,,,,,,,,,,,,,,,,,,,,,,,,,,,,,,,,,,,,,,,,,,,,,,,,,,,,,,,,,,,,,,,,,,,,,,,,,,,,,,,,,,,,,,,"{""type"":""Point"",""coordinates"":[12.7540058,46.8306676]}"
Feature,node/8967895568,Bregenz,21,6900,Josef-Huter-Straße,,,radikal werkstatt,"Mo 09:00-12:00,14:00-18:00; Tu-Th off; Fr 09:00-12:00,14:00-18:00; Sa,Su,PH off",Christoph Nagele,+43 677 61447947,,,yes,bicycle,https://www.radikalwerkstatt.at/,node/8967895568,,yes,,,,,,,,,,,,,,,,,,,,,,,,,,,,,,,,,,,,,,,,,,,,,,,,,,,,,,,,,,,,,,,,,,,,,,,,,,,,,,,,,,,,,,,,,,,,,,,,,,,,,,,,,,,,,,,,,,,,,,,,,,,,,,,,,,,,,,,,,,,,,,,,,,,,,,,,,,,,,,,,,,,,,,,,,,,,,"{""type"":""Point"",""coordinates"":[9.7377368,47.4957001]}"
Feature,node/8982716109,,,,,,,Alfreds Fahrradwerkstatt,,,+43 667 61781132,,,yes,bicycle,,node/8982716109,,,,,,,,,,,,,,,,,,,,,,,,,,,,,,,,,,,,,,,,,,,,,,,,,,,,,,,,,,,,,,,,,,,,,,,,,,,,,,,,,,,,,,,,,,,,,,,,,,,,,,,,,,,,,,,,,,,,,,,,,,,,,,,,,,,,,,,,,,,,,,,,,,,,,,,,,,,,,,,,,,,,,,,,,,,,,,,"{""type"":""Point"",""coordinates"":[16.5205486,48.3747139]}"
Feature,node/9009766263,,,,,2025-10-06,,Bikeshop Bikepark,08:30-17:00,,,,,,bicycle,,node/9009766263,,,,,,,,,,,,,yes,yes,,yes,,,,,,yes,,,,,,,,,,,yes,,,,,,,,,,,,,,,,,,,,,,,,,,,,,,,,,,,,,,,,,,,,,,,,,,,,,,,,,,,,,,,,,,,,,,,,,,,,,,,,,wlan,,,,,,,,,,,,,,,,,,,,,,,,,,,,,,,,,,,no,,,,,,,,,,,,,,,,,,,,,,,,,,"{""type"":""Point"",""coordinates"":[10.608712,47.0537644]}"
Feature,node/9051271369,Tamsweg,12,5580,Zinsgasse,,,Radfux,"Mo-Tu 08:00-12:00, 14:00-18:00, We 08:00-12:00, Th-Fr 08:00-12:00, 14:00-18:00, Sa 08:00-12:00; PH off",Jürgen Fuchsberger,+43 6474 6780,,,,bicycle,https://www.radfux.at,node/9051271369,,,,,,,,,,,,,,,,,,,,,,,,,,,,,,,,,,,,,,,,,,,,,,,,,,,,,,,,,bis 2023 vormals Gartengasse 17,,,,,,,,,,,,,,,,,,,,,,,,,,,,,,,,,,,,,,,,,,,,,,,,,,,,,,,,,,,,,,,,,,,,,,,,,,,,,,,,,,,,,,,,,,,,,,,,,,,,,,,,,,,,,,,,,,,,,,"{""type"":""Point"",""coordinates"":[13.8092686,47.1307251]}"
Feature,node/9076875914,,19,,Hörnesgasse,,,Fahrradwelt,Mo-Fr 09:00-19:00; Sa 12:00-18:00,,,,,,bicycle,,node/9076875914,,,,,,,,,,,,,,,yes,,,2023-09-12,,,,,,,,,,,,,,,,,,,,,,,,,,,,,,,,,,,,,,,,,,,,,,,,,,,,,,,,,,,,,,,,,,,,,,,,,,,,,,,,,,,,,,,,,,,,,,,,,,,,,,,,,,,,,,,,,,,,,,,,,,,,,,,,,,,,,,,,,,,,,,,,,,,,,,,,,,,,,"{""type"":""Point"",""coordinates"":[16.3963236,48.2036236]}"
Feature,node/9101866966,Linz,14,4040,Blütenstraße,,,Avanti Linz Bike Repair,,,,,,yes,bicycle,,node/9101866966,,no,,AT,,,,,,,,,,,,,,,,,,,,,,,,,,,,,,,,,,,,,,,,,,,,,,,,,,,,,,,,,,,,,,,,,,,,,,,,,,,,,,,,,,,,,,,,,,,,,,,,,,,,,,,,,,,,,,,,,,,,,,,,,,,,,,,,,,,,,,,,,,,,,,,,,,,,,,,,,,,,,,,,,,,,,,,,,,,"{""type"":""Point"",""coordinates"":[14.2830627,48.3138683]}"
Feature,node/9104869792,St. Michael ob Bleiburg,,9143,Hinterlibistch,,,GS Rad,,Gernot Starc,,,,,bicycle,,node/9104869792,,,,,,,,,,,,,,,,,,,,,,,,,,,,,,,,,,,,,,,,,,,,,,,,,,,,,,,,,,,,,,,,,,,,,,,,,,,,,,,,,,,,,,,,,,,,,,,,,,,,,,,,,,,,,,,,,,,,,,,,,,,,,,,,,,,,,,,,,,,,,,,,,,,,,,,,,,,,,,,,,,,,,,,,,,,,,,,"{""type"":""Point"",""coordinates"":[14.7555416,46.583568]}"
Feature,node/9161250177,Stockerau,7/6,2000,Landstraße,,,Fahrradtechnik Günter Gerhart,,,+43 676 6390018,,,,bicycle,https://www.fahrradtechnik-guenter-gerhart.com/,node/9161250177,,,,,,,,,,,,,,,,,,,,,,,,,,,,,,,,,,,,,,,,,,,,,,,,,,,,,,,,,,,,,,,,,,,,,,,,,,,,,,,,,,,,,,,,,,,,,,,,,,,,,,,,,,,,,,,,,,,,,,,,,,,,,,,,,,,,,,,,,,,,,,,,,,,,,,,,,,,,,,,,,,,,,,,,,,,,,,,"{""type"":""Point"",""coordinates"":[16.2070648,48.3854892]}"
Feature,node/9252445430,Wien,140,1190,Sieveringer Straße,,werkstatt@sradl.at,'s Radl,"Mo-Fr 09:00-12:00,13:00-16:00; Sa 09:00-12:00; PH off",Paul Mallesitz,+436764402520,,,yes,bicycle,https://www.sradl.at,node/9252445430,,,,,,yes,,,,,,,,,,,,,,,,,,,,,,,,,,,,,,,,,,,,,,,,,,,,,,,,,,,,,,,,,,,,,,,,,,,,,,,,,,,,,,,,,,,,,,,,,,,,,,,,,,,,,,,,,,,,,,,,,,,,,,,,,,,,,,,,,,,,,,,,,,,,,,,,,,,,,,,,,,,,,,,,,,,,,,,,,"{""type"":""Point"",""coordinates"":[16.319825,48.2522507]}"
Feature,node/9268739873,Feldkirch,123b,6800,Reichsstraße,,,Strom.Werk,"Mo 13:30-18:00; Tu-Fr 09:00-12:00,13:30-18:00",,,,,,bicycle,https://strom-werk.at/,node/9268739873,,,,AT,,,,,,,,,,,,,,,info@strom-werk.at,,,yes,,,,,,,,,+43 5522 82787,,,,,,,,,,,,,,,,,,,,,,,,,,,,,,,,,,,,,,,,,,,,,,https://www.facebook.com/Strom.Werk.Feldkirch/,,,,,,,,,,,,,,,,,,,,,,,,,,,,,,,,,,,,,,,,,,,,,,,,,,,,,,,,,,,,,,,,,,,,,,,,,yes,,,,,,,,,,,,,,,,,,,,,,,,,"{""type"":""Point"",""coordinates"":[9.6114308,47.2486061]}"
Feature,node/9325421659,Mank,16,3240,Bahnhofstraße,,,Rad Fuchs,,,,,,,bicycle,https://www.rad-fuchs.at/,node/9325421659,,,,AT,,,,,,,,,,,,,,,,,,,,,,,,,,,+43 2755 2310,,,,,,,,,,,,,,,,,,,,,,,,,,,,,,,,,,,,,,,,,,,,,,,,,,,,,,,,,,,,,,,,,,,,,,,,,,,,,,,,,,,,,,,,,,,,,,,,,,,,,,,,,,,,,,,,,,,,,,,,,,,,,,,,,,,,,,,,,,,,,,,,"{""type"":""Point"",""coordinates"":[15.3438972,48.112117]}"
Feature,node/9335049428,,,2514,,,,Radler,Mo-We 10:00-18:00; Th 13:00-18:00; Fr 10:00-18:00; Sa 10:00-13:00,,+43 677 62101339,,,,bicycle,https://www.radler.co.at/,node/9335049428,,,,,,,,,,,,,,,,,,,,,,,,,,,,,,,,,,,,,,,,,,,,,,,,,,,,,,,,,,,,,,,,,,,,,,,,,,,,,,,,,,,,,,,,,,,,,,,,,,,,,,,,,,,,,,,,,,,,,,,,,,,,,,,,,,,,,,,,,,,,,,,,,,,,,,,,,,,,,,,,,,,,,,,,,,,,,,,"{""type"":""Point"",""coordinates"":[16.2935643,48.0128859]}"
Feature,node/9340784038,St. Andrä-Wördern,1,3423,Josef-Karner-Platz,,,Radstall,,,,,,yes,bicycle,http://www.radstall.at/,node/9340784038,,yes,,AT,,,,,,,,,,,,,,,,,,,,,,,,,,,,,,,,,,,,,,,,,,,,,,,,,,,,,,,,,,,,,,,,,,,,,,,,,,,,,,,,,,,,,,,,,,,,,,,,,,,,,,,,,,,,,,,,,,,,,,,,,,,,,,,,,,,,,,,,,,,,,,,,,,,,,,,,,,,,,,,,,,,,,,,,,,,"{""type"":""Point"",""coordinates"":[16.2137002,48.3294956]}"
Feature,node/9359413282,Ferlach,,9170,,,,Ortner KG,,,,,,,bicycle,https://www.bikesport.cc/,node/9359413282,,,,AT,,,,,,,,,,,,,,,,,,,,,,,,,,,+43 4227 3570,,,,,,,,,,,,,,,,,,,,,,,,,,,,,,,,,,,,,,,,,,,,,,,,,,,,,,,,,,,,,,,,,,,,,,,,,,,,,,,,,,,,,,,,,,,,,,,,,,,,,,,,,,,,,,,,,,,,,,,,,,,,,,,,,,,,,,,,,,,,,,,,"{""type"":""Point"",""coordinates"":[14.2924338,46.5300092]}"
Feature,node/9368243415,,24,,Mozartgasse,,,Charlys Fahrradgarage,Mo-Fr 10:00-19:00; Sa 12:00-17:00,,+43 676 690 14 94,,,,bicycle,https://fahrradcharly.at/,node/9368243415,,,,,,,,,,,,,,,,,,,,,,,,,,,,,,,,,,,,,,,,,,,,,,,,,,,,,,,,,,,,,,,,,,,,,,,,,,,,,,,,,,,,,,,,,,,,,,,,,,,,,,,,,,,,,,,,,,,,,,,,,,,,,,,,,,,,,,,,,,,,,,,,,,,,,,,,,,,,,,,,,,,,,,,,,,,,,,,"{""type"":""Point"",""coordinates"":[16.2630902,48.0093266]}"
Feature,node/9418078315,,,,,,,Schachner Elektrofahrzeuge,,,,,,,bicycle,https://www.elektrofahrzeugeschachner.at/,node/9418078315,,,,,,,,,,,,,,,,,,,,,,,,,,,,,,,,,,,,,,,,,,,,,,,,,,,,,,,,,,,,,,,,,,,,,,,,,,,,,,,,,,,,,,,,,,,,,,,,,,,,,,,,,,,,,,,,,,,,,,,,,,,,,,,,,,,,,,,,,,,,,,,,,,,,,,,,,,,,,,,,,,,,,,,,,,,,,,,"{""type"":""Point"",""coordinates"":[14.6321152,48.0416641]}"
Feature,node/9426419351,Kleinhain,18,3123,Kremser Straße,,,zweiradfreude,,,,,,,bicycle,http://www.zweiradfreude.at/,node/9426419351,,,,AT,,,,,,,,,,,,,,,,,,,,,,,,,,,,,,,,,,,,,,,,,,,,,,,,,,,,,,,,,,,,,,,,,,,,,,+43 676 391 21 28,,,,,,,,,,,,,,,,,,,,,,,,,,,,,,,,,,,,,,,,,,,,,,,,,,,,,,,,,,,,,,,,,,,,,,,,,,,,,,,,,,,,,,,,,,,,,,,,,,,,,"{""type"":""Point"",""coordinates"":[15.6483487,48.2592356]}"
Feature,node/9435557811,Baden bei Wien,96,2500,Vöslauer Straße,,,spusu Shop Baden,,MASS Response Service GmbH,,,,,bicycle,https://ebike.spusu.at/,node/9435557811,,,,AT,,,,,,,,,,,,,,,,,,,,,,,,,,,,,,,,,,,,,,,,,,,,,,,,,,,,,,,,,,,,,,,,,,,,,,,,,,,,,,,,,,,,,,,,,,,,,,,,,,,,,,,,,,,,,,,,,,,,,,,,,,,,,,,,,,,,,,,,,,,,,,,,,,,,,,,,,,,,,,,,,,,,,,,,,,,"{""type"":""Point"",""coordinates"":[16.2264056,47.995173]}"
Feature,node/9453343813,,,,,,,Familybikes Lastenräder,Mo-Fr 09:00-17:00,,+43 660 8712461,,,,bicycle,https://www.familybikes.at,node/9453343813,,,,,,,,,,,,,,,,,,,,,,,,,,,,,,,,,,,,,,,,,,,,,,,,,,,,,,,,,,,,,,,,,,,,,,,,,,,,,,,,,,,,,,,,,,,,,,,,,,,,,,,,,,,,,,,,,,,,,,,,,,,,,,,,,,,,,,,,,,,,,,,,,,,,,,,,,,,,,,,,,,,,,,,,,,,,,,,"{""type"":""Point"",""coordinates"":[16.2632422,48.0127878]}"
Feature,node/9524812263,Liebenau,20,4252,,,office@wheelylift.at,W. König KG,,,+43 676 4144904,,,,bicycle,https://koenigs.co.at/,node/9524812263,,,,AT,,,,,,,,,,,,,,,,,,,,,,,,Liebenau,,,,,,,,,,,,,,,,,,,,,,,,,,,,,,,,,,,,,,,,,,,,,,,,,,,,,,,,,,,,,,,,,,,,,,,,,,,,,,,,,,,,,,,,,,,,,,,,,,,,,,,,,,,,,,,,,,,,,,,,,,,,,,,,,,,,,,,,,,,,,,,,,,,"{""type"":""Point"",""coordinates"":[14.8049592,48.5309222]}"
Feature,node/9534193260,Stadt Kufstein,2,6330,Salurner Straße,,info@e-bikes4you.com,e-bikes4you,,e-bikes4you GmbH,+4980339789020,,,,bicycle,https://www.e-bikes4you.com,node/9534193260,,,,,,,,,,,,,yes,,,,,,,,,,,,,,,,,,,,yes,,,"Onlineshop für Fahrräder und E-Bikes, Akkus und Zubehör. Ladengeschäft für Abholungen: Inn-BikeMit öffentlich zugänglicher Pumpe vor und hinter dem Geschäft",,,,,,,,,,,,,,,,,,,,,,,,,,,,,,,,,,,,,,,,,,,,,yes,,,,,,,,,,,,,,,,,,,,,,,,,,,,,https://www.e-bikes4you.com/at/contact/,,,,,,,,,,,,,,,,,,,,,,,,,,,,,,,,,,,,,,,,,,,,,,,,,,,,,,,,,,,,,,,,,"{""type"":""Point"",""coordinates"":[12.1665215,47.5791674]}"
Feature,node/9540234544,Dornbirn,15,6850,Färbergasse,,,vonbike - die freie Fahrradwerkstatt,Mo-Fr 14:00-18:30; Sa 09:00-12:00,,,,,yes,bicycle,,node/9540234544,,,,AT,,,,,,,,,,,,,,,shop@vonbike.com,,,,Haus B,,,,,,,,+43 670 4048305,,,,,,,,,,,,,https://www.vonbike.com/,,,,,,,,,,,,,,,,,,,,,,,,,,,,,,,,,,,,,,,,,,,,,,,,,,,,,,,,,,,,,,,,,,,,,,,,,,,,,,,,,,,,,,,,,,,,,,,,,,,,,,,,,,,,,,,,,,,,,,,,,,,,,,,,,,,"{""type"":""Point"",""coordinates"":[9.7383842,47.4227696]}"
Feature,node/9553599385,Andelsbuch,483,6866,,,,RADAU,"Mo off; Tu-Th 09:00-12:00,13:30-17:30; Fr 09:00-12:00,13:30-18:30; Sa 09:00-12:00; Su,PH off","Philipp Giselbrecht, Anton Meusburger",,,,yes,bicycle,,node/9553599385,,,,,,,,,,,,,,,,,,,post@radaumachts.at,,,,,,,,,Scheidbuchen,,,+43 664 230 82 96,,,,,,,,,,,,,https://www.radaumachts.at/,,,,,,,,,,,,,,,,,,,,,,,,,,,,,,,,,https://facebook.com/RADAUmachts,https://instagram.com/RADAUmachts,,,,,,,,,,,,,,,,,,,,,,,,,,,,,,,,,,,,,,,,,,,,,,,,,,,,,,,,,,,,,,,,,,,,,,,,,+43 664 2308296,,,,,,,,,,,,,,,,,,,,,,,,"{""type"":""Point"",""coordinates"":[9.8987867,47.4210183]}"
Feature,node/9558759099,Weitra,54,3970,Rathausplatz,,office@ebike-neunteufel.at,eBIKE Neunteufel,"Tu,Th,Fr 09:00-12:00,14:00-18:00; Sa 09:00-12:00",,+43 681 20 20 1278,,,,bicycle,https://ebike-neunteufel.at/,node/9558759099,,,,,,,,,,,,,,,no,,,,,,,,,,,,,,,,,,,,,,,,,,,,,,,,,,,,,,,,,,,,,,,,,,,,,,,,,,,,,,,,,,,,,,,,,,,,,,,,,,,,,,,,,,,,,,,,,,,,,,,,,,,,,,,,,,,,,,,,,,,,,,,,,,,,,,,,,,,,,,,,,,,,,,,,,,,,,,,,"{""type"":""Point"",""coordinates"":[14.8924575,48.7007803]}"
Feature,node/9635015934,Pfunds,104,6542,Dorf,,bikeandmore@bachersport.com,Bike & More,Tu-Fr 08:30-18:00; Sa 08:30-13:00,Bacher Sport,+435476695540,yes,yes,yes,bicycle,https://www.bachersport.com/,node/9635015934,,,,,yes,,yes,yes,yes,yes,,,,,yes,,,,,,,,,,,,,,,,,,,,,Alles rund um's Bike mit eigenem Café. Handgerösteter Tiroler Kaffee.,,,,yes,yes,,yes,,,,,,,,,,,,,,,,,,,,,,,,,,,,,,,,,,,,,,,,,,,,,,,,,,,,,,,,,,,,,,,,,,,,,,,,,,,,,,,,,,,,,,,,,,,,,,,,,,,,,,,,,,,,,,,,,,,,,,,,,,,,,,,,,,,,"{""type"":""Point"",""coordinates"":[10.5412459,46.967338]}"
Feature,node/9650935766,Deutschlandsberg,8,8530,Radlpaßstraße,,,Radsport Weichberger,"Mo-Fr 08:00-12:30, 13:30-18:00; Sa 08:00-12:00; Su,PH off",Weichberger GmbH,+43 3462 43110 0,,,,bicycle,https://weichberger.at,node/9650935766,,,,AT,,,,,,,,,,,,,,,,,,,,,,,,,,,,,,,,,,,,,,,,,,,,,,,,,,,,,,,,,,,,,,,,,,,,,2019-04-01,,,,,,,,,,,,,,,,,,,,,,,,,,,,,,,,,,,,,,,,,,,,,,,,,,,,,,,,,,,,,,,,,,,,,,,,,,,,,,,,,,,,,,,,,,,,,,,,,,,,,,"{""type"":""Point"",""coordinates"":[15.2367889,46.8274401]}"
Feature,node/9686380491,Scharnstein,31,4644,,,,Treibgut Radwerkstatt,Mo/Di/Do/Fr: 8:30-12 & 14:30-17 Uhr,Dominik Mandl,+436803052912,,yes,yes,bicycle,https://www.treib-gut.org,node/9686380491,,,,,yes,,,,,yes,yes,https://www.treib-gut.org/uploads/2/4/2/5/24256426/editor/logo_1.png,yes,yes,yes,,,,,,,,,,,,,Mühldorf,,,,,yes,,,,,,,,yes,,,,,,,,,,,,,,,,,,,,,,,,,,,,,,,,,,,,,,,,,,,,,,,,,,,,,,,,,,,,,,,,,,,,,,,,,,,,,,,,,,,,,,,,,,,,,,,,,,,,,,,,,,,,,,,,,,,,,,,,,,,,,,,,,,,,,,"{""type"":""Point"",""coordinates"":[13.9512098,47.8970301]}"
Feature,node/9687807139,Bruck an der Leitha,26,2460,Kirchengasse,,,STEWE’s Bike Shop,"Mo-Fr 09:00-13:00,14:00-19:00; Sa 09:00-14:00",,+4367683243302,,,,bicycle,https://www.stewes-bike.at/,node/9687807139,,,,,,,,,,,,,,,,,,,,,,,,,,,,,,,,,,,,,,,,,,,,,,,,,,,,,,,,,,,,,,,,,,,,,,,,,,,,,,,,,,,,,,,,,,,,,,,,,,,,,,,,,,,,,,,,,,,,,,,,,,,,,,,,,,,,,,,,,,,,,,,,,,,,,,,,,,,,,,,,,,,,,,,,,,,,,,,"{""type"":""Point"",""coordinates"":[16.7778341,48.0225124]}"
Feature,node/9706087236,,,,,,,Positionsanalyse-Radfachhandel Andreas Knapp,,Andreas Knapp,,,,,bicycle,https://www.positionsanalyse.at/,node/9706087236,,,,,,,,,,yes,,,,,,,,,,,,,,,,,,,,,,,,,,,,,,,,,yes,,,,,,,,,,,,,,,,,,,,,,,,,,,,,,,,,,,,,,,,,,,,,,,,,,,,,,,,,,,,,,,,,,,,,,,,,,,,,,,,,,,,,,,,,,,,,,,,,,,,,,,,,,,,,,,,,,,,,,,,,,,,,,,,,,,,"{""type"":""Point"",""coordinates"":[15.3413413,46.9710575]}"
Feature,node/9773182428,Wien,19,1210,Moritz-Dreger-Gasse,,,FahrradFreundeFloridsdorf,"Tu 09:00-13:00,14:00-17:00; Th 09:00-13:00,14:00-17:00; Fr 09:00-13:00",Haus Erna,+43 677 615 38 389,,,yes,bicycle,https://www.heilsarmee.at/fff,node/9773182428,,,,,,,,,,yes,,,,,,,,,,,,,,,,,,,,,,,,,,,,,,,,,,,,,,,,,,,,,,,,,,,,,,,,,,,,,,,,,,,,,,,,,,,,,,,,,,,,,,,,,,,,,,,,,,,,,,,,,,,,,,,,,,,,,,,,,,,,,,,,,,,,,,,,,,,,,,,,,,,,,,,,,,,,,,,,,,,,,"{""type"":""Point"",""coordinates"":[16.4418777,48.2737454]}"
Feature,node/9793193771,,156/4,,Märzstraße,,,Velosaloon,,,,,,,bicycle,https://www.velosaloon.com/,node/9793193771,,,,,,,,,,,,,,,no,,,2025-10-23,,,,,,,,,,,,,,,,,,,,,,,,,,,,,,,,,,,,,,,,,,,,,,,,,,,,,,,,,,,,,,,,,,,,,,,,,,,,,,,,,,,,,,no,,,,,,,,,,,,,,,,,,,,,,,,,,,,,,,,,,,,,,,,,,,,,,,,,,,,,,,,,,,,,,,,,,,,,,,"{""type"":""Point"",""coordinates"":[16.3068308,48.1969792]}"
Feature,node/9815403942,Kuchl,39,5431,Markt,,,little bikeshop Kuchl,Mo-Do 09:00-17:00 Fr 9:00-15:00 Sa 9:00-12:00,,+43 699 18189076,,,,bicycle,https://little-bikeshop.at/,node/9815403942,,,,,,,,,,,,,,,,,,,,,,,,,,,,,,,,,,,,,,,,,,,,,,,,,,,,,,,,,,,,,,,,,,,,,,,,,,,,,,,,,,,,,,,,,,,,,,,,,,,,,,,,,,,,,,,,,,,,,,,,,,,,,,,,,,,,,,,,,,,,,,,,,,,,,,,,,,,,,,,,,,,,,,,,,,,,,,,"{""type"":""Point"",""coordinates"":[13.1450686,47.627208]}"
Feature,node/9816753038,Sankt Barbara im Mürztal,6,8662,Hauptplatz,,,Fahrradtechnik Thonhofer,,Hannes Thonhofer,+436641352977,,,yes,bicycle,,node/9816753038,,,,,,,,,,,,,,,,,,,,,,,,,,,,,,,,,,,,,,,,,,,,,,,,,,,,,,,,,,,,,,,,,,,,,,,,,,,,,,,,,,,,,,,,,,,,,,,,,,,,,,,,,,,,,,,,,,,,,,,,,,,,,,,,,,,,,,,,,,,,,,,,,,,,,,,,,,,,,,,,,,,,,,,,,,,,,,,"{""type"":""Point"",""coordinates"":[15.5117127,47.5356054]}"
Feature,node/9817901578,Lustenau,17a,6890,Jahnstraße,,info@pedalpiraten.at,Pedal Piraten,"Mo off; Tu-Fr 08:30-12:30,14:00-18:30; Sa 09:00-13:30; Su,PH off",,+43 5577 83651,,,yes,bicycle,https://www.pedalpiraten.at/,node/9817901578,,yes,,AT,,,,,,,,,,,,yes,,,,,,,,,,,,,,,,,,,,,,,,,,,,,,,,,,,,,Pedal Piraten Werkstatt,Canyon,,,,,,,,,,,,,,,,,,,2022-04-01,,,,https://www.facebook.com/cycleyourlife/,,,,,,,,,,,,,,,,,,,,,,,,,,,,,,,,,,,,,,,,,,,,,,,,,,,,,,,,,,,,,,,,,,,,,,,,,,,,,,,,,,,,,,,,,,,,,,,,,,"{""type"":""Point"",""coordinates"":[9.6546858,47.4251816]}"
Feature,node/9820217220,Wien,26,1210,Prager Straße,,,Best Bike,"Mo-Th 10:00-18:00; Fr 10:00-13:00,14:00-18:00; Sa 10:00-17:00",,,,,,bicycle,https://www.best-bike.at/,node/9820217220,,,,AT,,,,,,,,,,,yes,,,,,,,,,,,,,,,,,,,,,,,,,,,,,,,,,,,,,,,,,,,,,,,,,,,,,,,,,,,,,,,,,,,,,,,,,,,,,,,,,,,,,,,,,,,,,,,,,,,,,,,,,,,,,,,,,,,,,,,,,,,,,,,,,,,,,,,,,,,,,,,,,,,,,,,,,,,,,,,,"{""type"":""Point"",""coordinates"":[16.3944192,48.2641733]}"
Feature,node/9827897309,,,,,,,Radservicecenter Helmut Gelter,,,,,,,bicycle,,node/9827897309,,,,,,,,,,,,,,,,,,,,,,,,,,,,,,,,,,,,,,,,,,,,https://www.radservicecenter.at,,,,,,,,,,,,,,,,,,,,,,,,,,,,,,,,,,,,,,,,,,,,,,,,,,,,,,,,,,,,,,,,,,,,,,,,,,,,,,,,,,,,,,,,,,,,,,,,,,,,,,,,,,,,,,,,,,,,,,,,,,,,,,,,,,,"{""type"":""Point"",""coordinates"":[15.695862,48.2831362]}"
Feature,node/9848021519,Reutte,3,6600,Innsbrucker Straße,,,Bikesport Reutte,"Mo,Tu,Th,Fr 16:00-18:00; Sa 10:00-12:00",,+43 676 6795092,,,,bicycle,https://www.bikesport-reutte.at/,node/9848021519,,,,,,,,,,,,,,,,,,,,,,,,,,,,,,,,,,,,,,,,,,,,,,,,,,,,,,,,,,,,,,,,,,,,,,,,,,,,,,,,,,,,,,,,,,,,,,,,,,,,,,,,,,,,,,,,,,,,,,,,,,,,,,,,,,,,,,,,,,,,,,,,,,,,,,,,,,,,,,,,,,,,,,,,,,,,,,,"{""type"":""Point"",""coordinates"":[10.7219868,47.4838778]}"
Feature,node/9870433047,Maria Enzersdorf,5/UG1,2344,Hauptstraße,,,BikeSchneiderei,"Tu,Fr 12:00-19:00; We,Th 09:00-15:00; Sa 09:00-13:00; Su,PH off",Felix Schneider,,,yes,yes,bicycle,https://www.bikeschneiderei.at/,node/9870433047,,,,,,,,,,yes,,,,,yes,no,,,,,,,,,,,,,,,,,,,,,,,,,,,,,,,,,,,,,,,,,,,,,,,,,,,,,,,,,,,,,,,,,,,,,,,,,,,,,,,,,,,,,,,,,,,,,,,,,,,,,,,,,,,,,,,,,,,,,,,,,,,,,,,,,,,,,,,,,,,,,,,,,,,,,,,,,,,,,,,"{""type"":""Point"",""coordinates"":[16.2850958,48.1007199]}"
Feature,node/9884750186,Wien,51,1050,Kohlgasse,,,Fahrrad-1050,"Mo-Fr 12:00-19:00; Sa 12:00-18:00; Su,PH off",,+43660 1649045,,,yes,bicycle,,node/9884750186,,yes,only,,,,,,,,,,,,yes,,,,,,,,,,,,,,,,,,,,,,,,,yes,,,,,2025-02-11,,,,,,,,,,,,,,,,,,,,,,,,,,,,,,,,,,,,,,,,,,,,,,,,,,,,,,,,,,,,,,,,,,,,,,,,,,,,,,,,,,,,,,,,,,,,,,,,,,,,,,,,,,,,,,,,,,,,,,,,,,,,,,,,,,"{""type"":""Point"",""coordinates"":[16.3510032,48.1876376]}"
Feature,node/9887230867,,,,,,,,,,,,,yes,bicycle,,node/9887230867,,,,,,,,,,yes,,,,,,,,,,,,,,,,,,,,,,,,,,,,,,,,,yes,,,,,,,,,,,,,,,,,,,,,,,,,,,,,,,,,,,,,,,,,,,,,,,,,,,,,,,,,,,,,,,,,,,,,,,,,,,,,,,,,,,,,,,,,,,,,,,,,,,,,,,,,,,,,,,,,,,,,,,,,,,,,,,,,,,,"{""type"":""Point"",""coordinates"":[16.8306596,47.7423089]}"
Feature,node/9935042717,St. Georgen im Attergau,10,4880,Am See-Ring,,,Bikesport Attergau,"Mo,Tu,Th,Fr 08:00-12:00,14:30-18:00; We,Sa 08:00-12:00",,+43 7667 6359,,,,bicycle,,node/9935042717,,,,,,,,,,,,,,,,,,,,,,,,,,,,,,,,,,,,,,,,,,,,,,,,,,,,,,Cube,,,,,,,,,,,,,,,,,,,,,,,,,,,,,,,,,,,,,,,,,,,,,,,,,,,,,,,,,,,,,,,,,,,,,,,,,,,,,,,,,,,,,,,,,,,,,,,,,,,,,,,,,,,,,,,,,,,,,,,,,"{""type"":""Point"",""coordinates"":[13.5037761,47.9299493]}"
Feature,node/9948749626,Villach,37,9500,Gerbergasse,,,Papin Bike Center Villach,Mo-Sa 08:30-17:00,,,,,,bicycle,https://www.papinsport.com/,node/9948749626,,no,,AT,,,,,,,,,,,,,,,,,,yes,,,,,,,,,,,,,,,,,,,,,,,,,,,,,,,,,,,,,,,,,,,,,,,,,,,,+43 660 698 4138,,,https://www.facebook.com/papinrentabike,,,,,,,,,,,,,,,,,,,,,,,,,,,,,,,,,,,,,,,,,,,,,,,,,,,,,,,,,,,,,,,,,,,,,,,,,,,,,,,,,,,,,,,,,,,,,,,,,,"{""type"":""Point"",""coordinates"":[13.8499048,46.6119706]}"
Feature,node/9955007131,Zistersdorf,2,2225,Pröbstlgasse,,,Fahrradgeschäft,Mo off,Polak,+43 664 3461388,,,,bicycle,,node/9955007131,,,,,,,,,,,,,,,,,,,,,,,,,,,,,,,,,,,,,,,,,,,,,,,,,,,,,,,,,,,,,,,,,,,,,,,,,,,,,,,,,,,,,,,,,,,,,,,,,,,,,,,,,,,,,,,,,,,,,,,,,,,,,,,,,,,,,,,,,,,,,,,,,,,,,,,,https://fpolak.at,,,,,,,,,,,,,,,,,,,,,,,"{""type"":""Point"",""coordinates"":[16.763101,48.5449699]}"
Feature,node/9961183560,,,,,,,2Rad Service Vescky,,,,,,,bicycle,https://www.2rad-pv.at/,node/9961183560,,,,,,,,,,,,,,,,,,,,,,,,,,,,,,,,,,,,,,,,,,,,,,,,,,,,,,,,,,,,,,,,,,,,,,,,,,,,,,,,,,,,,,,,,,,,,,,,,,,,,,,,,,,,,,,,,,,,,,,,,,,,,,,,,,,,,,,,,,,,,,,,,,,,,,,,,,,,,,,,,,,,,,,,,,,,,,,"{""type"":""Point"",""coordinates"":[16.3984107,48.2061904]}"
Feature,node/9974844775,Waidhofen an der Ybbs,7,3340,Hörtlergasse,,,1OF1 Rad-Shop,"Mo, Th, Fr 09:00-12:00, 14:00-18:00",,,,,,bicycle,https://www.1of1.at/,node/9974844775,,,,AT,,,,,,,,,,,,,,,,,,,,,,,,,,,,,,,,,,,,,,,,,,,,,,,,,,,,,,,,,,,,,,,,,,,,,,,,,,,+43 664 8881 3811,,,,,,,,,,,,,,,,,Valentina Kindermoden,,,,,,,,,,,,,,,,,,,,,,,,,,,,,,,,,,,,,,,,,,,,,,,,,,,,,,,,,,,,,,,,,,,,,,,,,,,,,,,"{""type"":""Point"",""coordinates"":[14.7745625,47.959963]}"
Feature,node/9983622003,Linz,297,4040,Freistädter Straße,2026-04-29,,Radsport Kiesl,"Mo-Th 08:00-12:00,14:00-18:00; Fr 08:00-18:00; Sa 08:00-13:00",,,,,yes,bicycle,,node/9983622003,,yes,no,AT,,,,,,,,,,,no,,,,info@radsport-kiesl.at,,,,,,,,,,,,+43732 750450,,,,,,,,,,,,,http://radsport-kiesl.at/,,,,,,,,,,,,,,,,,,,,,,,,,,,,,,,,,,,,,,,,,,,,,,,,,,,,,,,,,,,,,,,,,,,,,,,,,,,,,,,,,,,,,,,,,,,,,,,,,,,,,,,,,,,,,,,,,,,,,,,,,,,,,,,,,,,"{""type"":""Point"",""coordinates"":[14.316007,48.3299004]}"
Feature,node/9987699952,Mödling,20,2340,Friedrich Schiller-Straße,,,Bonanza Rad,"Mo-Fr 08:00-12:00; Mo, We, Fr 14:00-18:00",,+43 664 430987,,,yes,bicycle,https://www.bonanzarad.at/,node/9987699952,,,,,,,,,,,,,,,,,,,,,,,,,,,,,,,,,,,,,,,,,,,,,,,,,,,,,,,,,,,,,,,,,,,,,,,,,,,,,,,,,,,,,,,,,,,,,,,,,,,,,,,,,,,,,,,,,,,,,,,,,,,,,,,,,,,,,,,,,,,,,,,,,,,,,,,,,,,,,,,,,,,,,,,,,,,,,,,"{""type"":""Point"",""coordinates"":[16.2873375,48.082499]}"
Feature,node/9987806119,,,,,,,radwerker.at,,,,,,,bicycle,,node/9987806119,,,,,,,,,,,,,,,,,,,,,,,,,,,,,,,,,,,,,,,,,,,,,,,,,,,,,,,,,,,,,,,,,,,,,,,,,,,,,,,,,,,,,,,,,,,,,,,,,,,,,,,,,,,,,,,,,,,,,,,,,,,,,,,,,,,,,,,,,,,,,,,,,,,,,,,,,,,,,,,,,,,,,,,,,,,,,,,"{""type"":""Point"",""coordinates"":[14.0962289,46.7228811]}"
Feature,node/9998607645,,,,,,,Gerry Sports,,,,,,yes,bicycle,https://www.gerry-sport.at/,node/9998607645,,no,,,,yes,,,,,,,,,yes,,bicycle_rental,,,,,yes,,,,,,,,,,,,,,,,,,,,,,,,,,,,,,,,,,,,,,,,,,,,,,,,,,,,,,,,,,,,,,,,,,,,,,,,,,,,,,,,,,,,,,,,,,,,,,,,,,,,,,,,,,,,,,,,,,,,,,,,,,,,,,,,,,,,,,,,,,,,,,,,,,,,,,,,,"{""type"":""Point"",""coordinates"":[12.3163407,47.4413637]}"
Feature,node/10012161573,Unterach am Attersee,17,4866,Hugo-Wolf-Weg,,,Michel's 2 Rad-Verleih u. Reparaturen,,Michel Purkhart,+43 7665 8145,,,yes,bicycle,,node/10012161573,,,,AT,,,,,,,,,,,,,,,,,,yes,,,,,,,,,,,,,,,,,,,,,,,,,,,,,,,,,,,,,,,,,,,,,,,,,,,,,,,,,,,,,,,,,,,,,,,,,,,,,,,,,,,,,,,,,,,,,,,,,,,,,,,,,,,,,,,,,,,,,,,,,,,,,,,,,,,,,,,,,,,,,,,,,,,,,,,,,"{""type"":""Point"",""coordinates"":[13.4939213,47.8088728]}"
Feature,node/10062049030,,,,,,,Zweirad Minarik,,,+43 676 3019285,,,,bicycle,http://www.zweiradminarik.at,node/10062049030,,,,,,,,,,,,,,,,,,,,,,,,,,,,,,,,,,,,,,,,,,,,,,,,,,,,,,,,,,,,,,,,,,,,,,,,,,,,,,,,,,,,,,,,,,,,,,,,,,,,,,,,,,,,,,,,,,,,,,,,,,,,,,,,,,,,,,,,,,,,,,,,,,,,,,,,,,,,,,,,,,,,,,,,,,,,,,,"{""type"":""Point"",""coordinates"":[16.3715648,47.8771069]}"
Feature,node/10093314994,,,,,2022-10-11,,Fahrrad Zaki,Mo-Fr 08:00-16:30; Sa 09:00-12:00,,,,,,bicycle,https://fahrrad-zaki.at,node/10093314994,,,,,,,,,,,,,,,,,,,,,,,,,,,,,,,,,,,,,,,,,,,,,,,,,,,,,,,,,,,,,,,,,,,,,,,,,,,,,,,,,,,,,,,,,,,,,,,,,,,,,,,,,,,,,,,,,,,,,,,,,,,,,,,,,,,,,,,,,,,,,,,,,,,,,,,,,,,,,,,,,,,,,,,,,,,,,,,"{""type"":""Point"",""coordinates"":[14.4488203,48.2716196]}"
Feature,node/10121750286,Windischgarsten,36,4580,Hauptstraße,,tomsbikewerk@gmail.com,Tom's Bikewerk,,,+43 664 9225672,,,yes,bicycle,https://www.tomsbikewerk.at/,node/10121750286,,no,no,,,,,,,,,,,,,,,,,,,no,,,,,,,,,,,,,,,,,,,,,,,,,,,,,,,,,,,,,,,,,,,,,,,,,,,,,,,,,,,,,,,,,,,,,,,,,,,,,,,,,,,,,,,,,,,,,,,,,,,,,,,,,,,,,,,,,,,,,,,,,,,,,,,,,,,,,,,,,,,,,,,,,,,,,,,,,"{""type"":""Point"",""coordinates"":[14.32585,47.7222872]}"
Feature,node/10129716530,Ried im Innkreis,4,4941,Aubachweg,,,Neubike,"Mo-Fr 09:00-12:00,13:00-18:00; Sa 09:00-12:00; PH,Su off",,,,,,bicycle,,node/10129716530,,,,AT,,,,,,,,,,,,,,,,,,,,,,,,,,,,,,,,,,,,,,,,,,,,,,,,,,,,,,,,,,,,,,,,,,,,,,,,,,,,,,,,,,,,,,,,,,,,,,,,,,,,,,,,,,,,,,,,,,,,,,,,,,,,,,,,,,,,,,,,,,,,,,,,,,,,,,,,,,,,,,,,,,,,,,,,,,,"{""type"":""Point"",""coordinates"":[13.464987,48.2076995]}"
Feature,node/10129832025,Peilstein im Mühlviertel,8,4153,,,peilstein@neubike.at,Neubike,"Mo-Fr 09:00-12:00, 14:00-18:00; Sa 09:00-12:00",,+43 660 1403503,,,,bicycle,,node/10129832025,,,,AT,,,,,,,,,,,,,,,,,,,,,,,,Rinnmühle,,,,,,,,,,,,,,,,,,,,,,,,,,,,,,,,,,,,,,,,,,,,,,,,,,,,,,,,,,,,,,,,,,,,,,,,,,,,,,,,,,,,,,,,,,,,,,,,,,,,,,,,,,,,,,,,,,,,,,,,,,,,,,,,,,,,,,,,,,,,,,,,,,,"{""type"":""Point"",""coordinates"":[13.9041668,48.6124493]}"
Feature,node/10169061259,Silz,68,6424,Tiroler Straße,,,Bergmaschin,,,+436602426297,,yes,yes,bicycle,https://www.bergmaschin.at/,node/10169061259,,yes,,,,,,,,yes,yes,,,,yes,,,,,,,,,,,,,,,,,,,,,,,,,,,,,,,,,,,,,,,,,,,,,,,,,,,,,,,,,,,,,,,,,,,,,,,,,,,,,,,,,,,,,,,,,,,,,,,,,,,,,,,,,,,,,,,,,,,,,,,,,,,,,,,,,,,,,,,,,,,,,,,,,,,,,,,,,,,,,,,,"{""type"":""Point"",""coordinates"":[10.9293752,47.2662393]}"
Feature,node/10303474968,,,,,,,Feiersinger,Tu-Fr 14:00-18:00,,,,,,bicycle,,node/10303474968,,,,,,,,,,,,,,,,,,,,,,,,,,,,,,,+43 664 75016377,,,,,,,,,,,,,https://feiersinger.com,,,,yes,,,,,,,,,,,,,,,,,,,,,,,,,,,,,,,,,,,,,,,,,,,,,,,,,,,,,,,,,,,,,,,,,,,,,,,,,,,,,,,,,,,,,,,,,,,,,,,,,,,,,,,,,,,,,,,,,,,,,,,,,,,,,,,"{""type"":""Point"",""coordinates"":[12.0616472,47.4903549]}"
Feature,node/10586479765,Saalfelden am Steinernen Meer,24,5760,Leogangerstraße,,service@suspensionfactory.at,Suspension Factory,"Mo-Fr 08:00-18:00, Sa 08:00-12:00",SG Toolbox GmbH,+43 664 88363359,yes,yes,yes,bicycle,https://www.suspensionfactory.at,node/10586479765,,yes,,,yes,,yes,yes,yes,yes,yes,https://www.suspensionfactory.at/wp-content/uploads/cropped-Suspension-Factory-Logo-BG-dunkel-768x171.jpg,yes,yes,yes,yes,,,,,0,,,,,,local knowledge;survey,,,,,,yes,,,"Mountainbike Suspension Service (forks, shocks, damper) and repair shop. It is part of the BIKEMENT Shop.",,,,,yes,,yes,,,,,,,,,yes,,Suspension Factory,,,,,,,,yes,,yes,,,,,,,,,,,2022-11-01,,,,,,yes,,,,yes,yes,yes,,,,,,,,,,,,,yes,,,,,,,,,,,,,ATU67991603,,,,,,,,,,yes,yes,,,,,,yes,yes,,,,,,,,,,,,,,,,,,,yes,,,yes,yes,,,,,,,,,,,,,,,,,,,,,"{""type"":""Point"",""coordinates"":[12.8418131,47.4297182]}"
Feature,node/10606112359,,,,,,,Fahrrad 1030,Mo-Fr 10:00-18:00; Sa 09:00-15:00,,,,,yes,bicycle,http://www.fahrrad-1030.at/,node/10606112359,,yes,yes,,,,,,,,,,,,yes,,,,,,,,,,,,,,,,,,,,,,,,,,,,,,,,,,,,,,,,,,,,,,,,,,,,,,,,,,,,,,,,,,,,,,,,,,,,,,,,,,,,,,,,,,,,,,,,,,,,,,,,,,,,,,,,,,,,,,,,,,,,,,,,,,,,,,,,,,,,,,,,,,,,,,,,,,,,,,,,"{""type"":""Point"",""coordinates"":[16.390053,48.202435]}"
Feature,node/10649758802,Gleisdorf,34,8200,Grazer Straße,,,Friesi's Bikery,,,,,,,bicycle,,node/10649758802,,,,,,,,,,,,,,,,,,,,,,,,,,,,,,,,,,,,,,,,,,,,,,,,,,,,,,,,,,,,,,,,,,,,,,,,,,,,,,,,,,,,,,,,,,,,,,,,,,,,,,,,,,,,,,,,,,,,,,,,,,,,,,,,,,,,,,,,,,,,,,,,,,,,,,,,,,,cycling,,,,,,,,,,,,,,,,,,,,"{""type"":""Point"",""coordinates"":[15.6975744,47.1057836]}"
Feature,node/10670736648,Klagenfurt am Wörthersee,1,9020,Am Südpark,,klagenfurt@multicycle.at,Multicycle,Mo-Fr 10:00-19:00; Sa 10:00-16:00,Multicycle,+43 720 779900014,yes,yes,yes,bicycle,https://multicycle.at/klagenfurt,node/10670736648,,yes,,,,,,yes,,yes,,,yes,,,,,,,,,,,,,,,,,,,,yes,,,,,,,,yes,,yes,,,,,,,,,,CUBE Store Klagenfurt,CUBE,,,,,,,,,,,,,,,,,,,,,,,,,,,,,,,,,,,,,,,,,,,,,,,,,,,,,,,,,,,,,,,,,,,,,,,,,,,,,,,,,,,,,,,,,,,,,,,,,,,,,,,,,,,,,,,,,,,,,,,,,"{""type"":""Point"",""coordinates"":[14.3206008,46.6138986]}"
Feature,node/10684073375,,,,,2024-11-23,,eBikes & biken,"Mo-Tu,Su off; We 09:00-12:00,14:00-16:00; Th-Fr 09:00-12:00,14:00-17:00; Sa 09:00-12:00",Christian Hammer,+43 681 20293450,,,yes,bicycle,https://www.ebikes-biken.at/,node/10684073375,,yes,,,,,,,,,,,,,,,,,,,,yes,,,,,,,,,,,,,,,,,,,,,,,,,,,,,,,,,,,,,,,,,,,,,,,,,,,,,,,,,,,,,,,,,,,,,,,,,,,,,,,,,,,,,,,,,,,,,,,,,,,,,,,,,,,,,,,,,,,,,,,,,,,,,,,,,,,,,,,,,,,,,,,,,,,,,,,,,"{""type"":""Point"",""coordinates"":[15.7978162,47.2380593]}"
Feature,node/10697913755,,,,,,,Ride a Bike,"We 14:30-18:30; Th-Fr 09:00-13:00, 14:30-18:30; PH closed",Fabian Welte,,,,yes,bicycle,,node/10697913755,,,,,,,,,,,,,,,,,,,office@rideabike.at,,,,,,,,,,,,+43 650 5578182,,,,,,,,,,,,,https://www.rideabike.at,,,,,,,,,,,,,,,,,,,,,,,,,,,,,,,,,,,,,,,,,,,,,,,,,,,,,,,,,,,,,,,,,,,,,,,,,,,,,,,,,,,,,,,,,,,,,,,,,,,,,,,,,,,,,,,,,,,,,,,,,,,,,,,,,,,"{""type"":""Point"",""coordinates"":[9.7512149,47.5301267]}"
Feature,node/10721775028,Traisen,9,3160,Mariazeller Straße,,,Radsport Bauer,,Ronald Bauer,+436642842605,,,,bicycle,,node/10721775028,,,,,,,,,,,,,,,,,,,,,,,,,,,,,,,,,,,,,,,,,,,,,,,,,,,,,,,,,,,,,,,,,,,,,,,,,,,,,,,,,,,,,,,,,,,,,,,,,,,,,,,,,,,,,,,,,,,,,,,,,,,,,,,,,,,,,,,,,,,,,,,,,,,,,,,,,,,,,,,,,,,,,,,,,,,,,,,"{""type"":""Point"",""coordinates"":[15.6084113,48.0550396]}"
Feature,node/10723294509,,1,,Kranzgasse,,info@radbar.wien,radbar,"Mo-Fr 09:00-12:30,14:00-18:00; Sa-Su off",,+43 660 200 100 4,,,yes,bicycle,https://radbar.wien/,node/10723294509,,yes,,,,,,,,,,,,,yes,,,,,,,,,,,,,,,,,,,,,,,,,,,,,,,,,,,,,,,,,,,,,,,,,,,,,,,,,,,,,,,,,,,,,,,,,,,,,,,,,,,,,,,,,,,,,,,,,,,,,,,,,,,,,,,,,,,,,,,,,,,,,,,,,,,,,,,,,,,,,,,,,,,,,,,,,,,,,,,,"{""type"":""Point"",""coordinates"":[16.3339228,48.1883654]}"
Feature,node/10723344542,Wien,192,1120,Schönbrunner Straße,,,Edis Fahrrad,,,+43 676 7045755,,,,bicycle,https://edisfahrrad.at/,node/10723344542,,,,,,,,,,,,,,,,,,,,,,,,,,,,,,,,,,,,,,,,,,,,,,,,,,,,,,,,,,,,,,,,,,,,,,,,,,,,,,,,,,,,,,,,,,,,,,,,,,,,,,,,,,,,,,,,,,,,,,,,,,,,,,,,,,,,,,,,,,,,,,,,,,,,,,,,,,,,,,,,,,,,,,,,,,,,,,,"{""type"":""Point"",""coordinates"":[16.3365661,48.1852556]}"
Feature,node/10733028198,,3,1150,Löhrgasse,2025-04-23,kontakt@radlheim.org,Radlheim Fünfhaus,Mo-Fr 11:00-19:00,,+43 670 6500945,,,yes,bicycle,https://radlheim.org/,node/10733028198,,,,,,,,,,,,,,,yes,,,,,,,,,,,,,,,,,,,,,,,,,,,,,,,,,,,,,,,,,,,,,,,,,,,,,,,,,,,,2023-02-01,,,,,,,,2025-04-23,,,,,,,,,,,,,,,,,,,,,,,,,,,,,,,,,,,,,,,,,,,,,,,,,,,,,,,,,,,,,,,,,,,,,,,,,,,,,,,,,,,,,,,,,,,,"{""type"":""Point"",""coordinates"":[16.3370708,48.198335]}"
Feature,node/10739182314,Wien,27,1020,Freudenauer Hafenstraße,,,Fahrradwerkstatt Freudenau,,,,,,yes,bicycle,http://fahrrad-freudenau.at,node/10739182314,,,,AT,,,,,,,,,,,,,,,,,,,,,,,,,,,,,,,,,,,,,,,,,,,,,,,,,,,,,,,,,,,,,,,,,,,,,,,,,,,,,,,,,,,,,,,,,,,,,,,,,,,,,,,,,,,,,,,,,,,,,,,,,,,,,,,,,,,,,,,,,,,,,,,,,,,,,,,,,,,,,,,,,,,,,,,,,,,"{""type"":""Point"",""coordinates"":[16.4777458,48.1754967]}"
Feature,node/10740110180,,,,,,,Chainge,nach Vereinbarung,,+43 677 615 844 93,,,,bicycle,https://chainge.at/,node/10740110180,,,,,,,,,,,,,,,,,,,,,,,,,,,,,,,,,,,,,,,,,,,,,,,,,,,,,,,,,,,,,,,,,,,,,,,,,,,,,,,,,,,,,,,,,,,,,,,,,,,,,,,,,,,,,,,,,,,,,,,,,,,,,,,,,,,,,,,,,,,,,,,,,,,,,,,,,,,,,,,,,,,,,,,,,,,,,,,"{""type"":""Point"",""coordinates"":[16.3586859,48.2272917]}"
Feature,node/10740110181,,,,,,,Michael Beck - Beckbikes,,,+43 676 6673440,,,,bicycle,https://www.beckbikes.at/,node/10740110181,,,,,,,,,,,,,,,,,,,,,,,,,,,,,,,,,,,,,,,,,,,,,,,,,,,,,,,,,,,,,,,,,,,,,,,,,,,,,,,,,,,,,,,,,,,,,,,,,,,,,,,,,,,,,,,,,,,,,,,,,,,,,,,,,,,,,,,,,,,,,,,,,,,,,,,,,,,,,,,,,,,,,,,,,,,,,,,"{""type"":""Point"",""coordinates"":[16.3635804,48.2217107]}"
Feature,node/10740110182,,,,,,,Seven Bike,,,,,,,bicycle,,node/10740110182,,,,,,,,,,,,,,,,,,,,,,,,,,,,,,,,,,,,,,,,,,,,,,,,,,,,,,,,,,,,,,,,,,,,,,,,,,,,,,,,,,,,,,,,,,,,,,,,,,,,,,,,,,,,,,,,,,,,,,,,,,,,,,,,,,,,,,,,,,,,,,,,,,,,,,,,,,,,,,,,,,,,,,,,,,,,,,,"{""type"":""Point"",""coordinates"":[16.3693598,48.2303834]}"
Feature,node/10740110183,,70,,Linke Wienzeile,2026-01-17,office1060@apexcycling.at,Apex Cycling,"Mo,Su,PH off; Tu-Fr 10:00-18:30; Sa 09:00-16:30; Jan 01-06,Dec 24-31 off",Martin Zeiler Handels GmbH,+43 1 5814671,,,no,bicycle,https://apexcycling.at/,node/10740110183,,yes,no,,,,,,,,,,,,,no,,,,,0,,,,,,,,,,,0,,,,,,,,,,,,,2026-01-17,,,,,,,,,Apex Cycling,,,,,,,,,,,,,,,,,,,,,,,apexcycling1060,apexcycling1060,,,,,,,,,,,,,,,,,,,,,,,,,,,,,,,,,,,ATU67109309,,,,,,,,,,,,,,,,,,,,,,,,,,,,,,,,,,,,,,,,,,,Am Naschmarkt,2026-01-17,,,,,,,,,,,,,,,,,,"{""type"":""Point"",""coordinates"":[16.3549754,48.1961534]}"
Feature,node/10740110184,Wien,18/4,1050,Schloßgasse,,info@morassi.wien,Rahmenmanufaktur Morassi,"Tu 10:00-18:00; We 10:00-19:00; Th 10:00-18:00 || ""by appointment""",Vincent Morassi,+43 660 2443034,,,,bicycle,https://morassiframes.com/,node/10740110184,,,,,,,,,,,,,,,,,,,,,-0.5,,,,,,,,,,,,,,,,,,,,,,,,,,,,,,,,,,,,,,,,,,,,,,,,,,,,,,,,,,,,,,,,,,,,,,,,,,,,,,,,,,,,,,,,,,,,,,,,,,,,,,,,,,,,,,,,,,,,,,,,,,,,,,,,,,,,,,,,,,,,,,,,,,,,,,,,,,"{""type"":""Point"",""coordinates"":[16.3594191,48.1908417]}"
Feature,node/10740110185,,,,,,,Artbauer,,,,,,,bicycle,https://www.ktm-bikes-artbauer.at/,node/10740110185,,,,,,,,,,,,,,,,,,,,,,,,,,,,,,,,,,,,,,,,,,,,,,,,,,,,,,,,,,,,,,,,,,,,,,,,,,,,,,,,,,,,,,,,,,,,,,,,,,,,,,,,,,,,,,,,,,,,,,,,,,,,,,,,,,,,,,,,,,,,,,,,,,,,,,,,,,,,,,,,,,,,,,,,,,,,,,,"{""type"":""Point"",""coordinates"":[16.3805846,48.2093588]}"
Feature,node/10740110186,,,,,,,Jovelo,Mo-Fr 10:00-19:00; Sa 10:00-15:00,,+43 660 3132444,,,,bicycle,,node/10740110186,,,,,,,,,,,,,,,,,,,,,,,,,,,,,,,,,,,,,,,,,,,,,,,,,,,,,,,,,,,,,,,,,,,,,,,,,,,,,,,,,,,,,,,,,,,,,,,,,,,,,,,,,,,,,,,,,,,,,,,,,,,,,,,,,,,,,,,,,,,,,,,,,,,,,,,,,,,,,,,,,,,,,,,,,,,,,,,"{""type"":""Point"",""coordinates"":[16.3946002,48.1967932]}"
Feature,node/10740110187,Wien,33/1,1020,Ausstellungsstraße,,,Zweiradheimat,"Tu 08:00-12:00,13:00-15:00; We 08:00-12:00; Th 11:00-14:00,15:00-18:00; Fr 09:00-12:00,13:00-15:00",,,,,yes,bicycle,http://www.zweiradheimat.at,node/10740110187,,,,AT,,,,,,,,,,,,,,,,,,,,,,,,,,,+436706010661,,,,,,,,,,,,,,,,,,,,,,,,,,,,,,,,,,,,,,,,,,2023-04-15,,,,,,,,,,,,,,,,,,,,,,,,,,,,,,,,,,,,,,,,,,,,,,,,,,,,,,,,,,,,,,,,,,,,,,,,,,,,,,,,,,,,,,,,,,,,,,,,,,,,,,"{""type"":""Point"",""coordinates"":[16.40269,48.2181752]}"
Feature,node/10740110188,Wien,11,1020,Obermüllnerstraße,2024-08-21,,Velopold Vienna,Mar-Oct Mo-Su 09:00-19:00; Nov Mo-Sa 09:00-18:00,,,,,yes,bicycle,https://velopoldvienna.com/,node/10740110188,,,,AT,,,,,,,,,,,,no,bicycle_rental,,,,-1,yes,,,,,,,,,+436601190120,,,,,,,,,,,,,,,,,,,,,,,,,,,,,,,,,,,,,,,,,,,,,,,,,,,,,,,,,,,,,,,,,,,,,,,,,,,,,,,,,,,,,,,,,,,,,,,,,,,,,,,,,,,,,,,,,,,,,,,,,,,,,,,,,,,,,,,,,,,,,,,,"{""type"":""Point"",""coordinates"":[16.4030724,48.2196395]}"
Feature,node/10740110189,,37a,,Hirschstettner Straße,,,Limitedbikes,,,,,,,bicycle,https://www.limitedbikes.at/,node/10740110189,,,,,,,,,,,,,,,,,,,,,,,,,,,,,,,,,,,,,,,,,,,,,,,,,,,,,,,,,,,,,,,,,,,,,,,,,,,,,,,,,,,,,,,,,,,,,,,,,,,,,,,,,,,,,,,,,,,,,,,,,,,,,,,,,,,,,,,,,,,,,,,,,,,,,,,,,,,,,,,,,,,,,,,,,,,,,,,"{""type"":""Point"",""coordinates"":[16.4572817,48.2443813]}"
Feature,node/10740110190,,,,,,,Stir Bike,Mo-Fr 10:00-18:00,,,,,,bicycle,https://stirbike.at,node/10740110190,,,,,,,,,,,,,,,,,,,,,,,,,,,,,,,,,,,,,,,,,,,,,,,,,,,,,,,,,,,,,,,,,,,,,,,,,,,,,,,,,,,,,,,,,,,,,,,,,,,,,,,,,,,,,,,,,,,,,,,,,,,,,,,,,,,,,,,,,,,,,,,,,,,,,,,,,,,,,,,,,,,,,,,,,,,,,,,"{""type"":""Point"",""coordinates"":[16.3882118,48.2750839]}"
Feature,node/10740110191,Wien,8,1220,Kaisermühlenstraße,,,NXT Cargobikes,"Tu-Fr 10:00-13:30,14:00-18:30; Sa 10:00-16:00",,,,,,bicycle,https://nxtcargobikes.at/,node/10740110191,,,,AT,,,,,,,,,,,,,,,,,,,,,,,,,,,,,,,,,,,,,,,,,,,,,,,,,,,,,,,,,,,,,,,,,,,,,,,,,,,,,,,,,,,,,,,,,,,,,,,,,,,,,,,,,,,,,,,,,,,,,,,,,,,,,,,,,,,,,,,,,,,,,,,,,,,,,,,,,,,,,,,,,,,,,,,,,,,"{""type"":""Point"",""coordinates"":[16.4403151,48.2123492]}"
Feature,node/10741225382,Wien,20,1030,Obere Bahngasse,,fluidbike.mike@gmail.com,"fluidbike, Radwerkstatt und Institut für angewandtes Fahrradfahren","Su-Tu, Th-Fr 10:00-18:00; Sa 13:00-18:00",,+43 660 5442165,,,,bicycle,https://fluidbike.at/,node/10741225382,,,,,,,,,,,,,,,,,,,,,,,,,,,,,,,,,,,,,,,,,,,,,,,,,,,,,,,,,,,,,,,,,,,,,,,,,,,,,,,,,,,,,,,,,,,,,,,,,,,,,,,,,,,,,,,,,,,,,,,,,,,,,,,,,,,,,,,,,,,,,,,,,,,,,,,,,,,,,,,,,,,,,,,,,,,,,,,"{""type"":""Point"",""coordinates"":[16.3904918,48.1919866]}"
Feature,node/10741316764,Wien,142-150/5/R2,1110,Simmeringer Hauptstraße,,,Die Radbox,,,+43 650 460 77 33,,,,bicycle,https://www.dieradbox.net/,node/10741316764,,,,,,,,,,,,,,,,,,,,,,,,,,,,,,,,,,,,,,,,,,,,,,,,,,,,,,,,,,,,,,,,,,,,,,,,,,,,,,,,,,,,,,,,,,,,,,,,,,,,,,,,,,,,,,,,,,,,,,,,,,,,,,,,,,,,,,,,,,,,,,,,,,,,,,,,,,,,,,,,,,,,,,,,,,,,,,,"{""type"":""Point"",""coordinates"":[16.4223426,48.1680635]}"
Feature,node/10760722694,Villach,41,9580,Seeblickstraße,,info@lakeside-bike.at,Lakeside Bike GmbH,Mo-Fr 09:00-18:00; Sa 10:00-15:00,,+43 670 6554656,,,yes,bicycle,https://www.lakeside-bike.at,node/10760722694,,yes,,AT,,,,,,,,,yes,,,,,,,,,,,,,,,,,,,,yes,,,,,,,,,,,,,,,,,,,,,,,,,,,,,,,,,,,,,,,,,,,,,https://www.instagram.com/bikedevilz/,,,,,,,yes,,,,,,,,,,,,,,,,,,,,,,,,,,,,,,,,,,,,,,,,,,,,,,,,,,,,,,,,,,,,,,,,,,,,,,,,,,,,,,,,,,,,,,,,,,"{""type"":""Point"",""coordinates"":[13.9136575,46.5872285]}"
Feature,node/10762073871,Graz,10,8010,Heinrichstraße,,,Unicycle Bike Werkstatt,"Mo-Th 09:00-12:00,13:00-17:00; Fr 09:00-12:00",,+43 664 45 06 903,,yes,yes,bicycle,https://lomyu.com/de-view.php?seo=unicyclebikewerkstatt-859440289,node/10762073871,,yes,,AT,,,,,,,yes,,,,,,,,,,,,,,,,,,,,,,,,,,,,,,,,,,,,,,,,,,,,,,,,,,,,,,,,,,,,,,,,,,,,,,,,,,,,,,,,,,,,,,,,,,,,,,,,,,,,,,,,,,,,,,,,,,,,,,,,,,,,,,,,,,,,,,,,,,,,,,,,,,,,,,,,,,,,,,,,,,,,"{""type"":""Point"",""coordinates"":[15.4452052,47.0781819]}"
Feature,node/10780586223,Innsbruck,62,6020,Reichenauer Straße,,,Rad[L]Rettung,,,+43 699 11 80 27 57,,,yes,bicycle,https://www.radlrettung.at/,node/10780586223,,,,AT,,,,,,,,,,,,,,,,,,,,,,,,,,,,,,,,,,,,,,,,,,,,,,,,,Radrettung;Radlrettung,,,,,,,,,,,,,,,,,,,,,,23-04-03,,,,,,,,,,,,,,,,,,,,,,,,,,,,,,,,,,,,,,,,,,,,,,,,,,,,,,,,,,,,,,,,,,,,,,,,,,,,,,,,,,,,,,,,,,,,,,,,,,,,"{""type"":""Point"",""coordinates"":[11.4156576,47.272068]}"
Feature,node/10799312838,,18,,10.-Oktober-Straße,2025-06-27,,Fahrradshop Rückenwind,Mo-Fr 10:00-17:00,,,,,yes,bicycle,,node/10799312838,,yes,yes,,,,,,,yes,,,,,,,,2025-06-27,,,0,,,,,,,,,,,,,,,,,,,,,,,,,,,,,,,,,,,,,,,,,,,,,,,,,,,,,,,,,,,,,,,,,,,,,,,,,,,,,,,,,,,,,,,,,,,,,,,,,,,,,,,,,,,,,,,,,,,,,,,,,,,,,,,,,,,,,,,,,,,,,,,,,,,,,,,,,,"{""type"":""Point"",""coordinates"":[14.3073089,46.6220914]}"
Feature,node/10893667851,,,,,,,Bike Corner,,,,,,,bicycle,,node/10893667851,,,,,,,,,,,,,,,,,,,,,,,,,,,,,,,,,,,,,,,,,,,,,,,,,,,,,,,,,,,,,,,,,,,,,,,,,,,,,,,,,,,,,,,,,,,,,,,,,,,,,,,,,,,,,,,,,,,,,,,,,,,,,,,,,,,,,,,,,,,,,,,,,,,,,,,,,,,,,,,,,,,,,,,,,,,,,,,"{""type"":""Point"",""coordinates"":[14.3034811,46.6205165]}"
Feature,node/10944159261,,,,,,,Popaflo,,,,,,,bicycle,https://www.popaflo.at/,node/10944159261,,,,,,,,,,,,,,,,,,,,,,,,,,,,,,,,,,,,,,,,,,,,,,,,,,,,,,,,,,,,,,,,,,,,,,,,,,,,,,,,,,,,,,,,,,,,,,,,,,,,,,,,,,,,,,,,,,,,,,,,,,,,,,,,,,,,,,,,,,,,,,,,,,,yes,,,,,,,,,,,yes,no,no,,,,,,,,,,,,,,,"{""type"":""Point"",""coordinates"":[14.3969185,48.4331101]}"
Feature,node/10945690397,Graz,333,8051,Wiener Straße,,,CUBE Store Graz,"Mo-Fr 10:00-19:00; Sa 10:00-16:00; Su,PH off",Multicycle,+43 720 77 99 00 024,yes,yes,yes,bicycle,,node/10945690397,,,,,yes,,yes,,yes,yes,,,yes,yes,,,,,,,,,,,,,,,,,,,yes,,,,,,,,yes,,yes,,,,,,,,,,,,,,,,,,,,,,,,,,,,,,,,,,,,,,,,,,,,,,,,,,,,,,,,,,,,,,,,,,,,,,,,,,,,,,,,,,,,,,,,,,,,,,,,,,,,,,,,,,,,,,,,,,,,,,,,,,,,,,,,,,,,"{""type"":""Point"",""coordinates"":[15.3999627,47.1039062]}"
Feature,node/10968881754,Villach,2,9500,Ankershofengasse,,,Bikers Republic,,,,,,,bicycle,https://www.bikers-republic.at,node/10968881754,,,,,,,,,,,,,,,,,,,,,,,,,,,,,,,,,,,,,,,,,,,,,,,,,,,,,,,,,,,,,,,,,,,,,,,,,,,,,,,,,,,,,,,,,,,,,,,,,,,,,,,,,,,,,,,,,,,,,,,,,,,,,,,,,,,,,,,,,,,,,,,,,,,,,,,,,,,,,,,,,,,,,,,,,,,,,,,"{""type"":""Point"",""coordinates"":[13.8477205,46.6138661]}"
Feature,node/11005436078,Graz,21,8020,Lauzilgasse,,,MK Bikeshop,,Martin Kotnik,+43 3136 262089,,,,bicycle,https://www.mkbikeshop.at/,node/11005436078,,,,,,,,,,,,,,,,,,,,,,,,,,,,,,,,,,,,,,,,,,,,,,,,,,,,,,,,,,,,,,,,,,,,,,,,,,,,,,,,,,,,,,,,,,,,,,,,,,,,,,,,,,,,,,,,,,,,,,,,,,,,,,,,,,,,,,,,,,,,,,,,,,,,,,,,,,,,,,,,,,,,,,,,,,,,,,,"{""type"":""Point"",""coordinates"":[15.4319887,47.0451368]}"
Feature,node/11024685913,Retz,15,2070,Hauptplatz,,,Sgrafit Bike,,Sgrafit-bike GmbH,,,,yes,bicycle,www.sgrafitbike.at,node/11024685913,,,,,,,,,,,,,,,,,,,,,,yes,,,,,,,,,,,,,,,,,,,,,,,,,,,,,,,,,,,,,,,,,,,,,,,,,,,,,,,,,,,,,,,,,,,,,,,,,,,,,,,,,,,,,,,,,,,,,,,,,,,,,,,,,,,,,,,,,,,,,,,,,,,,,,,,,,,,,,,,,,,,,,,,,,,,,,,,,"{""type"":""Point"",""coordinates"":[15.9516459,48.7564688]}"
Feature,node/11069006270,,,,,,,Simon’s Bike Service,Mo-Fr 08:30-12:00,,,,,yes,bicycle,,node/11069006270,,,,,,,,,,,,,,,,no,,,info@simons-bikeservice.at,,,,,,,,,,,,+436644721564,,,,,,,,,,,,,https://www.simons-bikeservice.at,,,,,,,,,,Canyon,,,,,,,,,,,,,,,,,,,,,,,,,,,,,,,,,,,,,,,,,,,,,,,,,,,,,,,,,,,,,,,,,,,,,,,,,,,,,,,,,,,,,,,,,,,,,,,,,,,,,,,,,,,,,,,,,,,,,,,,,"{""type"":""Point"",""coordinates"":[9.9159249,47.0796343]}"
Feature,node/11085297780,Neukirchen,521,5741,Marktstrasse,,harms@sbg.at,Intersport Harms,08:30-12:00 14:30-18:00,Harms,+4365656840,,yes,yes,bicycle,,node/11085297780,,yes,,,,,,,,yes,,,,,yes,,,,,,,,,,,,,,,,,,,,,,,,,,,,,,,,,,,,,,,,,,,,,,,,,,,,,,,,,,,,,,,,,,,,,,,,,,,,,,,,,,,,,,,,,,,,,,,,,Q666888,,,,,,,,,,,,,,,,,,,,,,,,,,,,,,,,,,,,,,,,,,,multi;skiing;hiking,,,,,,,,,,,,,,,,,,,,"{""type"":""Point"",""coordinates"":[12.2873697,47.2536545]}"
Feature,node/11091107364,,,,,2023-08-05,,Radwerk,"Mo,We,Fr 09:00-17:00; Tu,Th 09:00-18:00",,,,,,bicycle,,node/11091107364,,,,,,,,,,,,,,,,,,,,,,,,,,,,,,,,,,,,,,,,,,,,,,,,,,,,,,,,,,,,,,,,,,,,,,,,,,,,,,,,,,,,,,,,,,,,,,,,,,,,,,,,,,,,,,,,,,,,,,,,,,,,,,,,,,,,,,,,,,,,,,,,,,,,,,,,,,,,,,,,,,,,,,,,,,,,,,,"{""type"":""Point"",""coordinates"":[16.6306794,48.6681763]}"
Feature,node/11152997267,,,,,,,Bikeshop J3 - Jeller Biketech,,Martin Jeller,,,,,bicycle,,node/11152997267,,,,,,,,,,,,,,,,,,,,,,,,,,,,,,,,,,,,,,,,,,,,,,,,,,,,,,,,,,,,,,,,,,,,,,,,,,,,,,,,,,,,,,,,,,,,,,,,,,,,,,,,,,,,,,,,,,,,,,,,,,,,,,,,,,,,,,,,,,,,,,,,,,,,,,,,,,,,,,,,,,,,,,,,,,,,,,,"{""type"":""Point"",""coordinates"":[11.5869699,47.2921199]}"
Feature,node/11153427994,Meidling,2,3508,Kremserstraße,,,Arnos-Bicycles,,,,,,yes,bicycle,https://www.arnos-bicycles.at/,node/11153427994,,no,,AT,,,,,,,,,,,,,,,,,,,,,,,,,,,,,,,,,,,,,,,,,,,,,,,,,,,,,,,,,,,,,,,,,,,,,,+43 676 440 80 90,,,,,,,,,,,,,,,,,,,,,,,,,,,,,,,,,,,,,,,,,,,,,,,,,,,,,,,,,,,,,,,,,,,,,,,,,,,,,,,,,,,,,,,,,,,,,,,,,,,,,"{""type"":""Point"",""coordinates"":[15.6231182,48.3357566]}"
Feature,node/11190862725,Gloggnitz,18,2640,Jungbergstraße,,,Radwerkstatt Kastner,Mo-Th 16:00-18:30,,+43 2662 42788,,,yes,bicycle,https://www.kastner-radwerk.at,node/11190862725,,,yes,,,,,,,,,,,,,,,,,,,,,,,,,,,,,,,,,,,,,,,,,,,,,,,,,,,,,,,,,,,,,,,,,,,,,,,,,,,,,,,,,,,,,,,,,,,,,,,,,,,,,,,,,,,,,,,,,,,,,,,,,,,,,,,,,,,,,,,,,,,,,,,,,,,,,,,,,,,,,,,,,,,,,,,,,,,,"{""type"":""Point"",""coordinates"":[15.9515795,47.6796318]}"
Feature,node/11209998113,,10,,Schöneben,,,Böhmerwaldsports,Mo-Sa 09:00-18:00; Su 09:00-12:00,,+436645298700,,,,bicycle,https://boehmerwaldsports.at/,node/11209998113,,,,,,,,,,,,,,,,,,,,,,,,,,,,,,,,,,,,,,,,,,,,,,,,,,,,,,,,,,,,,,,,,,,,,,,,,,,,,,,,,,,,,,,,,,,,,,,,,,,,,,,,,,,,,,,,,,,,,,,,,,,,,,,,,,,,,,,,,,,,,,,,,,,,,,,,,,,,,,,,,,,,,,,,,,,,,,,"{""type"":""Point"",""coordinates"":[13.9473997,48.705136]}"
Feature,node/11212707169,,,,,2023-09-24,,Wallride Core Mountainbike Store,"PH,Mo-Su 09:00-17:00",,,,,yes,bicycle,,node/11212707169,,no,,,,yes,,,,yes,yes,,yes,yes,yes,limited,,,,,,yes,,,,,,,,,,,,,,,,,,,,,,https://www.wallride.at/filiale-tschengla/,,,,,,,,yes,,,,,,,,,,yes,,yes,,,,,,,,,,,,,,,,,yes,,,,,,,,,,,,,,,,,,,,,,,,,,,,,,,,,,,,,,,,,,,yes,yes,yes,,,,,,,,,,,,,,,,,,,,,,,,yes,,,,,,,,,,,yes,,,,,,,,,,,,,,"{""type"":""Point"",""coordinates"":[9.7608536,47.1459558]}"
Feature,node/11214161119,Kramsach,4,6233,Winkl,,,bikefit.tirol,"Mo-Fr 09:00-12:00,13:00-17:00",,+43 677 634 441 44,,yes,yes,bicycle,https://bikefit.tirol,node/11214161119,,,,,,,yes,yes,,yes,,,,,,,,,,,,,,,,,,,,,,,,,,,,,,,,,yes,,,,,,,,,,,,,,,,,,,,,,,,,,,,,,,,,,,,,,,,,,,,,,,,,,,,,,,,,,,,,,,,,,,,,,,,,,,,,,,,,,,,,,,,,,,,,,,,,,,,,,,,,,,,,,,,,,,,,,,,,,,,,,,,,,,,"{""type"":""Point"",""coordinates"":[11.873543,47.4387342]}"
Feature,node/11222243715,Längenfeld,96,6444,,,,Zweirad Hummel,,,,,,,bicycle,http://www.b-hummel.at/,node/11222243715,,,,AT,,,,,,,,,,,,,,,,,,,,,,,,Oberlängenfeld,,,,,,,,,,,,,,,,,,,,,,,,,,,,,,,,,,,,,,,,,,,,,,,,,,,,,,,,,,,,,,,,,,,,,,,,,,,,,,,,,,,,,,,,,,,,,,,,,,,,,,,,,,,,,,,,,,,,,,,,,,,,,,,,,,,,,,,,,,,,,,,,,,,"{""type"":""Point"",""coordinates"":[10.9685317,47.0679944]}"
Feature,node/11222273862,Wien,9,1110,Jedletzbergerstraße,,,CUBE Store Wien Ost by Multicycle,"Tu-Fr 10:00-18:30; Sa 09:00-16:00; Su,Mo,PH off",Multicycle,+43 720 779900027,yes,,yes,bicycle,https://multicycle.at/cube-store-wien-ost/,node/11222273862,,yes,,,yes,,,yes,yes,yes,,,yes,,,,,,wien-ost@multicycle.de,,,,,,,,,,,,,,yes,,,,,,,,yes,,yes,,,,,,,,,,,,,,,,,,,,,,,,,,,,,,,,,,,,,,,,,,,,,,,,,,,,,,,,,,,,,,,,,,,,,,,,,,,,,,,,,,,,,,,,,,,,,,,,,,,,,,,,,,,,,,,,,,,,,,,2023-09-30,,,,,,,,,,,,,"{""type"":""Point"",""coordinates"":[16.4591442,48.170762]}"
Feature,node/11276632972,Wien,67,1040,Argentinierstraße,,re.bicycle@yahoo.de,re.bicycle,Mo-Th 13:00-18:00,,+436765608808,,,yes,bicycle,,node/11276632972,,,,,,,,,,yes,yes,,,,yes,,,2026-03-22,,,,,,,,,,,,,,,,,,,,,,,yes,,,,,,,,,,,,,,,,,,,,,,,,,,,,,,,,,,,,,,,,,,,,,,,,,,,,,,,,,,,,,,,,,,,,,,,,,,,,,,,,,,,,,,,,,,,,,,,,,,,,,,,,,,,,,,,,,,,,,,,,,,,,,,,,,,,,,,"{""type"":""Point"",""coordinates"":[16.3771363,48.1878258]}"
Feature,node/11279915542,Wiener Neudorf,1,2351,Bahnstraße,,,m-way,Mo-Fr 10:00-18:00; Sa 09:00-18:00,,,,,yes,bicycle,https://m-way.at/filialen/wiener-neudorf/,node/11279915542,,,,AT,,,,,,,,,,,,,,,,,,,,,,,,,,,,,,,,,,,,,,,,,,,,,,,,,,,,,,,,,,,,,,,,,,,,,,,,,,,,,,,,,,,,,,,,,,,,,,,,,,,,,,,,,,,,,,,,,,,,,,,,,,,,,,,,,,,,,,,,,,,,,,,,,,,,,,,,,,,,,,,,,,,,,,,,,,,"{""type"":""Point"",""coordinates"":[16.3135144,48.0868166]}"
Feature,node/11345916675,Dornbirn,10,6850,Millöckergasse,,,SEPPcycles e.U.,"Tu 14:00-19:00; Th 10:00-12:00, 14:00-19:00, Sa 09:00-12:00; We, Fr ""nach Terminvereinbarung""; PH off",Josef Maierhofer,,yes,yes,yes,bicycle,,node/11345916675,,,,,,,,,yes,yes,yes,,,,yes,,,,werkstatt@seppcycles.com,,,,,,,,,,,,+4366473431433,,yes,,,,,,,,yes,yes,yes,https://www.seppcycles.com,,,,,,,,,,Pivot;Orbea;Unno;Sour,,,,,,,,,,,,,,,,,,,,,,,,,,,,,,,,,,,,,,,,,,,,,,,,,,,,,,,,,,,,,,,,,,,,,,,,,,,yes,,,,,,,,,,,,,,,,,,,,,,,,,,,,,,,,,,,,,,,,,,,,,,"{""type"":""Point"",""coordinates"":[9.7243333,47.4123836]}"
Feature,node/11363612687,Wien,7,1140,Albert-Schweitzer-Gasse,,,CUBE Store Wien West by Multicycle,"tu-Fr 10:00-18:30; Sa 09:00-16:00; Su,Mo,PH off",Multicycle,+43 720 779900030,yes,yes,yes,bicycle,,node/11363612687,,yes,,,yes,,yes,yes,yes,yes,,,yes,,,,,,wien-west@multicycle.at,,,,,,,,,,,,,,yes,,,,,,,,yes,,yes,https://multicycle.at/cube-store-wien-west/,,,,,,,,,,,,,,,,,,yes,,,,,,,,,,,,,2023-11-24,,,,,,,,,,,,,,,,,,,,,,,,,,,,,,,,,,,,,,,,,,,,,,,,,,,,,,,,,,,,,,,,,,,,,,,,,,,,,,,,,,,,,,,,,,,,,,,,,,,,"{""type"":""Point"",""coordinates"":[16.219052,48.2071137]}"
Feature,node/11383381720,St. Pölten,5,3100,Daniel Gran-Straße,,,Trek,,,,,,,bicycle,,node/11383381720,,,,,,,,,,,,,,,,,,,,,,,,,,,,,,,,,,,,,,,,,,,,,,,,,,,,,Trek Bicycle Store,Trek,Q1067617,,,,,,,,,,,,,,,,,,,,,,,,,,,,,,,,,,,,,,,,,,,,,,,,,,,,,,,,,,,,,,,,,,,,,,,,,,,,,,,,,,,,,,,,,,,,,,,,,,,,,,,,,,,,,,,,,,,,,,,,"{""type"":""Point"",""coordinates"":[15.6328368,48.2097346]}"
Feature,node/11414085848,Korneuburg,1,2100,Industriestraße,,,e-motion e-Bike Welt Wien Nord,,,+43 2262 23641110,,,,bicycle,https://emotion-technologies.at/wien-nord/,node/11414085848,,,,,,,,,,,,,,,,,,,,,,,,,,,,,,,,,,,,,,,,,,,,,,,,,,,,,,,,,,,,,,,,,,,,,,,,,,,,,,,,,,,,,,,,,,,,,,,,,,,,,,,,,,,,,,,,,,,,,,,,,,,,,,,,,,,,,,,,,,,,,,,,,,,,,,,,,,,,,,,,,,,,,,,,,,,,,,,"{""type"":""Point"",""coordinates"":[16.3163801,48.3571111]}"
Feature,node/11414208439,Birkfeld,27,8190,Edelsee-Straße,,,Friesi's Bikery,,,+43317431105,,,,bicycle,https://www.friesis-bikery.at/,node/11414208439,,,,AT,,,,,,,,,,,,,,,,,,,,,,,,,,,,,,,,,,,,,,,,,,,,,,,,,,,,,,,,,,,,,,,,,,,,,,,,,,,,,,,,,,,,,,,,,,,,,,,,,,,,,,,,,,,,,,,,,,,,,,,,,,,,,,,,,,,,,,,,,,,,,,,,,,,,,,,,,,,,,,,,,,,,,,,,,,,"{""type"":""Point"",""coordinates"":[15.6980944,47.3570555]}"
Feature,node/11414340242,Bergheim,36,5101,Dorfstraße,,,Radsport Wagner,"Mo-Tu,We,Fr 09:00-12:00,13:00-18:00; Th 09:00-12:00; Sa 09:00-12:30; Su off",Radsport Wagner,,yes,yes,yes,bicycle,,node/11414340242,,yes,,AT,,,,,,,,,yes,yes,,yes,,,bergheim@radsport-wagner.at,,,,,,,,,,,,+43 662 42009820,,,,,"Fahrradfachgeschäft mit Verkauf, Werkstattservice und E-Bike-Angebot",,,,,,,,https://www.radsport-wagner.at/,,,,,,,,,,Specialized;BMC;Bianchi,,,,,,,,,,,,,,,,,,,,,,,,,,,yes,,,,,,,,,,,,,,,,,,,,,,,,,,,,,,,,,,,,,,,,,,,,,,,,,,,,,,,,,,,,,,,,,,,,,,,,,,,,,,,,,,yes,,,,,,,,,,,,"{""type"":""Point"",""coordinates"":[13.0300592,47.842602]}"
Feature,node/11415217649,Linz,8b,4020,Sandgasse,,,Sportler,,,+43 732 653495,,,,bicycle,https://www.sportler.at,node/11415217649,,,,,,,,,,,,,,,,,,,,,,,,,,,,,,,,,,,,,,,,,,,,,,,,,,,,,,Specialized,,,,,,,,,,,,,,,,,,,,,,,,,,,,,,,,,,,,,,,,,,,,,,,,,,,,,,,,,,,,,,,,,,,,,,,,,,,,,,,,,,,,,,,,,,,,,,,,,,,,,,,,,,,,,,,,,,,,,,,,,"{""type"":""Point"",""coordinates"":[14.2838046,48.2970089]}"
Feature,node/11417643902,,,,,,,WEEBIKE e.U.,,,,,,,bicycle,https://www.weebike.at/,node/11417643902,,,,,,,,,,,,,,,,,,,,,,,,,,,,,,,,,,,,,,,,,,,,,,,,,,,,,,,,,,,,,,,,,,,,,,,,,,,,,,,,,,,,,,,,,,,,,,,,,,,,,,,,,,,,,,,,,,,,,,,,,,,,,,,,,,,,,,,,,,,,,,,,,,,,,,,,,,,,,,,,,,,,,,,,,,,,,,,"{""type"":""Point"",""coordinates"":[14.8367314,48.4074283]}"
Feature,node/11419919469,,,,,,,Reinhard Haider,,,,,,,bicycle,,node/11419919469,,,,,,,,,,,,,,,,,,,,,,,,,,,,,,,,,,,,,,,,,,,,,,,,,,,,,,,,,,,,,,,,,,,,,,,,,,,,,,,,,,,,,,,,,,,,,,,,,,,,,,,,,,,,,,,,,,,,,,,,,,,,,,,,,,,,,,,,,,,,,,,,,,,,,,,,,,,,,,,,,,,,,,,,,,,,,,,"{""type"":""Point"",""coordinates"":[14.8378866,48.4069411]}"
Feature,node/11424975507,Wattens,1,6112,Andreas-Hofer-Straße,,,Tom Siller Cycles,,,+43 5224 53001,,,,bicycle,https://tomsiller.at/,node/11424975507,,,,,,,,,,,,,,,,,,,,,,,,,,,,,,,,,,,,,,,,,,,,,,,,,,,,,,Trek;Specialized;Scott;Giant,,,,,,,,,,,,,,,,,,,,,,,,,,,,,,,,,,,,,,,,,,,,,,,,,,,,,,,,,,,,,,,,,,,,,,,,,,,,,,,,,,,,,,,,,,,,,,,,,,,,,,,,,,,,,,,,,,,,,,,,,"{""type"":""Point"",""coordinates"":[11.5925212,47.2939709]}"
Feature,node/11519271322,Kalsdorf bei Graz,11,8401,Bahnhofstraße,,,Radl Schmidt,,,+43313555336,,,yes,bicycle,,node/11519271322,,,,,,,,,,,,,,,,,,,office@radl-schmidt.at,,,,,,,,,,,,,,,,,,,,,,,,,https://www.radl-schmidt.at/,,,,,,,,,,,,,,,,,,,,,,,,,,,,,,,,,,https://www.instagram.com/radlschmidt/,+436642604616,,,,,,,,,,,,,,,,,,,,,,,,,,,,,,,,,,,,,,,,,,,,,,,,,,,,,,,,,,,,,,,,,,,,,,,,,,,,,,,,,,,,,,,,,,,,,,,,"{""type"":""Point"",""coordinates"":[15.4760703,46.9643967]}"
Feature,node/11564713387,Wien,2,1020,Ilgplatz,2024-10-10,,Radbande Expositur,"Mo,Sa 10:00-14:00; Tu-Fr 09:00-13:00,14:00-19:00",,+43 664 1968484,,,yes,bicycle,https://radbande.at/,node/11564713387,,,,,,,,,,,,,yes,yes,,,,,,,0,,,,,,,,,,,,yes,,,,,,,,,,,,,,,,,,,,,,,,,,,,,,,,,,,,,,,,,,,,,,,,,,,,,,,,,,,,,,,,,,,,,,,,,,,,,,,,,,,,,,,,,,,,,,,,,,,,,,,,,,,,,,,,,,,,,,,,,,,,,,,,,,,,,,,,,,,,,,"{""type"":""Point"",""coordinates"":[16.4046002,48.219413]}"
Feature,node/11595437625,Sankt Gallen,161,8933,,2025-04-13,,Bici-Sport-Trantura,"Tu-Fr 09:00-12:00, 15:00-18:00; Sa 09:00-12:00",,,,,yes,bicycle,http://www.bici-sport.at/,node/11595437625,,yes,,AT,,,,,,,,,,,,,,,,,,,,,,,,Markt,,,+43 664 311 32 35,,,,,,,,,,,,,,,,,,,,,,,,,,,,,,,,,,,,,,,,,,,,,,,,,,,,,,,,,,,,,,,,,,,,,,,,,,,,,,,,,,,,,,,,,,,,,,,,,,,,,,,,,,,,,,,,,,,,,,,,,,,,,,,,,,,,,,,,,,,,,,,,"{""type"":""Point"",""coordinates"":[14.6179191,47.6928014]}"
Feature,node/11607291132,,,,,,,Bike Zoo Zillertal,,,,,,,bicycle,https://www.bike-zoo.at/,node/11607291132,,,,,,,,,,,,,,,,,,,,,,,,,,,,,,,,,,,,,,,,,,,,,,,,,,,,,,,,,,,,,,,,,,,,,,,,,,,,,,,,,,,,,,,,,,,,,,,,,,,,,,,,,,,,,,,,,,,,,,,,,,,,,,,,,,,,,,,,,,,,,,,,,,,,,,,,,,,,,,,,,,,,,,,,,,,,,,,"{""type"":""Point"",""coordinates"":[11.8706608,47.2054229]}"
Feature,node/11646969358,,,,,,,Oli's Radwerkstatt,,,,,,,bicycle,,node/11646969358,,,,,,,,,,,,,,,,,,,,,,,,,,,,,,,,,,,,,,,,,,,,,,,,,,,,,,,,,,,,,,,,,,,,,,,,,,,,,,,,,,,,,,,,,,,,,,,,,,,,,,,,,,,,,,,,,,,,,,,,,,,,,,,,,,,,,,,,,,,,,,,,,,,,,,,,,,,,,,,,,,,,,,,,,,,,,,,"{""type"":""Point"",""coordinates"":[14.7972797,46.5998026]}"
Feature,node/11653453781,,,,,,,AF RAD,,,,,,,bicycle,,node/11653453781,,,,,,,,,,,,,,,,,,,,,,,,,,,,,,,,,,,,,,,,,,,,,,,,,,,,,,,,,,,,,,,,,,,,,,,,,,,,,,,,,,,,,,,,,,,,,,,,,,,,,,,,,,,,,,,,,,,,,,,,,,,,,,,,,,,,,,,,,,,,,,,,,,,,,,,,,,,,,,,,,,,,,,,,,,,,,,,"{""type"":""Point"",""coordinates"":[15.7598821,48.1993976]}"
Feature,node/11674318739,Wien,27,1020,Springergasse,,,Rad Fux,"Mo-Mi 10:00-12:00, 14:00-18:00; Fr 10:00-12:00, 14:00-18:00",,+43 6601569903,,,yes,bicycle,https://www.radfux.wien,node/11674318739,,,,,,,,,,,,,,,,no,,2022-06-09,,,,,,,,,,,,,,,,,,,,,,,,,,,,,,,,,,,,,,,,,,,,,,,,,,,,,,,,,,,,,,,,,,,,,,,,,,,,,,,,,,,,,,,,,,,,,,,,,,,,,,,,,,,,,,,,,,,,,,,,,,,,,,,,,,,,,,,,,,,,,,,,,,,,,,,,,,,,,"{""type"":""Point"",""coordinates"":[16.3881976,48.2234553]}"
Feature,node/11679023204,Wien,5,1020,Lassallestraße,,,Bentho eBikes,Tu-Fr 10:00-18:00; Sa 09:30-15:00,,,,,yes,bicycle,https://www.bentho.at/,node/11679023204,,,,AT,,,,,,,,,,,no,yes,,2025-09-04,,,,,,,,,,,,,,,,,,,,,,,,,,,,,,,,,,,,,,,,,,,,,,,,,,,,,,,,,,,,,,,,,,,,,,,,,,,,,,,,,,,,,,,,,,,,,,,,,,,,,,,,,,,,,,,,,,,,,,,,,,,,,,,,,,,,,,,,,,,,,,,,,,,,,,,,,,,,,"{""type"":""Point"",""coordinates"":[16.3966186,48.2217081]}"
Feature,node/11685783644,Wien,124,1060,Linke Wienzeile,,fahrrad-ski@chello.at,Fahrrad + Ski,"Mo-Fr 10:00-13:00,14:00-18:00; Sa 09:00-12:30",Dipl. Sportlehrer Heinz Csarmann,+4315978288,,,yes,bicycle,https://www.fahrrad-ski.at/,node/11685783644,,yes,yes,AT,,,,,,,,,,,yes,,,,,,,,,,,,,,,,,,,,,,,,,,,,,,,,,,,,,,,,,,,,,,,,,,,,,,,,,,,+436641004659,1985,,,,,,,,,,,,,,,,,,,,,,,,,,,,,,,,,,,,,,,,,,,,,,,,,,,,,,,,,,,,,,,,,,,,,,,,,,,,,,,,,,,,,,,,,,,,,,,,,,,,"{""type"":""Point"",""coordinates"":[16.3527866,48.1910789]}"
Feature,node/11687737766,,,,,,,bikesupport,"Mo,We-Fr 10:00-18:00",,,,,,bicycle,,node/11687737766,,,,,,,,,,,,,,,,,,,,,,,,,,,,,,,,,,,,,,,,,,,,,,,,,,,,,,,,,,,,,,,,,,,,,,,,,,,,,,,,,,,,,,,,,,,,,,,,,,,,,,,,,,,,,,,,,,,,,,,,,,,,,,,,,,,,,,,,,,,,,,,,,,,,,,,,,,,,,,,,,,,,,,,,,,,,,,,"{""type"":""Point"",""coordinates"":[14.3041382,48.3270026]}"
Feature,node/11737090175,,,,,,rankweil@wallride.at,Wallride Core Mountainbike Store,"Tu-Fr 09:00-12:00,14:00-18:00; Sa 09:00-12:00",,+43552225408,,,yes,bicycle,https://www.wallride.at,node/11737090175,,yes,no,,,,,,,,,,yes,yes,,limited,,,,,,,,,,,,,,,,,,,,,,,,,,,,,,,,,,,,,,,,,,,,,,,,,,,,,,,,,,,,,,,,,,,,,,,,,,,,,,,,,,,,,,,,,,,,,,,,,,,,,,,,,,,,,,,,,,,,,,,,,,,,,,,,,,,,,,,,,,,,,,,,,,,,,,,,,,,,,,,"{""type"":""Point"",""coordinates"":[9.6454756,47.2738831]}"
Feature,node/11769252896,Niederndorf,26,6342,Audorfer Straße,2024-04-06,info@inntal-bike-fit.com,Inntal Bike Fit,,,+43 664 2371208,,,,bicycle,https://www.inntal-bike-fit.com,node/11769252896,,,,,,,,,,,,,,,,,,,,,,,,,,,,,,,,,,,,,,,,,,,,,,,,,,,,,,,,,,,,,,,,,,,,,,,,,,,,,,,,,,,,,,,,,,,,,,,,,,,,,,,,,,,,,,,,,,,,,,,,,,,,,,,,,,,,,,,,,,,,,,,,,,,,,,,,,,,,,,,,,,,,,,,,,,,,,,,"{""type"":""Point"",""coordinates"":[12.2043287,47.6481354]}"
Feature,node/11782396998,Leibnitz,19,8430,Bahnhofstraße,,,raDL sport,,Dietmar Lampl,+43 3452 74602,,,,bicycle,,node/11782396998,,,,,,,,,,,,,,,,,,,,,,,,,,,,,,,,,,,,,,,,,,,,,,,,,,,,,,,,,,,,,,,,,,,,,,,,,,,,,,,,,,,,,,,,,,,,,,,,,,,,,,,,,,,,,,,,,,,,,,,,,,,,,,,,,,,,,,,,,,,,,,,,,,,,,,,,,,,,,,,,,,,,,,,,,,,,,,,"{""type"":""Point"",""coordinates"":[15.5453064,46.7827594]}"
Feature,node/11824129578,,,,,,michi@armadillos.at,Armadillos Bikes & Muffins,"Tu-Fr 09:00-12:00,14:00-18:00; Sa 09:00-12:00",,+43 664 1404334,,,,bicycle,https://www.armadillos.at/,node/11824129578,,,,,,,,,,,,,,,,,,,,,,,,,,,,,,,,,,,,,,,,,,,,,,,,,,,,,,,,,,,,,,,,,,,,,,,,,,,,,,,,,,,,,,,,,,,,,,,,,,,,,,,,,,,,,,,,,,,,,,,,,,,,,,,,,,,,,,,,,,,,,,,,,,,,,,,,,,,,,,,,,,,,,,,,,,,,,,,"{""type"":""Point"",""coordinates"":[13.7644051,47.9010496]}"
Feature,node/11906974069,Pettnau,1,6408,Feldweg,,,PW CICLE,,,,,,,bicycle,,node/11906974069,,,,AT,,,,,,,,,,,,,,,,,,,,,,,,,,,,,,,,,,,,,,,,,,,,,,,,,,,,,,,,,,,,,,,,,,,,,,,,,,,,,,,,,,,,,,,,,,,,,,,,,,,,,,,,,,,,,,,,,,,,,,,,,,,,,,,,,,,,,,,,,,,,,,,,,,,,,,,,,,,,,,,,,,,,,,,,,,,"{""type"":""Point"",""coordinates"":[11.1590521,47.2913767]}"
Feature,node/11958792832,,,,,,,Bikesport-Pröll,"Mo-Fr 09:00-12:00, 15:00-18:00; Sa 09:00-12:00",,,,,,bicycle,https://www.bikesport-proell.at/,node/11958792832,,,,,,,,,,,,,,,,,,,,,,,,,,,,,,,+43 650 333 4929,,,,,,,,,,,,,,,,,,,,,,,,,,,,,,,,,,,,,,,,,,,,,,,,,,,,,,,,,,,,,,,,,,,,,,,,,,,,,,,,,,,,,,,,,,,,,,,,,,,,,,,,,,,,,,,,,,,,,,,,,,,,,,,,,,,,,,,,,,,,,,,,"{""type"":""Point"",""coordinates"":[14.0164875,47.9627408]}"
Feature,node/11974931733,,,,,,,Velothek,"Mo,Th,Sa 09:00-12:00, Mo 15:00-18:00",,,,,,bicycle,,node/11974931733,,,,,,,,,,,,,,,no,,,,,,,,,,,,,,,,,,,,,,,,,,,,,,,,,,,,,,,,,,,,,,,,,,,,,,,,,,,,,,,,,,,,,,,,,,,,,,,,,,,,,,,,,,,,,,,,,,,,,,,,,,,,,,,,,,,,,,,,,,,,,,,,,,,,,,,,,,,,,,,,,,,,,,,,,,,,,,,,"{""type"":""Point"",""coordinates"":[16.5067876,47.4976498]}"
Feature,node/11989468971,,22,5091,Unkenberg,,,Martin`s bike shop gmbh,,,,,,,bicycle,,node/11989468971,,,,,,,,,,,,,,,,,,,,,,,,,,,,,,,,,,,,,,,,,,,,,,,,,,,,,,,,,,,,,,,,,,,,,,,,,,,,,,,,,,,,,,,,,,,,,,,,,,,,,,,,,,,,,,,,,,,,,,,,,,,,,,,,,,,,,,,,,,,,,,,,,,,,,,,,,,,,,,,,,,,,,,,,,,,,,,,"{""type"":""Point"",""coordinates"":[12.7150657,47.6434704]}"
Feature,node/12009320259,Linz,1,4040,Heilhamer Straße,,,Velodom,"Mo-Fr 09:00-13:00,14:00-18:00",,,,,,bicycle,https://velodom.bike/,node/12009320259,,,,,,,,,,,,,,,,,,,,,,,,,,,,,,,,,,,,,,,,,,,,,,,,,,,,,,,,,,,,,,,,,,,,,,,,,,,,,,,,,,,,,,,,,,,,,,,,,,,,,,,,,,,,,,,,,,,,,,,,,,,,,,,,,,,,,,,,,,,,,,,,,,,,,,,,,,,,,,,,,,,,,,,,,,,,,,,"{""type"":""Point"",""coordinates"":[14.2923951,48.3189002]}"
Feature,node/12015516264,Mellau,567,6881,,,,Sport Broger – Premium Cubestore Bregenzerwald,"Mo-Fr 08:00-12:00,14:00-18:00; Sa 08:00-12:00",Sport Broger GMBH,,,,,bicycle,https://www.sportbroger.com/,node/12015516264,,,,AT,,,,,,,,,,,,,,,hallo@sportbroger.at,,-1;0,,,,,,,In der Mellen,,,+43 5518 2240,,,,,,,,,,,,,,,,,,,,,,,Cube,Q442816,,,,,,,,,,,,,,,,,,,,,,,,,,,,,,,,,,,,,,,,,,,,,,,,,,,,,,ATU79416669,,,,,,,,,,,,,,,,,,,,,,,,,,,,,,,,,,,,,,,,,,,,,,,,,,,,,,,,,,,,,,,,,,"{""type"":""Point"",""coordinates"":[9.8795188,47.3573556]}"
Feature,node/12025642642,Salzburg,8A,5020,Vogelweiderstraße,,,5020byx,,,,,,yes,bicycle,https://vw8.at/partner/5020byx/,node/12025642642,,,,AT,,,,,,,,,,,,,,,,,,,,,,,,,,,,,,,,,,,,,,,,,,,,,,,,,,,,,,,,,,,,,,,,,,,,,,+43 677 64118745,,,,,,,,,,,,,,,,,,,,,,,,,,,,,,,,,,,,,,,,,,,,,,,,,,,,,,,,,,,,,,,,,,,,,,,,,,,,,,,,,,,,,,,,,,,,,,,,,,,,,"{""type"":""Point"",""coordinates"":[13.055814,47.8077199]}"
Feature,node/12027868778,Weiler,7,6837,Herrengasse,,,Bikershop Weiler Erath,"Mo,Fr 09:00-12:00,14:00-18:00; Th 15:00-18:00; Sa 09:00-12:00",,,,,yes,bicycle,https://www.erath.co.at/,node/12027868778,,yes,yes,AT,,,,,,,,,,,,,,,elmar.erath@gmx.at,,,,,,,,,,,,+43 5523 2166070,,,,,,,,,,,,,,,,,,,,,,,,,,,,,,,,,,,,,,,,,,,,,,,,,,,,,,,,,,,,,,,,,,,,,,,,,,,,,,,,,,,,,,,,,,,,,,,,,,,,,,,,,,,,,,,,,,,,,,,,,,,,,,,,,,,,,,,,,,,,,,,,"{""type"":""Point"",""coordinates"":[9.6546153,47.3041635]}"
Feature,node/12063052968,,,,,,,Karlinger Racingbikes,"""nach Terminvereinbarung""",Jonas Karlinger,,,,yes,bicycle,,node/12063052968,,,yes,,,,,,,,,,,,,,,,karlinger.bicycle@gmx.at,,,yes,,,,,,,,,,,,,,,,,,,,,,https://www.karlinger-racingbikes.at/,,,,,,,,,,,,,,,,,,,,,,,,,,,,,,,,,,,+43 664 1620860,,,,,,,,,,,,,,,,,,,,,,,,,,,,,,,,,,,,,,,,,,,,,,,,,,,,,,,,,,,,,,,,,,,,,,,,,,,,,,,,,,,,,,,,,,,,,,,,"{""type"":""Point"",""coordinates"":[9.7369907,47.4311483]}"
Feature,node/12102036693,,,,,,office@metzler-wheels.at,Metzler Wheels,"Mo off; Tu-Fr 10:00-12:00,13:00-18:00; Sa,Su,PH off",,+43 5524 30 8 97,,,yes,bicycle,https://www.metzler-wheels.at,node/12102036693,,yes,,,,yes,,,,,,,,,,yes,,,,,,,,,,,,,,,,,,,,,,,,,,,,,,,,,,,,,,,,,,,,,,,,,,,,,,,,,,+43 660 762 67 49,,,,,,,,,,,,,,,,,,,,,,,,,,,,,,,,,,,,,,,,,,,,,,,,,,,,,,,,,,,,,,,,,,,,,,,,,,,,,,,,,,,,,,,,,,,,,,,,,,,,,"{""type"":""Point"",""coordinates"":[9.6987214,47.1989276]}"
Feature,node/12104305851,,,,,,office@mariosbike.com,Mario’s Bike,"Mo,Tu,We,Fr 09:00-12:00,14:00-18:00; Th,Sa 09:00-12:00",,+43 5576 77187,,,yes,bicycle,https://www.marios-bike.at/,node/12104305851,,yes,no,,,,,,,,,,,,,,,,,,,,,,,,,,,,,,,,,,,,,,,,,,,,,,,,,,,,,,,,,,,,,,,,,,,,,,,,,,,,,,,,,,,,,,,,,,,,,,,,,,,,,,,,,,,,,,,,,,,,,,,,,,,,,,,,,,,,,,,,,,,,,,,,,,,,,,,,,,,,,,,,,,,,,,,,,,,,"{""type"":""Point"",""coordinates"":[9.6894987,47.3641806]}"
Feature,node/12122637154,,,,,,,Edelsten,Mo-Fr 14:00-17:00,,,,,,bicycle,https://www.edelstenbikes.com/,node/12122637154,,,,,,,,,,,,,,,,,,,,,,,,,,,,,,,,,,,,,,,,,,,,,,,,,,,,,,,,,,,,,,,,,,,,,,,,,,,,,,,,,,,,,,,,,,,,,,,,,,,,,,,,,,,,,,,,,,,,,,,,,,,,,,,,,,,,,,,,,,,,,,,,,,,,,,,,,,,,,,,,,,,,,,,,,,,,,,,"{""type"":""Point"",""coordinates"":[11.3972115,47.2577114]}"
Feature,node/12154303795,,,,,,,,,,,,,,bicycle,,node/12154303795,,,,,,,,,,,,,,,,,,,,,,,,,,,,,,,,,,,,,,,,,,,,,,,,,,,,,,,,,,,,,,,,,,,,,,,,,,,,,,,,,,,,,,,,,,,,,,,,,,,,,,,,,,,,,,,,,,,,,,,,,,,,,,,,,,,,,,,,,,,,,,,,,,,,,,,,,,,,,,,,,,,,,,,,,,,,,,,"{""type"":""Point"",""coordinates"":[15.6742834,47.6066311]}"
Feature,node/12194138840,Graz,68,8010,Waltendorfer Hauptstraße,,office@tretoria.at,TRETORiA,"Mo,Fr 14:00-18:00; Tu,Th 10:00-13:00,14:00-18:00; We,Sa,Su off",Simon Fally & Christoph Hauer,+43 660 32 05 125,,,yes,bicycle,https://www.tretoria.at/,node/12194138840,,,,AT,,,,,,,yes,,,,yes,,,,,,,,,,,,,,,,,,,,,,,,,,,,,,,,,,,,,,,,,,,,,,,,,,,,,,,,,,,,,,,,,,,,,,,,,,,,,,,,,,,,,,,,,,,,,,,,,,,,,,,,,,,,,,,,,,,,,,,,,,,,,,,,,,,,,,,,,,,,,,,,,,,,,,,,,,,,,,,,"{""type"":""Point"",""coordinates"":[15.4788099,47.0664078]}"
Feature,node/12202346857,Maishofen,4,5751,Saalhofstraße,,info@bigtime-sport.at,BIG TIME SPORT GMBH · BIKE & SKI,,,+43 6542 680 70,,,,bicycle,https://bigtime-sport.at/,node/12202346857,,yes,,,,,,,,,,,,,,,,,,,,yes,,,,,,,,,,,,,,,,,,,,,,,,,,,,,,,,,,,,,,,,,,,,,,,,,,,,,,,,,,,,,,,,,,,,,,,,,,,,,,,,,,,,,,,,,,,,,,,,,,,,,,,,,,,,,,,,,,,,,,,,,,,,,,,,,,,,,,,,,,,,,,,,,,,,,,,,,"{""type"":""Point"",""coordinates"":[12.8043322,47.360948]}"
Feature,node/12208640017,,,,,,,Radsport Steixner,,,,,,,bicycle,https://www.radsport-steixner.at/,node/12208640017,,,,,,,,,,,,,,,,,,,,,,,,,,,,,,,,,,,,,,,,,,,,,,,,,,,,,,,,,,,,,,,,,,,,,,,,,,,,,,,,,,,,,,,,,,,,,,,,,,,,,,,,,,,,,,,,,,,,,,,,,,,,,,,,,,,,,,,,,,,,,,,,,,,,,,,,,,,,,,,,,,,,,,,,,,,,,,,"{""type"":""Point"",""coordinates"":[11.3486966,47.1537032]}"
Feature,node/12209038371,,13,,Treustraße,2024-09-29,,Werkstat,,,,,,yes,bicycle,,node/12209038371,,,,,,,,,,,,,,,,no,,,,,,,,,,,,,,,,,,,,,,,,,,,,,,,,,,,,,,,,,,,,,,,,,,,,,,,,,,,,,,,,,,,,,,,,,,,,,,,,,,,,,,,,,,,,,,,,,,,,,,,,,,,,,,,,,,,,,,,,,,,,,,,,,,,,,,,,,,,,,,,,,,,,,,,,,,,,,,,"{""type"":""Point"",""coordinates"":[16.3677721,48.2275344]}"
Feature,node/12213981160,Graz,23,8010,Neutorgasse,2026-04-13,officebananabikes@gmail.com,Banana Bikes,"Mo,Sa-Su,PH off; Tu-Th 12:00-19:00; Fr 14:00-18:00",Jürgen Lorenz Reinsperger,+43 677 625 82 064,,,yes,bicycle,https://bananabikes.at/,node/12213981160,,,,AT,,,,,,,yes,,,,yes,limited,,,,,0,,,,,,survey,,,,,,,,,,,,,,,,,,,,,,,,,,,,,,,,,,,,,,,,,,,,,,,,,,,,,,,,,,,,,,,,,,,,,,,,,,,,,,,,,,,,,,,,,,,,,,,,,,,,,,,,,,,,,,,,,,,,,,,,,,,,,,,,,,,,,,,,,,,,,,,,,,,,"{""type"":""Point"",""coordinates"":[15.4361947,47.0701973]}"
Feature,node/12253327210,Köngswiesen,16,4280,Schulstraße,,jakob@weebike.at,Weebike,"Mo,Fr 09:00-12:00,14:00-18:00",,+43 664 75102166,,,,bicycle,https://www.weebike.at/,node/12253327210,,,,,,,,,,,,,,,,,,,,,,,,,,,,,,,,,,,,,,,,,,,,,,,,,,,,,,,,,,,,,,,,,,,,,,,,,,,,,,,,,,,,,,,,,,,,,,,,,,,,,,,,,,,,,,,,,,,,,,,,,,,,,,,,,,,,,,,,,,,,,,,,,,,,,,,,,,,,,,,,,,,,,,,,,,,,,,,"{""type"":""Point"",""coordinates"":[14.8378124,48.4087906]}"
Feature,node/12294191121,,,,,,,Sport Röhm,,,,,,,bicycle,,node/12294191121,,,,,,,,,,,,,,,,,,,,,,,,,,,,,,,,,,,,,,,,,,,,,,,,,,,,,,,,,,,,,,,,,,,,,,,,,,,,,,,,,,,,,,,,,,,,,,,,,,,,,,,,,,,,,,,,,,,,,,,,,,,,,,,,,,,,,,,,,,,,,,,,,,,,,,,,,,,,,,,,,,,,,,,,,,,,,,,"{""type"":""Point"",""coordinates"":[16.9037094,48.6036923]}"
Feature,node/12301574235,,,,,,,Wipprad - Jürgen Gstraunthaler,,,,,,,bicycle,,node/12301574235,,,,,,,,,,,,,,,,,,,,,,,,,,,,,,,,,,,,,,,,,,,,,,,,,,,,,,,,,,,,,,,,,,,,,,,,,,,,,,,,,,,,,,,,,,,,,,,,,,,,,,,,,,,,,,,,,,,,,,,,,,,,,,,,,,,,,,,,,,,,,,,,,,,,,,,,,,,,,,,,,,,,,,,,,,,,,,,"{""type"":""Point"",""coordinates"":[11.4678195,47.0883626]}"
Feature,node/12309148107,,,,,2024-11-03,,Team Comp,,,+43 650 9403617,,,,bicycle,,node/12309148107,,,,,,,,,,,,,,,,,,,,,,,,,,,,,,,,,,,,,,,,,,,,,,,,,,,,,,,,,,,,,,,,,,,,,,,,,,,,,,,,,,,,,,,,,,,,,,,,,,,,,,,,,,,,,,,,,,,,,,,,,,,,,,,,,,,,,,,,,,,,,,,,,,,,,,,,,,,,,,,,,,,,,,,,,,,,,,,"{""type"":""Point"",""coordinates"":[12.3997397,47.443693]}"
Feature,node/12336873848,,28,,,,,Robert's Radservice,,,,,,,bicycle,,node/12336873848,,,,,,,,,,,,,,,,,,,,,,,,,,,,,,,,,,,,,,,,,,,,,,,,,,,,,,,,,,,,,,,,,,,,,,,,,,,,,,,,,,,,,,,,,,,,,,,,,,,,,,,,,,,,,,,,,,,,,,,,,,,,,,,,,,,,,,,,,,,,,,,,,,,,,,,,,,,,,,,,,,,,,,,,,,,,,,,"{""type"":""Point"",""coordinates"":[15.358885,48.9351971]}"
Feature,node/12384300230,,,,,,,Trek,,,,,,,bicycle,,node/12384300230,,,,,,,,,,,,,,,,,,,,,,,,,,,,,,,,,,,,,,,,,,,,,,,,,,,,,Trek Bicycle Store,Trek,Q1067617,,,,,,,,,,,,,,,,,,,,,,,,,,,,,,,,,,,,,,,,,,,,,,,,,,,,,,,,,,,,,,,,,,,,,,,,,,,,,,,,,,,,,,,,,,,,,,,,,,,,,Spittal,,,,,,,,,,,,,,,,,,,"{""type"":""Point"",""coordinates"":[13.4975213,46.798795]}"
Feature,node/12384318678,,,,,,,Trek,,,,,,,bicycle,,node/12384318678,,,,,,,,,,,,,,,,,,,,,,,,,,,,,,,,,,,,,,,,,,,,,,,,,,,,,Trek Bicycle Store,Trek,Q1067617,,,,,,,,,,,,,,,,,,,,,,,,,,,,,,,,,,,,,,,,,,,,,,,,,,,,,,,,,,,,,,,,,,,,,,,,,,,,,,,,,,,,,,,,,,,,,,,,,,,,,Bruck an der Mur,,,,,,,,,,,,,,,,,,,"{""type"":""Point"",""coordinates"":[15.2736306,47.416792]}"
Feature,node/12387773800,Wien,13,1070,Lerchenfelder Straße,2025-07-26,,Brompton Junction Vienna,Tu-Fr 11:00-19:00; Sa 11:00-17:00,,,,,,bicycle,,node/12387773800,,,,,,,,,,,,,,,,,,,,,,,,,,,,,,,,,,,,,,,,,,,,,,,,,,,,,,,,,,,,,,,,,,,,,,,,,,,,,,,,,,,,,,,,,,,,,,,,,,,,,,,,,,,,,,,,,,,,,,,,,,,,,,,,,,,,,,,,,,,,,,,,,,,,,,,,,,,,,,,,,,,,https://www.instagram.com/bromptonjunctionvienna/,,,,,,,,,,,"{""type"":""Point"",""coordinates"":[16.3527736,48.2063566]}"
Feature,node/12520100067,Rum,13,6063,Siemensstraße,,innsbruck@multicycle.at,CUBE Store Innsbruck by Multicycle,,Multicycle,,yes,,yes,bicycle,https://https://multicycle.at/innsbruck/,node/12520100067,,,,,yes,,,,,,,,yes,,,,,,,,0,,,,,,,,,,,,yes,,,,,,,,,,yes,,,,,,,,,,,,,,,,,,,,,,,,,,,,,,,,,,,,,,,,,,,,,,,,,,,,,,,,,,,,,,,,,,,,,,,,,,,,,,,,,,,,,,,,,,,,,,,,,,,,,,,,,,,,,,,,,,,,,,,,,,,,,,,,,,,,"{""type"":""Point"",""coordinates"":[11.4542389,47.2740923]}"
Feature,node/12529818375,,,,,,,Iko Bike und Mountainworld (Corratec),Mo-Fr 09:00-18:30; Sa 09:00-17:00,,,,,,bicycle,,node/12529818375,,,,,,,,,,,,,,,yes,,,2026-03-02,,,,,,,,,,,,,,,,,,,,,,,,,,,,,,,,,,,,,,,,,,,,,,,,,,,,,,,,,,,,,,,,,,,,,,,,,,,,,,,,,,,,,,,,,,,,,,,,,,,,,,,,,,,,,,,,,,,,,,,,,,,,,,,,,,,,,,,,,,,,,,,,,,,,,,,,,,,,,"{""type"":""Point"",""coordinates"":[13.1072526,47.8516652]}"
Feature,node/12531628801,,,,,,,Zweirad Koch,,,,,,,bicycle,,node/12531628801,,,,,,,,,,,,,,,,,,,,,,,,,,,,,,,,,,,,,,,,,,,,,,,,,,,,,,,,,,,,,,,,,,,,,,,,,,,,,,,,,,,,,,,,,,,,,,,,,,,,,,,,,,,,,,,,,,,,,,,,,,,,,,,,,,,,,,,,,,,,,,,,,,,,,,,,,,,,,,,,,,,,,,,,,,,,,,,"{""type"":""Point"",""coordinates"":[14.498452,48.2470539]}"
Feature,node/12565622429,Wien,82,1090,Nußdorfer Straße,,,Church of Bikes,"""nach Terminvereinbarung""",,,,,yes,bicycle,https://www.churchofbikes.com/,node/12565622429,,yes,,AT,,,,,,,,,,,,,,,,,,,,,,,,,,,,,,,,,,,,,,,,,,,,,,,,,,,,,,,,,,,,,,,,,,,,,,+43 677 619 071 23,,,,,,,,,,,,,,,,,,,,,,,,,,,,,,,,2,,,,,,,,,,,,,,,,,,,,,,,,,,,,,,,,,,,,,,,,,,,,,,,,,,,,,,,,,,,,,,,,,,,,,"{""type"":""Point"",""coordinates"":[16.3547628,48.2295811]}"
Feature,node/12741351203,Wiener Neustadt,26,2700,Neunkirchner Straße,,,Alvocycle,"Mo-Fr 09:00-12:30,13:30-18:00; Sa 09:00-12:30; PH off",,,,,yes,bicycle,https://www.alvocycle.at/,node/12741351203,,yes,,,,,,,,,,,,,,,,,,,,,,,,,,,,,,,,,,,,,,,,,,,,,,,,,,,,,,,,,,,,,,,,,,,,,,,,,,,,,,,,,,,,,,,,,,,,,,,,,,,,,,,,,,,,,,,,,,,,,,,,,,,,,,,,,,,,,,,,,,,,,,,,,,,,,,,,,,,,,,,,,,,,,,,,,,,,,"{""type"":""Point"",""coordinates"":[16.2435371,47.8107307]}"
Feature,node/12861205685,Kaltenbach,2,6272,Schmiedau,,,Bike Vital,,,,,,yes,bicycle,https://www.bike-vital.com/,node/12861205685,,yes,,AT,,,,,,,,,,,,,,,,,,yes,,,,,,,,,,,,,,,,,,,,,,,,,,,,,,,,,,,,,,,,,,,,,,,,,,,,,,,,,,,,,,,,,,,,,,,,,,,,,,,,,,,,,,,,,,,,,,,,,,,,,,,,,,,,,,,,,,,,,,,,,,,,,,,,,,,,,,,,,,,,,,,,,,,,,,,,,"{""type"":""Point"",""coordinates"":[11.8745567,47.2935523]}"
Feature,node/12879292563,,,,,,,Sportmike,Mo-Fr 09:00-18:00; Sa 09:00-13:00,,,,,,bicycle,,node/12879292563,,,,,,,,,,,,,,,yes,,,,,,,,,,,,,,,,,,,,,,,,,,,,,,,,,,,,,,,,,,,,,,,,,,,,,,,,,,,,,,,,,,,,,,,,,,,,,,,,,,,,,,,,,,,,,,,,,,,,,,,,,,,,,,,,,,,,,,,,,,,,,,,,,,,,,,,,,,,,,,,,,,,,,,,,,,,,,,,,"{""type"":""Point"",""coordinates"":[16.2149258,48.385524]}"
Feature,node/12889228019,Bregenz,9,6900,Deuringstrasse,,carsten@velomore.at,Velomore,Mo-Tu 08:00-18:00; Th 08:00-20:00; Fr 08:00-17:00,VELOMORE e.U.,+43 670 1877009,,,,bicycle,,node/12889228019,,,,,,,,,,,,,,,,,cafe,,,,,,,,,,,,,,,,,,,,,,,,,,,,,,,,,,,,,,,,,,,,,,,,,,,,,,,,,,,,,,,,,,,,,,,,,,,,,,,,,,,,,,,,,,,,,https://velomore.at/,,,,,,,,,,,,,,,,,,,,,,,,,,,,,,,,https://velomore.at/,,,,,,,,,,,,,,,,,,,,,,,,,,,,,,,,,"{""type"":""Point"",""coordinates"":[9.7479752,47.5024363]}"
Feature,node/12889492546,Freitadt,,4240,,,,Radsport Fischerlehner,,,,,,yes,bicycle,,node/12889492546,,,,,,,,,,,,,,,,,,,,,,,,,,,,,,,,,,,,,,,,,,,,,,,,,,,,,,,,,,,,,,,,,,,,,,,,,,,,,,,,,,,,,,,,,,,,,,,,,,,,,,,,,,,,,,,,,,,,,,,,,,,,,,,,,,,,,,,,,,,,,,,,,,,,,,,,,,,,,,,,,,,,,,,,,,,,,,,"{""type"":""Point"",""coordinates"":[14.4856764,48.4964008]}"
Feature,node/12916886890,Krems an der Donau,129,3500,Wiener Straße,,,Fitstore24,"Tu-Fr 09:00-12:00,14:00-18:00; Sa 09:00-13:00",,+43 2732 23555,,,yes,bicycle,https://www.fitstore24.com,node/12916886890,,yes,,AT,,,,,,,,,,,,yes,,,krems@fitstore24.com,,,,,,,,,,,,,,,,,,,,,,,,,,,,,,,,,,,,,,,,,,,,,,,,,,,,,,,,,,,,,,,,,,,,,,,,,,,,,,,,,,,,,,,,,,,,,,,,,,,,,,,,,,,,,,,,,,,,,,,,,,,,,,,,,,,,,,,,,,,,,,,,,,,,,,,,,,,,"{""type"":""Point"",""coordinates"":[15.6305368,48.4192801]}"
Feature,node/12926732198,,,,,,,E-BikeShop.Tirol,"Mo-Fr 09:00-12:00,13:00-17:00; Sa 09:00-12:00",,,only,,,bicycle,,node/12926732198,,yes,,,,,,,,,,,,,,,,,,,,yes,,,,,,,,,+43 660 7325009,,,,,,,,,,,,,https://ebike-shop.tirol,,,,,,,,,,,,,,,,,,,,,,,,,,,,,,,,,https://www.facebook.com/rentabike.tirol/,,,,,,,,,,,,,,,,,,,,,,,,,,,,,,,,,,,,,,yes,,,,,,,,,,,,,,,,,,,,,,,,,,,,,,,,,,,,,,,,,,,,,,,,,,,,,,,,,,,,"{""type"":""Point"",""coordinates"":[12.0145529,47.4734561]}"
Feature,node/12989107229,Wien,10,1160,Weyprechtgasse,,radliebewerkstatt@gmail.com,RadLiebe Werkstatt,Mo-Fr 10:00-19:00,Jakub Markowicz,+436765468614,,,yes,bicycle,,node/12989107229,,,,,,,,,,,,,,,,,,,,,,,,,,,,,,,,,,,,,,,,,,,,,,,,,,,,,,,,,,,,,,,,,,,,,,,,,,,,,,,,,,,,,,,,,,,,,,,,,,,,,,,,,,,,,,,,,,,,,,,,,,,,,,,,,,,,,,,,,,,,,,,,,,,,,,,,,,,,,,,,,,,,,,,,,,,,,,,"{""type"":""Point"",""coordinates"":[16.3346586,48.21426]}"
Feature,node/12993951135,,4,,Otto Hartmann-Straße,,bikemewerkstatt@gmail.com,Bike me Werkstatt,"""Termin nach telefonischer Vereinbarung""",,+43 670 4092886,,,yes,bicycle,,node/12993951135,,,,,,,,,,,,,,,,,,,,,,,,,,,,,,,,,,,,,,,,,,,,,,,,,,,,,,,,,,,,,,,,,,,,,,,,,,,,,https://www.facebook.com/Bikemewerkstatt,,,,,,,,,,,,,,,,,,,,,,,,,,,,,,,,,,,,,,,,,,,,,,,,,,,,,,,,,,,,,,,,,,,,,,,,,,,,,,,,,,,,,,,,,,,,,,,,,,"{""type"":""Point"",""coordinates"":[16.0860864,48.1801878]}"
Feature,node/12995416301,,,,,,,Veloce Cycles,"Mo-Fr 08:30-12:30, 14:30-18:00; Sa 08:30-12:00",,,,,,bicycle,,node/12995416301,,,,,,,,,,,,,,,,,,,,,,,,,,,,,,,,,,,,,,,,,,,,,,,,,,,,,,,,,,,,,,,,,,,,,,,,,,,,,,,,,,,,,,,,,,,,,,,,,,,,,,,,,,,,,,,,,,,,,,,,,,,,,,,,,,,,,,,,,,,,,,,,,,,,,,,,,,,,,,,,,,,,,,,,,,,,,,,"{""type"":""Point"",""coordinates"":[11.7985059,47.4044952]}"
Feature,node/12999352529,Hard,13,6971,Rheinstraße,,djsbikeshop@gmx.at,DJs Bikeshop,"Mo-Fr 08:00-12:00,14:00-18:00; Th 08:00-12:00; Sa 09:00-12:00; Su,PH off",Herbert Wurm,+43 5574 63601,,,yes,bicycle,,node/12999352529,,yes,,,,,,yes,,,,,,,,,,,,,,,,,,,,,,,,,,,,,,,,,,,yes,http://www.djs.bike,,,,,,,,,,,,,,,,,,,,,,,,,,,,,,,,,https://www.facebook.com/people/DJs-Bikeshop-Hard/100042942833877/,https://www.instagram.com/djsbikeshop/,,,,,,,,,,,,,,,,,,,,,,,,,,,,,,,,,,,,,,,,,,,,,,,,,,,,,,,,,,,,,,,,,,,,,,,,,,,,,,,,,,,,,,,,,,,,,,,,,"{""type"":""Point"",""coordinates"":[9.7026983,47.4881964]}"
Feature,node/13009350297,,,,,,,,,,,,,,bicycle,,node/13009350297,,,,,,,,,,,,,,,,,,,,,,,,,,,,,,,,,,,,,,,,,,,,,,,,,,,,,,,,,,,,,,,,,,,,,,,,,,,,,,,,,,,,,,,,,,,,,,,,,,,,,,,,,,,,,,,,,,,,,,,,,,,,,,,,,,,,,,,,,,,,,,,,,,,,,,,,,,,,,,,,,,,,,,,,,,,,,,,"{""type"":""Point"",""coordinates"":[14.0224368,48.1578726]}"
Feature,node/13036794171,Feistritz/Drau,250,9710,Villacher Straße(Feistritz/Dr),,,Sport's and Active Manfred Kolb,"Mo-Fr 09:00-13:00,14:00-17:00",Manfred Kolb,+436642815091,,,,bicycle,,node/13036794171,,,,,,,,,,,,,,,,,,,,,,,,,,,,,,,,,,,,,,,,,,,,,,,,,,,,,,,,,,,,,,,,,,,,,,,,,,,,,,,,,,,,,,,,,,,,,,,,,,,,,,,,,,,,,,,,,,,,,,,,,,,,,,,,,,,,,,,,,,,,,,,,,,,,,,,,,,,,,,,,,,,,,,,,,,,,,,,"{""type"":""Point"",""coordinates"":[13.6654594,46.6994021]}"
Feature,node/13042607706,,,,,,,Spezialbikes,,,,,,,bicycle,,node/13042607706,,,,,,,,,,,,,,,,,,,,,,,,,,,,,,,,,,,,,,,,,,,,,,,,,,,,,,,,,,,,,,,,,,,,,,,,,,,,,,,,,,,,,,,,,,,,,,,,,,,,,,,,,,,,,,,,,,,,,,,,,,,,,,,,,,,,,,,,,,,,,,,,,,,,,,,,,,,,,,,,,,,,,,,,,,,,,,,"{""type"":""Point"",""coordinates"":[13.800898,47.9180927]}"
Feature,node/13180252978,,6,,Roseggerstraße,2025-09-29,,re.use Bruck,Mo-Th 08:00-16:00; Fr 08:00-15:30; Sa-Su off,,,,,,bicycle,,node/13180252978,,,,,,,,,,,,,,,,,,,,,,,,,,,,,,,,,,,,,,,,,,,,,,,,,,,,,,,,,,,,,,,,,,,,,,,,,,,,,,,,,,,,,,,,,,,,,,,,,,,,,,,,,,,,,,,,,,,,,,,,,,,,,,,,,,,,,,,,,,,,,,,,,,,,,,,,,,,,,,,,,,,,,,,,,,,,,,,"{""type"":""Point"",""coordinates"":[15.2707884,47.4095909]}"
Feature,node/13189513086,Niederndorf,40,6342,Dorf,,,Bike Quadrat,,,,,,,bicycle,https://www.bikequadrat.at,node/13189513086,,,,,,,,,,,,,,,,,,,,,,,,,,,,,,,,,,,,,,,,,,,,,,,,,,,,,,Pivot;Mondraker;BMC;Scor;Moustache;Norco;Lapierre;Ridley,,,,,,,,,,,,,,,,,,,,,,,,,,,,,,,,,,,,,,,,,,,,,,,,,,,,,,,,,,,,,,,,,,,,,,,,,,,,,,,,,,,,,,,,,,,,,,,,,,,,,,,,,,,,,,,,,,,,,,,,,"{""type"":""Point"",""coordinates"":[12.2164068,47.6500547]}"
Feature,node/13194284075,,,,,,,Bikepalast,"Tu-Fr 09:00-13:00,15:00-18:00; Sa 09:00-12:00; Mo,Su,PH off",BP Sporthandel Zillertal KG,,,,,bicycle,,node/13194284075,,,,,,,,,,,,,,,,,,,zillertal@bikepalast.com,,1,,,,,,,,,,+43 5288 64733,,,,,,,,,,,,,https://www.bikepalast.com/,,,,,,,,,,,,,,,,,,,,,,,,,,,,,,,,,,,,,,,,,,,,,,,,,,,,,,,,,,,,,,,,,,,,,,,,,,,,,,,,,,,,,,,,,,,,,,,,,,,,,,,,,,,,,,,,,,,,,,,,,,,,,,,,,,,"{""type"":""Point"",""coordinates"":[11.8326509,47.3818212]}"
Feature,node/13264577761,Kaindorf an der Sulm,1,8430,Grottenhof,,imweinlandaktiv@gmail.com,Rent an eBike,,Ruhri KG,,,,,bicycle,https://www.ebike-suedsteiermark.at/,node/13264577761,,,,,,,,,,,,,yes,,,,,,,,,,,,,,,,,,,,yes,,,,,,,,,,,,,,,,,,,,,,,,,,,,,,,,,,,,,,,,,,,,,,,,,,,,yes,,,,,,,,,,,,,,,,,,,,,,,,,,,,,,,,,,,,,,,,,,,,,,,,,,,,,,,,,,,,,,,,,,,,,,,,,,,,,,,,50,public,,,,,,,,,"{""type"":""Point"",""coordinates"":[15.5265077,46.7954759]}"
Feature,node/13265778475,Wels,67a,4600,Dragonerstraße,,,Multicycle Wels,Di-Fr 10:00-18:30,,+43 720 779900038,,,,bicycle,,node/13265778475,,,,,,,,,,,,,,,,,,,,,0,,,,,,,,,,,,,,,,,,,,,,,,,,,,,,,,,,,,,,,,,,,,,,,,,,,,,,,,,,,,,,,,,,,,,,,,,,,,,,,,,,,,,,,,,,,,,,,,,,,,,,,,,,,,,,,,,,,,,,,,,,,,,,,,,,,,,,,,,,,,,,,,,,,,,,,,,,"{""type"":""Point"",""coordinates"":[14.0073048,48.1539641]}"
Feature,node/13285444241,Rohrbach-Berg,1,4150,Linzer Straße,,,Fair-Prize - House of Bikes,,,,,,,bicycle,,node/13285444241,,,,,,,,,,,,,,,,,,,,,,,,,,,,,,,,,,,,,,,,,,,,,,,,,,,,,,,,,,,,,,,,,,,,,,,,,,,,,,,,,,,,,,,,,,,,,,,,,,,,,,,,,,,,,,,,,,,,,,,,,,,,,,,,,,,,,,,,,,,,,,,,,,,,,,,,,,,,,,,,,,,,,,,,,,,,,,,"{""type"":""Point"",""coordinates"":[13.9932726,48.5711775]}"
Feature,node/13293463079,Leonding,2,4060,Klimtstraße,,office@emoc.at,emoc Fahrrad & E-Bike,,,+43 664 4807272,yes,yes,yes,bicycle,https://www.emoc.at/,node/13293463079,,yes,,,yes,yes,,yes,,yes,,,,,,,,,,,,yes,,,,,,,,,,,,,,"Service, Fahrrad und E-Bike Verleih, Reparatur, Zubehör",,,,,,,,,,,,,,,,,,,,,,,,,,,,,,,,,,,,,,,,,,,,,,,,,,,,,,,,,,,,,,,,,,,,,,,,,,,,,,,,,,,,,,,,,,,,,,,,,,,,,,,,,,,,,,,,,,,,,,,,,,,,,,,,,,,,,,,,,,,"{""type"":""Point"",""coordinates"":[14.2796567,48.2803873]}"
Feature,node/13294461258,Wien,68,1120,Längenfeldgasse,,office@26zoll.at,26Zoll,"Tu-Fr 10:00-13:00,14:00-18:00; Sa 11:00-15:00; Su,PH off",,+43 660 6401003,,,yes,bicycle,https://26zoll.at/,node/13294461258,,yes,yes,,,,,,,,,,,,no,no,,,,,,,,,,,,,no,,,,,,,,,,,,,,,,,,,,,,,,,,,,,,,,,,,,,,,,,,,,,,,,,,,,,,,,,,,,,,,,,,,,,,,,,9,,,,2A,,,,,,,,,,,,,,,,,,,,,,,,,,,,,,,,,,,,,,,,,,,,,,,,,,,,,,,,,,,,,,,,,,,,,"{""type"":""Point"",""coordinates"":[16.3404376,48.1779438]}"
Feature,node/13330545313,Ötztal-Bahnhof,21,6430,Ötztaler Höhe,,,Bike Store - xDreamlite,Tuesday 10 am–12 pm 2–5 pm  Wednesday 10 am–12 pm 2–5 pm  Thursday 10 am–12 pm 2–5 pm  Friday 10 am–12 pm 2–5 pm  Saturday Closed  Sunday Closed  Monday 10 am–12 pm 2–5 pm,,+43526687228,,,,bicycle,https://www.xdreamlite.com/,node/13330545313,,,,AT,,,,,,,,,,,,,,,,,,,,,,,,,,,,,,,,,,,,,,,,,,,,,,,,,,,,,,,,,,,,,,,,,,,,,,,,,,,,,,,,,,,,,,,,,,,,,,,,,,,,,,,,,,,,,,,,,,,,,,,,,,,,,,,,,,,,,,,,,,,,,,,,,,,,,,,,,,,,,,,,,,,,,,,,,,,"{""type"":""Point"",""coordinates"":[10.8577692,47.2293425]}"
Feature,node/13363258336,,,,,,,emb.bike,"Mo-Fr 09:00-12:00,14:00-18:00",,,,,yes,bicycle,,node/13363258336,,yes,,,,,,,,,,,,,,yes,,,,,,,,,,,,,,,,,,,,,,,,,,,,,,,,,,,,,,,,,,,,,,,,,,,,,,,,,,,,,,,,,,,,,,,,,,,,,,,,,,,,,,,,,,,,,,,,,,,,,,,,,,,,,,,,,,,,,,,,,,,,,,,,,,,,,,,,,,,,,,,,,,,,,,,,,,,,,,,"{""type"":""Point"",""coordinates"":[15.292914,47.4440627]}"
Feature,node/13411137143,Wien,31a,1090,Porzellangasse,,,Veloversum,,,,,,,bicycle,,node/13411137143,,,,,,,,,,,,,,,,,,,,,,,,,,,,,,,,,,,,,,,,,,,,,,,,,,,,,,,,,,,,,,,,,,,,,,,,,,,,,,,,,,,,,,,,,,,,,,,,,,,,,,,,,,,,,,,,,,,,,,,,,,,,,,,,,,,,,,,,,,,,,,,,,,,,,,,,,,,,,,,,,,,,,,,,,,,,,,,"{""type"":""Point"",""coordinates"":[16.3605902,48.2212282]}"
Feature,node/13421908303,,78,,Linke Wienzeile,2025-12-31,werkstatt1060@apexcycling.at,Apex Cycling,"Mo,Su,PH off; Tu-Fr 10:00-18:30; Sa 09:00-16:30; Jan 01-06,Dec 24-31 off",Martin Zeiler Handels GmbH,+43 1 5814673,,,yes,bicycle,https://apexcycling.at/,node/13421908303,,,,,,,,,,,,,,,,,,,,,-0.5,,,,,,,,,,,-0.5,,,,,,,,,,,,,,,,,,,,,,Apex Cycling,,,,,,,,,,,,,,,,,,,,,,,apexcycling1060,apexcycling1060,,,,,,,,,,,,,,,,,,,,,,,,,,,,,,,,,,,ATU67109309,,,,,,,,,,,,,,,,,,,,,,,,,,,,,,,,,,,,,,,,,,,Am Naschmarkt (Werkstatt),,,,,,,,,,,,,,,,,,,"{""type"":""Point"",""coordinates"":[16.354235,48.1957742]}"
Feature,node/13446020943,Wien,100,1160,Hasnerstraße,,,zur Schraubendreherin,Mo 10:00-18:00 Di 08:00-11:00 16:00-19:00 Mi 12:00-18:00 Do 10:00-18:00,,,,,yes,bicycle,,node/13446020943,,,,,,,,,,,,,,,,,,,,,,,,,,,,,,,,,,,,,,,,,,,,,,,,,,,,,,,,,,,,,,,,,,,,,,,,,,,,,,,,,,,,,,,,,,,,,,,,,,,,,,,,,,,,,,,,,,,,,,,,,,,,,,,,,,,,,,,,,,,,,,,,,,,,,,,,,,,,,,,,,,,,,,,,,,,,,,,"{""type"":""Point"",""coordinates"":[16.3324343,48.2083301]}"
Feature,node/13572795302,,2,5020,Eberhard-Fugger-Straße,,werkstatt@bergspezl-rad.at,Bergspezl Salzburg Stadt - Werkstatt,Mo-Fr 09:00-18:00; Sa 09:00-13:00,,+43662642555,,,yes,bicycle,https://bergspezl.at/werkstatt-service/fahrradwerkstatt/,node/13572795302,,no,,,,,,,,,,,yes,yes,yes,yes,,,,,0,,,,,,,,,,,,,,,,,,,,,,,,,,,,,,,,,,,,,,,,,,,,,,,,,,,,,,,,,,,,,,,,,,,,,,,,,,,,,,,,,,,,,,,,,,,,,,,,,,,,,,,,,,,,,,,,,,,,,,,,,,1,,,,,,,,,,,,,,,,,,,,,,,,,,,,,,,,"{""type"":""Point"",""coordinates"":[13.067236,47.8022581]}"
Feature,node/13629260843,,,,,,,Bike Feeling,,,,,,,bicycle,,node/13629260843,,,,,,,,,,,,,,,,,,,,,,,,,,,,,,,,,,,,,,,,,,,,,,,,,,,,,,,,,,,,,,,,,,,,,,,,,,,,,,,,,,,,,,,,,,,,,,,,,,,,,,,,,,,,,,,,,,,,,,,,,,,,,,,,,,,,,,,,,,,,,,,,,,,,,,,,,,,,,,,,,,,,,,,,,,,,,,,"{""type"":""Point"",""coordinates"":[14.2930187,48.2996571]}"
Feature,node/13641446422,Innsbruck,1,6020,Amraser Straße,,info@bike-klinik.com,Bike Klinik,Mo-Do 11:00-13:00 16:00-18:00 Fr 13:00-15:00,,+43 681 81305102,,,yes,bicycle,,node/13641446422,,,,,,,,,,,,,,,,,,,,,,,,,,,,,,,,,,,,,,,,,,,,,,,,,,,,,,,,,,,,,,,,,,,,,,,,,,,,,,,,,,,,,,,,,,,,,,,,,,,,,,,,,,,,,,,,,,,,,,,,,,,,,,,,,,,,,,,,,,,,,,,,,,,,,,,,,,,,,,,,,,,,,,,,,,,,,,,"{""type"":""Point"",""coordinates"":[11.4039836,47.2652144]}"
Feature,node/13652443770,,71,,Am Ölberg,,,BikeBurg,Mo-Fr 10:00-17:00,,,,,yes,bicycle,https://bikeburg.at,node/13652443770,,,,,,,,,,,,,,,,,,,,,,,,,,,,,,,,,,,,,,,,,,,,,,,,,,,,,,,,,,,,,,,,,,,,,,,,,,,,,,,,,,,,,,,,,,,,,,,,,,,,,,,,,,,,,,,,,,,,,,,,,,,,,,,,,,,,,,,,,,,,,,,,,,,,,,,,,,,,,,,,,,,,,,,,,,,,,,,"{""type"":""Point"",""coordinates"":[16.299123,48.3127023]}"
Feature,node/13652677950,,,,,,,,,,,,,,bicycle,,node/13652677950,,,,,,,,,,,,,,,,,,,,,,,,,,,,,,,,,,,,,,,,,,,,,,,,,,,,,,,,,,,,,,,,,,,,,,,,,,,,,,,,,,,,,,,,,,,,,,,,,,,,,,,,,,,,,,,,,,,,,,,,,,,,,,,,,,,,,,,,,,,,,,,,,,,,,,,,,,,,,,,,,,,,,,,,,,,,,,,"{""type"":""Point"",""coordinates"":[16.3552368,48.1892933]}"
Feature,node/13661524623,Hart bei Graz,4,8075,Johann Kamper-Ring,,office@huegellandrad.at,Hügellandrad,,,+43 664 99003636,yes,yes,yes,bicycle,https://www.huegellandrad.at/,node/13661524623,,,,,yes,yes,,yes,yes,yes,yes,,,,yes,,,,,,0,,,,,,,,,,,,,,,,,,,,yes,yes,yes,,,,,,,,,,,,,,,,,,,,,,,,,,,,,,,,,,https://www.facebook.com/huegellandrad,https://www.instagram.com/huegellandrad,,,,,,,,,,,,,,,,,,,,,,,,,,,,,,,,,,,,,,,,,,,,,,,,,,,,,,,,,,,,,,,,,,,,,,,,,,,,,,,,,,,,,,,,,,,,,,,,,"{""type"":""Point"",""coordinates"":[15.5193849,47.0440094]}"
Feature,node/13673609441,,,,,,wintersdorf@popaflo.at,,,,+43 7211 20900,,,,bicycle,https://www.popaflo.at/,node/13673609441,,,,,,,,,,,,,,,,,bicycle_rental,,,,,yes,,,,,,,,,,,yes,,,,,,,,,,,,,,,,,,,,,,,,,,,,,,,,,,,,,,,,,,,,,,,,,,,,yes,,,,,,,,,,,,,,,,,,,,,,,,,,,,,,,,,,,,,,,,,,,,,,,,,,,,,,,,,,,,,,,bike_helmet;city_bike;ebike;kid_bike;mtb;racebike;tandem,,,,,,,,,,,,,,,,,,,shop,no,,,,,,,"{""type"":""Point"",""coordinates"":[14.3969661,48.4331751]}"
Feature,node/13673722466,,,,,,service@suspensionfactory.at,Suspension Factory Linz,Mo-Th 07:00-16:00; Fr 07:00-13:00; PH open,,+43 664 4552985,,,yes,bicycle,https://www.suspensionfactory.at/,node/13673722466,,,no,,,no,,,,,,,,,yes,,,,,,,no,,,,,,,yes,,,,yes,,,,,,,,,,,,,,,,,,,,,,,,,,,,,,,,,,,,,,,,,,,,,,,,,,,,yes,,,,,,,,,,,,,,yes,,,,,,,,,,,,,,,wlan,,,,,,,,,,,,,,,,,,,,,,,,,,,,,,,,,yes,,no,,,,,,,,,customers,no,yes,,,,,,,,yes,no,yes,yes,yes,yes,seated,"{""type"":""Point"",""coordinates"":[14.4051146,48.3390147]}"
Feature,node/13705683950,,,,,,,Bike Klinik,,,,,,,bicycle,,node/13705683950,,,,,,,,,,,,,,,,,,,,,,,,,,,,,,,,,,,,,,,,,,,,,,,,,,,,,,,,,,,,,,,,,,,,,,,,,,,,,,,,,,,,,,,,,,,,,,,,,,,,,,,,,,,,,,,,,,,,,,,,,,,,,,,,,,,,,,,,,,,,,,,,,,,,,,,,,,,,,,,,,,,,,,,,,,,,,,,"{""type"":""Point"",""coordinates"":[12.3188575,47.441049]}"
Feature,node/13730723101,,22,1040,Favoritenstraße,,info@scooterdoc.at,SCOOTERDOC,Mo-Fr 13:00-18:00; Sa 10:00-15:00,,+4366499829292,,,,bicycle,https://scooterdoc.at/,node/13730723101,,,,,,,,,,,,,,,,,,,,,,,,,,,,,,,,,,,,,,,,,,,,,,,,,,,,,,,,,,,,,,,,,,,,,,,,,,,,,scooterdoc.at,scooterdoc.at,,,,,,,,,,,,,,,,,,,,,,,,,,,,,,,,,,,,,,,,,,,,,,,,,,,,,,,,,,,,,,,,,,,,,,,,,,,,,,,,,,,,,,,,,,,,,,,,,"{""type"":""Point"",""coordinates"":[16.3702319,48.1936746]}"
Feature,node/13745618928,Saalfelden am Steinernen Meer,14,5760,Lofererstraße,,,Ripper Bike Studio,"Mo-Fr 09:00-12:00, 15:00-18:00; Sa 09:00-12:00",,,,,,bicycle,https://ripperbikestudio.com/kontakt/,node/13745618928,,,,AT,,,,,,,,,,,,,,,info@ripperbikestudio.com,,,,,,,,,,,,,,,,,,,,,,,,,,,,,,,,,,,,,,,,,,,,,,,,,,,,,,,,,,,,+43 660 198 8033,,,,,,,,,,,,,,,,,,,,,,,,,,,,,,,,,,,,,,,,,,,,,,,,,,,,,,,,,,,,,,,,,,,,,,,,,,,,,,,,,,,,,,,,,,,,,,,,"{""type"":""Point"",""coordinates"":[12.8490882,47.4259114]}"
Feature,node/13758029599,,,,,,,,,,,,,,bicycle,,node/13758029599,,,,,,,,,,,,,,,,,,,,,,,,,,,,,,,,,,,,,,,,,,,,,,,,,,,,,,,,,,,,,,,,,,,,,,,,,,,,,,,,,,,,,,,,,,,,,,,,,,,,,,,,,,,,,,,,,,,,,,,,,,,,,,,,,,,,,,,,,,,,,,,,,,,,,,,,,,,,,,,,,,,,,,,,,,,,,,,"{""type"":""Point"",""coordinates"":[14.4034405,46.9529658]}"
